ISO-10303-21;
HEADER;
/* Generated by software containing ST-Developer
 * from STEP Tools, Inc. (www.steptools.com) 
 */

FILE_DESCRIPTION(
/* description */ (''),
/* implementation_level */ '2;1');

FILE_NAME(
/* name */ 'Transmitter.step',
/* time_stamp */ '2026-09-06T15:47:36-07:00',
/* author */ (''),
/* organization */ (''),
/* preprocessor_version */ 'ST-DEVELOPER v20.1',
/* originating_system */ 'Autodesk Translation Framework v15.8.0.0',
/* authorisation */ '');

FILE_SCHEMA (('AUTOMOTIVE_DESIGN { 1 0 10303 214 3 1 1 }'));
ENDSEC;

DATA;
#10=MECHANICAL_DESIGN_GEOMETRIC_PRESENTATION_REPRESENTATION('',(#114,#115,
#116,#117,#118,#119,#120,#121),#13217);
#11=SHAPE_REPRESENTATION_RELATIONSHIP('SRR','None',#13223,#12);
#12=ADVANCED_BREP_SHAPE_REPRESENTATION('',(#122,#123,#124,#125,#126,#127,
#128,#129),#13216);
#13=CONICAL_SURFACE('',#8349,3.17090859542938,0.785398163397455);
#14=B_SPLINE_SURFACE_WITH_KNOTS('',3,1,((#11435,#11436),(#11437,#11438),
(#11439,#11440),(#11441,#11442),(#11443,#11444)),.UNSPECIFIED.,.F.,.F.,
 .F.,(4,1,4),(2,2),(0.,0.0458941376702299,0.0896309663520233),(0.,0.04),
 .UNSPECIFIED.);
#15=B_SPLINE_SURFACE_WITH_KNOTS('',3,1,((#11461,#11462),(#11463,#11464),
(#11465,#11466),(#11467,#11468),(#11469,#11470)),.UNSPECIFIED.,.F.,.F.,
 .F.,(4,1,4),(2,2),(0.,0.0433081727860403,0.0890826922698724),(0.,0.04),
 .UNSPECIFIED.);
#16=B_SPLINE_SURFACE_WITH_KNOTS('',3,1,((#11484,#11485),(#11486,#11487),
(#11488,#11489),(#11490,#11491),(#11492,#11493)),.UNSPECIFIED.,.F.,.F.,
 .F.,(4,1,4),(2,2),(0.,0.0604986823851461,0.10869714078657),(0.,0.04),
 .UNSPECIFIED.);
#17=B_SPLINE_SURFACE_WITH_KNOTS('',3,1,((#11507,#11508),(#11509,#11510),
(#11511,#11512),(#11513,#11514),(#11515,#11516)),.UNSPECIFIED.,.F.,.F.,
 .F.,(4,1,4),(2,2),(0.,0.0492998067223232,0.110670038177127),(0.,0.04),
 .UNSPECIFIED.);
#18=B_SPLINE_SURFACE_WITH_KNOTS('',3,1,((#11530,#11531),(#11532,#11533),
(#11534,#11535),(#11536,#11537),(#11538,#11539)),.UNSPECIFIED.,.F.,.F.,
 .F.,(4,1,4),(2,2),(0.,0.044815208050603,0.0887112279349287),(0.,0.04),
 .UNSPECIFIED.);
#19=B_SPLINE_SURFACE_WITH_KNOTS('',3,1,((#11553,#11554),(#11555,#11556),
(#11557,#11558),(#11559,#11560),(#11561,#11562)),.UNSPECIFIED.,.F.,.F.,
 .F.,(4,1,4),(2,2),(0.,0.0442645379088466,0.0891933405922797),(0.,0.04),
 .UNSPECIFIED.);
#20=B_SPLINE_SURFACE_WITH_KNOTS('',3,1,((#11576,#11577),(#11578,#11579),
(#11580,#11581),(#11582,#11583),(#11584,#11585)),.UNSPECIFIED.,.F.,.F.,
 .F.,(4,1,4),(2,2),(0.,0.0602333301745247,0.109498637297545),(0.,0.04),
 .UNSPECIFIED.);
#21=B_SPLINE_SURFACE_WITH_KNOTS('',3,1,((#11599,#11600),(#11601,#11602),
(#11603,#11604),(#11605,#11606),(#11607,#11608)),.UNSPECIFIED.,.F.,.F.,
 .F.,(4,1,4),(2,2),(0.,0.0486738243416843,0.109489855164359),(0.,0.04),
 .UNSPECIFIED.);
#22=B_SPLINE_SURFACE_WITH_KNOTS('',3,1,((#11619,#11620),(#11621,#11622),
(#11623,#11624),(#11625,#11626),(#11627,#11628)),.UNSPECIFIED.,.F.,.F.,
 .F.,(4,1,4),(2,2),(0.,0.0812299644901506,0.155297767021845),(0.,0.04),
 .UNSPECIFIED.);
#23=B_SPLINE_SURFACE_WITH_KNOTS('',3,1,((#11638,#11639),(#11640,#11641),
(#11642,#11643),(#11644,#11645),(#11646,#11647)),.UNSPECIFIED.,.F.,.F.,
 .F.,(4,1,4),(2,2),(0.,0.0739537239146884,0.154388335826911),(0.,0.04),
 .UNSPECIFIED.);
#24=B_SPLINE_SURFACE_WITH_KNOTS('',3,1,((#11655,#11656),(#11657,#11658),
(#11659,#11660),(#11661,#11662),(#11663,#11664)),.UNSPECIFIED.,.F.,.F.,
 .F.,(4,1,4),(2,2),(0.,0.0873214342182695,0.16358975931152),(0.,0.04),
 .UNSPECIFIED.);
#25=B_SPLINE_SURFACE_WITH_KNOTS('',3,1,((#11672,#11673),(#11674,#11675),
(#11676,#11677),(#11678,#11679),(#11680,#11681)),.UNSPECIFIED.,.F.,.F.,
 .F.,(4,1,4),(2,2),(0.,0.0766899547432236,0.164667442055837),(0.,0.04),
 .UNSPECIFIED.);
#26=B_SPLINE_SURFACE_WITH_KNOTS('',3,1,((#11689,#11690),(#11691,#11692),
(#11693,#11694),(#11695,#11696),(#11697,#11698)),.UNSPECIFIED.,.F.,.F.,
 .F.,(4,1,4),(2,2),(0.,0.0807429063934316,0.155065609416258),(0.,0.04),
 .UNSPECIFIED.);
#27=B_SPLINE_SURFACE_WITH_KNOTS('',3,1,((#11706,#11707),(#11708,#11709),
(#11710,#11711),(#11712,#11713),(#11714,#11715)),.UNSPECIFIED.,.F.,.F.,
 .F.,(4,1,4),(2,2),(0.,0.0419592252003276,0.0881045860458273),(0.,0.04),
 .UNSPECIFIED.);
#28=B_SPLINE_SURFACE_WITH_KNOTS('',3,1,((#11723,#11724),(#11725,#11726),
(#11727,#11728),(#11729,#11730),(#11731,#11732)),.UNSPECIFIED.,.F.,.F.,
 .F.,(4,1,4),(2,2),(0.,0.0325358541821866,0.0633409699389359),(0.,0.04),
 .UNSPECIFIED.);
#29=B_SPLINE_SURFACE_WITH_KNOTS('',3,1,((#11740,#11741),(#11742,#11743),
(#11744,#11745),(#11746,#11747),(#11748,#11749)),.UNSPECIFIED.,.F.,.F.,
 .F.,(4,1,4),(2,2),(0.,0.0331767827978956,0.0665544866451745),(0.,0.04),
 .UNSPECIFIED.);
#30=B_SPLINE_SURFACE_WITH_KNOTS('',3,1,((#11757,#11758),(#11759,#11760),
(#11761,#11762),(#11763,#11764),(#11765,#11766)),.UNSPECIFIED.,.F.,.F.,
 .F.,(4,1,4),(2,2),(0.,0.0563928571150212,0.104761511736003),(0.,0.04),
 .UNSPECIFIED.);
#31=B_SPLINE_SURFACE_WITH_KNOTS('',3,1,((#11774,#11775),(#11776,#11777),
(#11778,#11779),(#11780,#11781),(#11782,#11783)),.UNSPECIFIED.,.F.,.F.,
 .F.,(4,1,4),(2,2),(0.,0.0758020729770025,0.162044748278549),(0.,0.04),
 .UNSPECIFIED.);
#32=B_SPLINE_SURFACE_WITH_KNOTS('',3,1,((#11823,#11824),(#11825,#11826),
(#11827,#11828),(#11829,#11830),(#11831,#11832)),.UNSPECIFIED.,.F.,.F.,
 .F.,(4,1,4),(2,2),(0.,0.0429764915369359,0.101945561904646),(0.,0.04),
 .UNSPECIFIED.);
#33=B_SPLINE_SURFACE_WITH_KNOTS('',3,1,((#11842,#11843),(#11844,#11845),
(#11846,#11847),(#11848,#11849),(#11850,#11851)),.UNSPECIFIED.,.F.,.F.,
 .F.,(4,1,4),(2,2),(0.,0.0259286885763456,0.0501115949034199),(0.,0.04),
 .UNSPECIFIED.);
#34=B_SPLINE_SURFACE_WITH_KNOTS('',3,1,((#11859,#11860),(#11861,#11862),
(#11863,#11864),(#11865,#11866),(#11867,#11868)),.UNSPECIFIED.,.F.,.F.,
 .F.,(4,1,4),(2,2),(0.,0.0305560833171142,0.0584706675572882),(0.,0.04),
 .UNSPECIFIED.);
#35=B_SPLINE_SURFACE_WITH_KNOTS('',3,1,((#11876,#11877),(#11878,#11879),
(#11880,#11881),(#11882,#11883),(#11884,#11885)),.UNSPECIFIED.,.F.,.F.,
 .F.,(4,1,4),(2,2),(0.,0.050483679808216,0.0883360157558346),(0.,0.04),
 .UNSPECIFIED.);
#36=B_SPLINE_SURFACE_WITH_KNOTS('',3,1,((#11893,#11894),(#11895,#11896),
(#11897,#11898),(#11899,#11900),(#11901,#11902)),.UNSPECIFIED.,.F.,.F.,
 .F.,(4,1,4),(2,2),(0.,0.0351693659647871,0.0782505488856899),(0.,0.04),
 .UNSPECIFIED.);
#37=B_SPLINE_SURFACE_WITH_KNOTS('',3,1,((#11910,#11911),(#11912,#11913),
(#11914,#11915),(#11916,#11917),(#11918,#11919)),.UNSPECIFIED.,.F.,.F.,
 .F.,(4,1,4),(2,2),(0.,0.0275846654478518,0.0576606258451055),(0.,0.04),
 .UNSPECIFIED.);
#38=B_SPLINE_SURFACE_WITH_KNOTS('',3,1,((#11927,#11928),(#11929,#11930),
(#11931,#11932),(#11933,#11934),(#11935,#11936)),.UNSPECIFIED.,.F.,.F.,
 .F.,(4,1,4),(2,2),(0.,0.0289592537042691,0.0561471679450675),(0.,0.04),
 .UNSPECIFIED.);
#39=B_SPLINE_SURFACE_WITH_KNOTS('',3,1,((#11944,#11945),(#11946,#11947),
(#11948,#11949),(#11950,#11951),(#11952,#11953)),.UNSPECIFIED.,.F.,.F.,
 .F.,(4,1,4),(2,2),(0.,0.0614815811526205,0.102093424067843),(0.,0.04),
 .UNSPECIFIED.);
#40=B_SPLINE_SURFACE_WITH_KNOTS('',3,1,((#11973,#11974),(#11975,#11976),
(#11977,#11978),(#11979,#11980),(#11981,#11982)),.UNSPECIFIED.,.F.,.F.,
 .F.,(4,1,4),(2,2),(0.,0.027346608654418,0.0680793187044032),(0.,0.04),
 .UNSPECIFIED.);
#41=B_SPLINE_SURFACE_WITH_KNOTS('',3,1,((#11990,#11991),(#11992,#11993),
(#11994,#11995),(#11996,#11997),(#11998,#11999)),.UNSPECIFIED.,.F.,.F.,
 .F.,(4,1,4),(2,2),(0.,0.0209908545527863,0.0411178138240828),(0.,0.04),
 .UNSPECIFIED.);
#42=B_SPLINE_SURFACE_WITH_KNOTS('',3,1,((#12007,#12008),(#12009,#12010),
(#12011,#12012),(#12013,#12014),(#12015,#12016)),.UNSPECIFIED.,.F.,.F.,
 .F.,(4,1,4),(2,2),(0.,0.0303540258978422,0.0544703458448736),(0.,0.04),
 .UNSPECIFIED.);
#43=B_SPLINE_SURFACE_WITH_KNOTS('',3,1,((#12024,#12025),(#12026,#12027),
(#12028,#12029),(#12030,#12031),(#12032,#12033)),.UNSPECIFIED.,.F.,.F.,
 .F.,(4,1,4),(2,2),(0.,0.0256424670143229,0.0561224290766386),(0.,0.04),
 .UNSPECIFIED.);
#44=B_SPLINE_SURFACE_WITH_KNOTS('',3,1,((#12041,#12042),(#12043,#12044),
(#12045,#12046),(#12047,#12048),(#12049,#12050)),.UNSPECIFIED.,.F.,.F.,
 .F.,(4,1,4),(2,2),(0.,0.0238073850218213,0.0473170157187909),(0.,0.04),
 .UNSPECIFIED.);
#45=B_SPLINE_SURFACE_WITH_KNOTS('',3,1,((#12058,#12059),(#12060,#12061),
(#12062,#12063),(#12064,#12065),(#12066,#12067)),.UNSPECIFIED.,.F.,.F.,
 .F.,(4,1,4),(2,2),(0.,0.0425032158736498,0.066959018235133),(0.,0.04),
 .UNSPECIFIED.);
#46=B_SPLINE_CURVE_WITH_KNOTS('',3,(#11096,#11097,#11098,#11099,#11100),
 .UNSPECIFIED.,.F.,.F.,(4,1,4),(0.,0.0812299644901506,0.155297767021845),
 .UNSPECIFIED.);
#47=B_SPLINE_CURVE_WITH_KNOTS('',3,(#11102,#11103,#11104,#11105,#11106),
 .UNSPECIFIED.,.F.,.F.,(4,1,4),(0.,0.0758020729770025,0.162044748278549),
 .UNSPECIFIED.);
#48=B_SPLINE_CURVE_WITH_KNOTS('',3,(#11108,#11109,#11110,#11111,#11112),
 .UNSPECIFIED.,.F.,.F.,(4,1,4),(0.,0.0563928571150212,0.104761511736003),
 .UNSPECIFIED.);
#49=B_SPLINE_CURVE_WITH_KNOTS('',3,(#11114,#11115,#11116,#11117,#11118),
 .UNSPECIFIED.,.F.,.F.,(4,1,4),(0.,0.0331767827978956,0.0665544866451745),
 .UNSPECIFIED.);
#50=B_SPLINE_CURVE_WITH_KNOTS('',3,(#11120,#11121,#11122,#11123,#11124),
 .UNSPECIFIED.,.F.,.F.,(4,1,4),(0.,0.0325358541821866,0.0633409699389359),
 .UNSPECIFIED.);
#51=B_SPLINE_CURVE_WITH_KNOTS('',3,(#11126,#11127,#11128,#11129,#11130),
 .UNSPECIFIED.,.F.,.F.,(4,1,4),(0.,0.0419592252003276,0.0881045860458273),
 .UNSPECIFIED.);
#52=B_SPLINE_CURVE_WITH_KNOTS('',3,(#11132,#11133,#11134,#11135,#11136),
 .UNSPECIFIED.,.F.,.F.,(4,1,4),(0.,0.0807429063934316,0.155065609416258),
 .UNSPECIFIED.);
#53=B_SPLINE_CURVE_WITH_KNOTS('',3,(#11138,#11139,#11140,#11141,#11142),
 .UNSPECIFIED.,.F.,.F.,(4,1,4),(0.,0.0766899547432236,0.164667442055837),
 .UNSPECIFIED.);
#54=B_SPLINE_CURVE_WITH_KNOTS('',3,(#11144,#11145,#11146,#11147,#11148),
 .UNSPECIFIED.,.F.,.F.,(4,1,4),(0.,0.0873214342182695,0.16358975931152),
 .UNSPECIFIED.);
#55=B_SPLINE_CURVE_WITH_KNOTS('',3,(#11149,#11150,#11151,#11152,#11153),
 .UNSPECIFIED.,.F.,.F.,(4,1,4),(0.,0.0739537239146884,0.154388335826911),
 .UNSPECIFIED.);
#56=B_SPLINE_CURVE_WITH_KNOTS('',3,(#11172,#11173,#11174,#11175,#11176),
 .UNSPECIFIED.,.F.,.F.,(4,1,4),(0.,0.0429764915369359,0.101945561904646),
 .UNSPECIFIED.);
#57=B_SPLINE_CURVE_WITH_KNOTS('',3,(#11184,#11185,#11186,#11187,#11188),
 .UNSPECIFIED.,.F.,.F.,(4,1,4),(0.,0.0425032158736498,0.066959018235133),
 .UNSPECIFIED.);
#58=B_SPLINE_CURVE_WITH_KNOTS('',3,(#11190,#11191,#11192,#11193,#11194),
 .UNSPECIFIED.,.F.,.F.,(4,1,4),(0.,0.0238073850218213,0.0473170157187909),
 .UNSPECIFIED.);
#59=B_SPLINE_CURVE_WITH_KNOTS('',3,(#11196,#11197,#11198,#11199,#11200),
 .UNSPECIFIED.,.F.,.F.,(4,1,4),(0.,0.0256424670143229,0.0561224290766386),
 .UNSPECIFIED.);
#60=B_SPLINE_CURVE_WITH_KNOTS('',3,(#11202,#11203,#11204,#11205,#11206),
 .UNSPECIFIED.,.F.,.F.,(4,1,4),(0.,0.0303540258978422,0.0544703458448736),
 .UNSPECIFIED.);
#61=B_SPLINE_CURVE_WITH_KNOTS('',3,(#11208,#11209,#11210,#11211,#11212),
 .UNSPECIFIED.,.F.,.F.,(4,1,4),(0.,0.0209908545527863,0.0411178138240828),
 .UNSPECIFIED.);
#62=B_SPLINE_CURVE_WITH_KNOTS('',3,(#11214,#11215,#11216,#11217,#11218),
 .UNSPECIFIED.,.F.,.F.,(4,1,4),(0.,0.027346608654418,0.0680793187044032),
 .UNSPECIFIED.);
#63=B_SPLINE_CURVE_WITH_KNOTS('',3,(#11226,#11227,#11228,#11229,#11230),
 .UNSPECIFIED.,.F.,.F.,(4,1,4),(0.,0.0614815811526205,0.102093424067843),
 .UNSPECIFIED.);
#64=B_SPLINE_CURVE_WITH_KNOTS('',3,(#11232,#11233,#11234,#11235,#11236),
 .UNSPECIFIED.,.F.,.F.,(4,1,4),(0.,0.0289592537042691,0.0561471679450675),
 .UNSPECIFIED.);
#65=B_SPLINE_CURVE_WITH_KNOTS('',3,(#11238,#11239,#11240,#11241,#11242),
 .UNSPECIFIED.,.F.,.F.,(4,1,4),(0.,0.0275846654478518,0.0576606258451055),
 .UNSPECIFIED.);
#66=B_SPLINE_CURVE_WITH_KNOTS('',3,(#11244,#11245,#11246,#11247,#11248),
 .UNSPECIFIED.,.F.,.F.,(4,1,4),(0.,0.0351693659647871,0.0782505488856899),
 .UNSPECIFIED.);
#67=B_SPLINE_CURVE_WITH_KNOTS('',3,(#11250,#11251,#11252,#11253,#11254),
 .UNSPECIFIED.,.F.,.F.,(4,1,4),(0.,0.050483679808216,0.0883360157558346),
 .UNSPECIFIED.);
#68=B_SPLINE_CURVE_WITH_KNOTS('',3,(#11256,#11257,#11258,#11259,#11260),
 .UNSPECIFIED.,.F.,.F.,(4,1,4),(0.,0.0305560833171142,0.0584706675572882),
 .UNSPECIFIED.);
#69=B_SPLINE_CURVE_WITH_KNOTS('',3,(#11261,#11262,#11263,#11264,#11265),
 .UNSPECIFIED.,.F.,.F.,(4,1,4),(0.,0.0259286885763456,0.0501115949034199),
 .UNSPECIFIED.);
#70=B_SPLINE_CURVE_WITH_KNOTS('',3,(#11447,#11448,#11449,#11450,#11451),
 .UNSPECIFIED.,.F.,.F.,(4,1,4),(0.,0.0458941376702299,0.0896309663520233),
 .UNSPECIFIED.);
#71=B_SPLINE_CURVE_WITH_KNOTS('',3,(#11455,#11456,#11457,#11458,#11459),
 .UNSPECIFIED.,.F.,.F.,(4,1,4),(0.,0.0458941376702299,0.0896309663520233),
 .UNSPECIFIED.);
#72=B_SPLINE_CURVE_WITH_KNOTS('',3,(#11472,#11473,#11474,#11475,#11476),
 .UNSPECIFIED.,.F.,.F.,(4,1,4),(0.,0.0433081727860403,0.0890826922698724),
 .UNSPECIFIED.);
#73=B_SPLINE_CURVE_WITH_KNOTS('',3,(#11479,#11480,#11481,#11482,#11483),
 .UNSPECIFIED.,.F.,.F.,(4,1,4),(0.,0.0433081727860403,0.0890826922698724),
 .UNSPECIFIED.);
#74=B_SPLINE_CURVE_WITH_KNOTS('',3,(#11495,#11496,#11497,#11498,#11499),
 .UNSPECIFIED.,.F.,.F.,(4,1,4),(0.,0.0604986823851461,0.10869714078657),
 .UNSPECIFIED.);
#75=B_SPLINE_CURVE_WITH_KNOTS('',3,(#11502,#11503,#11504,#11505,#11506),
 .UNSPECIFIED.,.F.,.F.,(4,1,4),(0.,0.0604986823851461,0.10869714078657),
 .UNSPECIFIED.);
#76=B_SPLINE_CURVE_WITH_KNOTS('',3,(#11518,#11519,#11520,#11521,#11522),
 .UNSPECIFIED.,.F.,.F.,(4,1,4),(0.,0.0492998067223232,0.110670038177127),
 .UNSPECIFIED.);
#77=B_SPLINE_CURVE_WITH_KNOTS('',3,(#11525,#11526,#11527,#11528,#11529),
 .UNSPECIFIED.,.F.,.F.,(4,1,4),(0.,0.0492998067223232,0.110670038177127),
 .UNSPECIFIED.);
#78=B_SPLINE_CURVE_WITH_KNOTS('',3,(#11541,#11542,#11543,#11544,#11545),
 .UNSPECIFIED.,.F.,.F.,(4,1,4),(0.,0.044815208050603,0.0887112279349287),
 .UNSPECIFIED.);
#79=B_SPLINE_CURVE_WITH_KNOTS('',3,(#11548,#11549,#11550,#11551,#11552),
 .UNSPECIFIED.,.F.,.F.,(4,1,4),(0.,0.044815208050603,0.0887112279349287),
 .UNSPECIFIED.);
#80=B_SPLINE_CURVE_WITH_KNOTS('',3,(#11564,#11565,#11566,#11567,#11568),
 .UNSPECIFIED.,.F.,.F.,(4,1,4),(0.,0.0442645379088466,0.0891933405922797),
 .UNSPECIFIED.);
#81=B_SPLINE_CURVE_WITH_KNOTS('',3,(#11571,#11572,#11573,#11574,#11575),
 .UNSPECIFIED.,.F.,.F.,(4,1,4),(0.,0.0442645379088466,0.0891933405922797),
 .UNSPECIFIED.);
#82=B_SPLINE_CURVE_WITH_KNOTS('',3,(#11587,#11588,#11589,#11590,#11591),
 .UNSPECIFIED.,.F.,.F.,(4,1,4),(0.,0.0602333301745247,0.109498637297545),
 .UNSPECIFIED.);
#83=B_SPLINE_CURVE_WITH_KNOTS('',3,(#11594,#11595,#11596,#11597,#11598),
 .UNSPECIFIED.,.F.,.F.,(4,1,4),(0.,0.0602333301745247,0.109498637297545),
 .UNSPECIFIED.);
#84=B_SPLINE_CURVE_WITH_KNOTS('',3,(#11609,#11610,#11611,#11612,#11613),
 .UNSPECIFIED.,.F.,.F.,(4,1,4),(0.,0.0486738243416843,0.109489855164359),
 .UNSPECIFIED.);
#85=B_SPLINE_CURVE_WITH_KNOTS('',3,(#11614,#11615,#11616,#11617,#11618),
 .UNSPECIFIED.,.F.,.F.,(4,1,4),(0.,0.0486738243416843,0.109489855164359),
 .UNSPECIFIED.);
#86=B_SPLINE_CURVE_WITH_KNOTS('',3,(#11632,#11633,#11634,#11635,#11636),
 .UNSPECIFIED.,.F.,.F.,(4,1,4),(0.,0.0812299644901506,0.155297767021845),
 .UNSPECIFIED.);
#87=B_SPLINE_CURVE_WITH_KNOTS('',3,(#11650,#11651,#11652,#11653,#11654),
 .UNSPECIFIED.,.F.,.F.,(4,1,4),(0.,0.0739537239146884,0.154388335826911),
 .UNSPECIFIED.);
#88=B_SPLINE_CURVE_WITH_KNOTS('',3,(#11667,#11668,#11669,#11670,#11671),
 .UNSPECIFIED.,.F.,.F.,(4,1,4),(0.,0.0873214342182695,0.16358975931152),
 .UNSPECIFIED.);
#89=B_SPLINE_CURVE_WITH_KNOTS('',3,(#11684,#11685,#11686,#11687,#11688),
 .UNSPECIFIED.,.F.,.F.,(4,1,4),(0.,0.0766899547432236,0.164667442055837),
 .UNSPECIFIED.);
#90=B_SPLINE_CURVE_WITH_KNOTS('',3,(#11701,#11702,#11703,#11704,#11705),
 .UNSPECIFIED.,.F.,.F.,(4,1,4),(0.,0.0807429063934316,0.155065609416258),
 .UNSPECIFIED.);
#91=B_SPLINE_CURVE_WITH_KNOTS('',3,(#11718,#11719,#11720,#11721,#11722),
 .UNSPECIFIED.,.F.,.F.,(4,1,4),(0.,0.0419592252003276,0.0881045860458273),
 .UNSPECIFIED.);
#92=B_SPLINE_CURVE_WITH_KNOTS('',3,(#11735,#11736,#11737,#11738,#11739),
 .UNSPECIFIED.,.F.,.F.,(4,1,4),(0.,0.0325358541821866,0.0633409699389359),
 .UNSPECIFIED.);
#93=B_SPLINE_CURVE_WITH_KNOTS('',3,(#11752,#11753,#11754,#11755,#11756),
 .UNSPECIFIED.,.F.,.F.,(4,1,4),(0.,0.0331767827978956,0.0665544866451745),
 .UNSPECIFIED.);
#94=B_SPLINE_CURVE_WITH_KNOTS('',3,(#11769,#11770,#11771,#11772,#11773),
 .UNSPECIFIED.,.F.,.F.,(4,1,4),(0.,0.0563928571150212,0.104761511736003),
 .UNSPECIFIED.);
#95=B_SPLINE_CURVE_WITH_KNOTS('',3,(#11784,#11785,#11786,#11787,#11788),
 .UNSPECIFIED.,.F.,.F.,(4,1,4),(0.,0.0758020729770025,0.162044748278549),
 .UNSPECIFIED.);
#96=B_SPLINE_CURVE_WITH_KNOTS('',3,(#11836,#11837,#11838,#11839,#11840),
 .UNSPECIFIED.,.F.,.F.,(4,1,4),(0.,0.0429764915369359,0.101945561904646),
 .UNSPECIFIED.);
#97=B_SPLINE_CURVE_WITH_KNOTS('',3,(#11854,#11855,#11856,#11857,#11858),
 .UNSPECIFIED.,.F.,.F.,(4,1,4),(0.,0.0259286885763456,0.0501115949034199),
 .UNSPECIFIED.);
#98=B_SPLINE_CURVE_WITH_KNOTS('',3,(#11871,#11872,#11873,#11874,#11875),
 .UNSPECIFIED.,.F.,.F.,(4,1,4),(0.,0.0305560833171142,0.0584706675572882),
 .UNSPECIFIED.);
#99=B_SPLINE_CURVE_WITH_KNOTS('',3,(#11888,#11889,#11890,#11891,#11892),
 .UNSPECIFIED.,.F.,.F.,(4,1,4),(0.,0.050483679808216,0.0883360157558346),
 .UNSPECIFIED.);
#100=B_SPLINE_CURVE_WITH_KNOTS('',3,(#11905,#11906,#11907,#11908,#11909),
 .UNSPECIFIED.,.F.,.F.,(4,1,4),(0.,0.0351693659647871,0.0782505488856899),
 .UNSPECIFIED.);
#101=B_SPLINE_CURVE_WITH_KNOTS('',3,(#11922,#11923,#11924,#11925,#11926),
 .UNSPECIFIED.,.F.,.F.,(4,1,4),(0.,0.0275846654478518,0.0576606258451055),
 .UNSPECIFIED.);
#102=B_SPLINE_CURVE_WITH_KNOTS('',3,(#11939,#11940,#11941,#11942,#11943),
 .UNSPECIFIED.,.F.,.F.,(4,1,4),(0.,0.0289592537042691,0.0561471679450675),
 .UNSPECIFIED.);
#103=B_SPLINE_CURVE_WITH_KNOTS('',3,(#11956,#11957,#11958,#11959,#11960),
 .UNSPECIFIED.,.F.,.F.,(4,1,4),(0.,0.0614815811526205,0.102093424067843),
 .UNSPECIFIED.);
#104=B_SPLINE_CURVE_WITH_KNOTS('',3,(#11985,#11986,#11987,#11988,#11989),
 .UNSPECIFIED.,.F.,.F.,(4,1,4),(0.,0.027346608654418,0.0680793187044032),
 .UNSPECIFIED.);
#105=B_SPLINE_CURVE_WITH_KNOTS('',3,(#12002,#12003,#12004,#12005,#12006),
 .UNSPECIFIED.,.F.,.F.,(4,1,4),(0.,0.0209908545527863,0.0411178138240828),
 .UNSPECIFIED.);
#106=B_SPLINE_CURVE_WITH_KNOTS('',3,(#12019,#12020,#12021,#12022,#12023),
 .UNSPECIFIED.,.F.,.F.,(4,1,4),(0.,0.0303540258978422,0.0544703458448736),
 .UNSPECIFIED.);
#107=B_SPLINE_CURVE_WITH_KNOTS('',3,(#12036,#12037,#12038,#12039,#12040),
 .UNSPECIFIED.,.F.,.F.,(4,1,4),(0.,0.0256424670143229,0.0561224290766386),
 .UNSPECIFIED.);
#108=B_SPLINE_CURVE_WITH_KNOTS('',3,(#12053,#12054,#12055,#12056,#12057),
 .UNSPECIFIED.,.F.,.F.,(4,1,4),(0.,0.0238073850218213,0.0473170157187909),
 .UNSPECIFIED.);
#109=B_SPLINE_CURVE_WITH_KNOTS('',3,(#12070,#12071,#12072,#12073,#12074),
 .UNSPECIFIED.,.F.,.F.,(4,1,4),(0.,0.0425032158736498,0.066959018235133),
 .UNSPECIFIED.);
#110=B_SPLINE_CURVE_WITH_KNOTS('',3,(#12967,#12968,#12969,#12970,#12971,
#12972,#12973,#12974,#12975,#12976),.UNSPECIFIED.,.F.,.F.,(4,2,2,2,4),(0.199806948202019,
0.235350421109125,0.27283253084108,0.312131841761934,0.332141066753201),
 .UNSPECIFIED.);
#111=B_SPLINE_CURVE_WITH_KNOTS('',3,(#12995,#12996,#12997,#12998,#12999,
#13000,#13001,#13002,#13003,#13004),.UNSPECIFIED.,.F.,.F.,(4,2,2,2,4),(0.715255169823516,
0.743075026288917,0.785316840102123,0.826114854866011,0.858595516589478),
 .UNSPECIFIED.);
#112=B_SPLINE_CURVE_WITH_KNOTS('',3,(#13020,#13021,#13022,#13023,#13024,
#13025,#13026,#13027,#13028,#13029),.UNSPECIFIED.,.F.,.F.,(4,2,2,2,4),(0.715255169808499,
0.743075026272411,0.785316840083195,0.82611485484446,0.85859551656562),
 .UNSPECIFIED.);
#113=B_SPLINE_CURVE_WITH_KNOTS('',3,(#13045,#13046,#13047,#13048,#13049,
#13050,#13051,#13052,#13053,#13054),.UNSPECIFIED.,.F.,.F.,(4,2,2,2,4),(0.199806948207347,
0.235350421115944,0.272832530849672,0.312131841772578,0.332141066764921),
 .UNSPECIFIED.);
#114=STYLED_ITEM('',(#13232),#122);
#115=STYLED_ITEM('',(#13232),#123);
#116=STYLED_ITEM('',(#13232),#124);
#117=STYLED_ITEM('',(#13232),#125);
#118=STYLED_ITEM('',(#13232),#126);
#119=STYLED_ITEM('',(#13232),#127);
#120=STYLED_ITEM('',(#13232),#128);
#121=STYLED_ITEM('',(#13232),#129);
#122=MANIFOLD_SOLID_BREP('Body',#7786);
#123=MANIFOLD_SOLID_BREP('Lid',#7787);
#124=MANIFOLD_SOLID_BREP('Test Type-C Housing',#7788);
#125=MANIFOLD_SOLID_BREP('Type-C Clamp Top',#7789);
#126=MANIFOLD_SOLID_BREP('Type-C Clamp Bot',#7790);
#127=MANIFOLD_SOLID_BREP('Joystick Cap',#7791);
#128=MANIFOLD_SOLID_BREP('Test Joystick Hole',#7792);
#129=MANIFOLD_SOLID_BREP('Test Switch Hole',#7793);
#130=FACE_BOUND('',#937,.T.);
#131=FACE_BOUND('',#971,.T.);
#132=FACE_BOUND('',#974,.T.);
#133=FACE_BOUND('',#993,.T.);
#134=FACE_BOUND('',#994,.T.);
#135=FACE_BOUND('',#995,.T.);
#136=FACE_BOUND('',#1060,.T.);
#137=FACE_BOUND('',#1061,.T.);
#138=FACE_BOUND('',#1062,.T.);
#139=FACE_BOUND('',#1063,.T.);
#140=FACE_BOUND('',#1064,.T.);
#141=FACE_BOUND('',#1065,.T.);
#142=FACE_BOUND('',#1066,.T.);
#143=FACE_BOUND('',#1067,.T.);
#144=FACE_BOUND('',#1070,.T.);
#145=FACE_BOUND('',#1095,.T.);
#146=FACE_BOUND('',#1115,.T.);
#147=FACE_BOUND('',#1218,.T.);
#148=FACE_BOUND('',#1219,.T.);
#149=FACE_BOUND('',#1220,.T.);
#150=FACE_BOUND('',#1236,.T.);
#151=FACE_BOUND('',#1287,.T.);
#152=FACE_BOUND('',#1297,.T.);
#153=FACE_BOUND('',#1303,.T.);
#154=FACE_BOUND('',#1306,.T.);
#155=FACE_BOUND('',#1310,.T.);
#156=FACE_BOUND('',#1312,.T.);
#157=FACE_BOUND('',#1313,.T.);
#158=FACE_BOUND('',#1317,.T.);
#159=FACE_BOUND('',#1320,.T.);
#160=FACE_BOUND('',#1322,.T.);
#161=FACE_BOUND('',#1329,.T.);
#162=FACE_BOUND('',#1331,.T.);
#163=FACE_BOUND('',#1333,.T.);
#164=FACE_BOUND('',#1338,.T.);
#165=FACE_BOUND('',#1339,.T.);
#166=FACE_BOUND('',#1341,.T.);
#167=FACE_BOUND('',#1361,.T.);
#168=FACE_BOUND('',#1368,.T.);
#169=FACE_BOUND('',#1378,.T.);
#170=FACE_BOUND('',#1380,.T.);
#171=FACE_BOUND('',#1390,.T.);
#172=FACE_BOUND('',#1392,.T.);
#173=PLANE('',#7839);
#174=PLANE('',#7846);
#175=PLANE('',#7849);
#176=PLANE('',#7852);
#177=PLANE('',#7853);
#178=PLANE('',#7857);
#179=PLANE('',#7858);
#180=PLANE('',#7872);
#181=PLANE('',#7880);
#182=PLANE('',#7884);
#183=PLANE('',#7891);
#184=PLANE('',#7894);
#185=PLANE('',#7899);
#186=PLANE('',#7902);
#187=PLANE('',#7905);
#188=PLANE('',#7910);
#189=PLANE('',#7913);
#190=PLANE('',#7919);
#191=PLANE('',#7921);
#192=PLANE('',#7924);
#193=PLANE('',#7925);
#194=PLANE('',#7926);
#195=PLANE('',#7927);
#196=PLANE('',#7929);
#197=PLANE('',#7935);
#198=PLANE('',#7936);
#199=PLANE('',#7937);
#200=PLANE('',#7938);
#201=PLANE('',#7939);
#202=PLANE('',#7944);
#203=PLANE('',#7946);
#204=PLANE('',#7948);
#205=PLANE('',#7950);
#206=PLANE('',#7952);
#207=PLANE('',#7953);
#208=PLANE('',#7954);
#209=PLANE('',#7955);
#210=PLANE('',#7956);
#211=PLANE('',#7957);
#212=PLANE('',#7958);
#213=PLANE('',#7959);
#214=PLANE('',#7960);
#215=PLANE('',#7961);
#216=PLANE('',#7962);
#217=PLANE('',#7963);
#218=PLANE('',#7964);
#219=PLANE('',#7965);
#220=PLANE('',#7966);
#221=PLANE('',#7967);
#222=PLANE('',#7968);
#223=PLANE('',#7969);
#224=PLANE('',#7970);
#225=PLANE('',#7971);
#226=PLANE('',#7972);
#227=PLANE('',#7973);
#228=PLANE('',#7974);
#229=PLANE('',#7975);
#230=PLANE('',#7976);
#231=PLANE('',#7977);
#232=PLANE('',#7978);
#233=PLANE('',#7979);
#234=PLANE('',#7980);
#235=PLANE('',#7981);
#236=PLANE('',#7982);
#237=PLANE('',#8027);
#238=PLANE('',#8030);
#239=PLANE('',#8033);
#240=PLANE('',#8036);
#241=PLANE('',#8037);
#242=PLANE('',#8042);
#243=PLANE('',#8046);
#244=PLANE('',#8049);
#245=PLANE('',#8051);
#246=PLANE('',#8056);
#247=PLANE('',#8057);
#248=PLANE('',#8058);
#249=PLANE('',#8059);
#250=PLANE('',#8060);
#251=PLANE('',#8061);
#252=PLANE('',#8062);
#253=PLANE('',#8063);
#254=PLANE('',#8064);
#255=PLANE('',#8065);
#256=PLANE('',#8066);
#257=PLANE('',#8067);
#258=PLANE('',#8068);
#259=PLANE('',#8069);
#260=PLANE('',#8070);
#261=PLANE('',#8071);
#262=PLANE('',#8072);
#263=PLANE('',#8073);
#264=PLANE('',#8074);
#265=PLANE('',#8075);
#266=PLANE('',#8076);
#267=PLANE('',#8077);
#268=PLANE('',#8078);
#269=PLANE('',#8079);
#270=PLANE('',#8080);
#271=PLANE('',#8081);
#272=PLANE('',#8082);
#273=PLANE('',#8083);
#274=PLANE('',#8084);
#275=PLANE('',#8085);
#276=PLANE('',#8086);
#277=PLANE('',#8087);
#278=PLANE('',#8088);
#279=PLANE('',#8089);
#280=PLANE('',#8090);
#281=PLANE('',#8091);
#282=PLANE('',#8092);
#283=PLANE('',#8093);
#284=PLANE('',#8094);
#285=PLANE('',#8095);
#286=PLANE('',#8096);
#287=PLANE('',#8097);
#288=PLANE('',#8098);
#289=PLANE('',#8099);
#290=PLANE('',#8100);
#291=PLANE('',#8101);
#292=PLANE('',#8102);
#293=PLANE('',#8103);
#294=PLANE('',#8104);
#295=PLANE('',#8105);
#296=PLANE('',#8106);
#297=PLANE('',#8107);
#298=PLANE('',#8108);
#299=PLANE('',#8109);
#300=PLANE('',#8110);
#301=PLANE('',#8111);
#302=PLANE('',#8112);
#303=PLANE('',#8113);
#304=PLANE('',#8114);
#305=PLANE('',#8115);
#306=PLANE('',#8116);
#307=PLANE('',#8117);
#308=PLANE('',#8118);
#309=PLANE('',#8119);
#310=PLANE('',#8120);
#311=PLANE('',#8121);
#312=PLANE('',#8122);
#313=PLANE('',#8123);
#314=PLANE('',#8124);
#315=PLANE('',#8125);
#316=PLANE('',#8126);
#317=PLANE('',#8127);
#318=PLANE('',#8128);
#319=PLANE('',#8129);
#320=PLANE('',#8130);
#321=PLANE('',#8131);
#322=PLANE('',#8132);
#323=PLANE('',#8133);
#324=PLANE('',#8134);
#325=PLANE('',#8135);
#326=PLANE('',#8136);
#327=PLANE('',#8137);
#328=PLANE('',#8138);
#329=PLANE('',#8139);
#330=PLANE('',#8140);
#331=PLANE('',#8141);
#332=PLANE('',#8142);
#333=PLANE('',#8143);
#334=PLANE('',#8144);
#335=PLANE('',#8145);
#336=PLANE('',#8146);
#337=PLANE('',#8147);
#338=PLANE('',#8148);
#339=PLANE('',#8149);
#340=PLANE('',#8150);
#341=PLANE('',#8151);
#342=PLANE('',#8152);
#343=PLANE('',#8153);
#344=PLANE('',#8154);
#345=PLANE('',#8155);
#346=PLANE('',#8156);
#347=PLANE('',#8157);
#348=PLANE('',#8158);
#349=PLANE('',#8159);
#350=PLANE('',#8160);
#351=PLANE('',#8161);
#352=PLANE('',#8162);
#353=PLANE('',#8163);
#354=PLANE('',#8164);
#355=PLANE('',#8165);
#356=PLANE('',#8166);
#357=PLANE('',#8167);
#358=PLANE('',#8168);
#359=PLANE('',#8169);
#360=PLANE('',#8170);
#361=PLANE('',#8171);
#362=PLANE('',#8172);
#363=PLANE('',#8173);
#364=PLANE('',#8174);
#365=PLANE('',#8175);
#366=PLANE('',#8176);
#367=PLANE('',#8177);
#368=PLANE('',#8178);
#369=PLANE('',#8179);
#370=PLANE('',#8180);
#371=PLANE('',#8181);
#372=PLANE('',#8182);
#373=PLANE('',#8183);
#374=PLANE('',#8184);
#375=PLANE('',#8185);
#376=PLANE('',#8186);
#377=PLANE('',#8187);
#378=PLANE('',#8188);
#379=PLANE('',#8189);
#380=PLANE('',#8190);
#381=PLANE('',#8191);
#382=PLANE('',#8192);
#383=PLANE('',#8193);
#384=PLANE('',#8194);
#385=PLANE('',#8195);
#386=PLANE('',#8196);
#387=PLANE('',#8197);
#388=PLANE('',#8198);
#389=PLANE('',#8199);
#390=PLANE('',#8200);
#391=PLANE('',#8201);
#392=PLANE('',#8202);
#393=PLANE('',#8203);
#394=PLANE('',#8204);
#395=PLANE('',#8205);
#396=PLANE('',#8206);
#397=PLANE('',#8207);
#398=PLANE('',#8208);
#399=PLANE('',#8209);
#400=PLANE('',#8210);
#401=PLANE('',#8211);
#402=PLANE('',#8212);
#403=PLANE('',#8216);
#404=PLANE('',#8220);
#405=PLANE('',#8224);
#406=PLANE('',#8228);
#407=PLANE('',#8241);
#408=PLANE('',#8242);
#409=PLANE('',#8243);
#410=PLANE('',#8244);
#411=PLANE('',#8245);
#412=PLANE('',#8246);
#413=PLANE('',#8247);
#414=PLANE('',#8248);
#415=PLANE('',#8249);
#416=PLANE('',#8250);
#417=PLANE('',#8251);
#418=PLANE('',#8252);
#419=PLANE('',#8253);
#420=PLANE('',#8257);
#421=PLANE('',#8262);
#422=PLANE('',#8268);
#423=PLANE('',#8270);
#424=PLANE('',#8273);
#425=PLANE('',#8274);
#426=PLANE('',#8275);
#427=PLANE('',#8276);
#428=PLANE('',#8277);
#429=PLANE('',#8278);
#430=PLANE('',#8279);
#431=PLANE('',#8280);
#432=PLANE('',#8287);
#433=PLANE('',#8288);
#434=PLANE('',#8289);
#435=PLANE('',#8293);
#436=PLANE('',#8294);
#437=PLANE('',#8295);
#438=PLANE('',#8296);
#439=PLANE('',#8325);
#440=PLANE('',#8327);
#441=PLANE('',#8329);
#442=PLANE('',#8332);
#443=PLANE('',#8335);
#444=PLANE('',#8338);
#445=PLANE('',#8339);
#446=PLANE('',#8346);
#447=PLANE('',#8351);
#448=PLANE('',#8354);
#449=PLANE('',#8355);
#450=PLANE('',#8358);
#451=PLANE('',#8359);
#452=PLANE('',#8360);
#453=PLANE('',#8361);
#454=PLANE('',#8362);
#455=PLANE('',#8369);
#456=PLANE('',#8370);
#457=PLANE('',#8371);
#458=PLANE('',#8372);
#459=PLANE('',#8373);
#460=PLANE('',#8374);
#461=PLANE('',#8375);
#462=PLANE('',#8376);
#463=PLANE('',#8377);
#464=PLANE('',#8378);
#465=PLANE('',#8379);
#466=PLANE('',#8380);
#467=TOROIDAL_SURFACE('',#7821,4.,2.);
#468=TOROIDAL_SURFACE('',#7827,4.,2.);
#469=TOROIDAL_SURFACE('',#7999,4.,2.);
#470=TOROIDAL_SURFACE('',#8005,4.,2.);
#471=TOROIDAL_SURFACE('',#8297,3.,1.);
#472=TOROIDAL_SURFACE('',#8305,3.,1.);
#473=TOROIDAL_SURFACE('',#8312,3.,1.);
#474=TOROIDAL_SURFACE('',#8319,3.,1.);
#475=TOROIDAL_SURFACE('',#8341,4.92090859542938,0.5);
#476=SPHERICAL_SURFACE('',#7801,2.);
#477=SPHERICAL_SURFACE('',#7806,2.);
#478=SPHERICAL_SURFACE('',#7811,2.);
#479=SPHERICAL_SURFACE('',#7816,2.);
#480=SPHERICAL_SURFACE('',#7833,2.);
#481=SPHERICAL_SURFACE('',#7835,2.);
#482=SPHERICAL_SURFACE('',#7989,2.);
#483=SPHERICAL_SURFACE('',#7994,2.);
#484=SPHERICAL_SURFACE('',#8011,2.);
#485=SPHERICAL_SURFACE('',#8016,2.);
#486=SPHERICAL_SURFACE('',#8021,2.);
#487=SPHERICAL_SURFACE('',#8023,2.);
#488=FACE_OUTER_BOUND('',#919,.T.);
#489=FACE_OUTER_BOUND('',#920,.T.);
#490=FACE_OUTER_BOUND('',#921,.T.);
#491=FACE_OUTER_BOUND('',#922,.T.);
#492=FACE_OUTER_BOUND('',#923,.T.);
#493=FACE_OUTER_BOUND('',#924,.T.);
#494=FACE_OUTER_BOUND('',#925,.T.);
#495=FACE_OUTER_BOUND('',#926,.T.);
#496=FACE_OUTER_BOUND('',#927,.T.);
#497=FACE_OUTER_BOUND('',#928,.T.);
#498=FACE_OUTER_BOUND('',#929,.T.);
#499=FACE_OUTER_BOUND('',#930,.T.);
#500=FACE_OUTER_BOUND('',#931,.T.);
#501=FACE_OUTER_BOUND('',#932,.T.);
#502=FACE_OUTER_BOUND('',#933,.T.);
#503=FACE_OUTER_BOUND('',#934,.T.);
#504=FACE_OUTER_BOUND('',#935,.T.);
#505=FACE_OUTER_BOUND('',#936,.T.);
#506=FACE_OUTER_BOUND('',#938,.T.);
#507=FACE_OUTER_BOUND('',#939,.T.);
#508=FACE_OUTER_BOUND('',#940,.T.);
#509=FACE_OUTER_BOUND('',#941,.T.);
#510=FACE_OUTER_BOUND('',#942,.T.);
#511=FACE_OUTER_BOUND('',#943,.T.);
#512=FACE_OUTER_BOUND('',#944,.T.);
#513=FACE_OUTER_BOUND('',#945,.T.);
#514=FACE_OUTER_BOUND('',#946,.T.);
#515=FACE_OUTER_BOUND('',#947,.T.);
#516=FACE_OUTER_BOUND('',#948,.T.);
#517=FACE_OUTER_BOUND('',#949,.T.);
#518=FACE_OUTER_BOUND('',#950,.T.);
#519=FACE_OUTER_BOUND('',#951,.T.);
#520=FACE_OUTER_BOUND('',#952,.T.);
#521=FACE_OUTER_BOUND('',#953,.T.);
#522=FACE_OUTER_BOUND('',#954,.T.);
#523=FACE_OUTER_BOUND('',#955,.T.);
#524=FACE_OUTER_BOUND('',#956,.T.);
#525=FACE_OUTER_BOUND('',#957,.T.);
#526=FACE_OUTER_BOUND('',#958,.T.);
#527=FACE_OUTER_BOUND('',#959,.T.);
#528=FACE_OUTER_BOUND('',#960,.T.);
#529=FACE_OUTER_BOUND('',#961,.T.);
#530=FACE_OUTER_BOUND('',#962,.T.);
#531=FACE_OUTER_BOUND('',#963,.T.);
#532=FACE_OUTER_BOUND('',#964,.T.);
#533=FACE_OUTER_BOUND('',#965,.T.);
#534=FACE_OUTER_BOUND('',#966,.T.);
#535=FACE_OUTER_BOUND('',#967,.T.);
#536=FACE_OUTER_BOUND('',#968,.T.);
#537=FACE_OUTER_BOUND('',#969,.T.);
#538=FACE_OUTER_BOUND('',#970,.T.);
#539=FACE_OUTER_BOUND('',#972,.T.);
#540=FACE_OUTER_BOUND('',#973,.T.);
#541=FACE_OUTER_BOUND('',#975,.T.);
#542=FACE_OUTER_BOUND('',#976,.T.);
#543=FACE_OUTER_BOUND('',#977,.T.);
#544=FACE_OUTER_BOUND('',#978,.T.);
#545=FACE_OUTER_BOUND('',#979,.T.);
#546=FACE_OUTER_BOUND('',#980,.T.);
#547=FACE_OUTER_BOUND('',#981,.T.);
#548=FACE_OUTER_BOUND('',#982,.T.);
#549=FACE_OUTER_BOUND('',#983,.T.);
#550=FACE_OUTER_BOUND('',#984,.T.);
#551=FACE_OUTER_BOUND('',#985,.T.);
#552=FACE_OUTER_BOUND('',#986,.T.);
#553=FACE_OUTER_BOUND('',#987,.T.);
#554=FACE_OUTER_BOUND('',#988,.T.);
#555=FACE_OUTER_BOUND('',#989,.T.);
#556=FACE_OUTER_BOUND('',#990,.T.);
#557=FACE_OUTER_BOUND('',#991,.T.);
#558=FACE_OUTER_BOUND('',#992,.T.);
#559=FACE_OUTER_BOUND('',#996,.T.);
#560=FACE_OUTER_BOUND('',#997,.T.);
#561=FACE_OUTER_BOUND('',#998,.T.);
#562=FACE_OUTER_BOUND('',#999,.T.);
#563=FACE_OUTER_BOUND('',#1000,.T.);
#564=FACE_OUTER_BOUND('',#1001,.T.);
#565=FACE_OUTER_BOUND('',#1002,.T.);
#566=FACE_OUTER_BOUND('',#1003,.T.);
#567=FACE_OUTER_BOUND('',#1004,.T.);
#568=FACE_OUTER_BOUND('',#1005,.T.);
#569=FACE_OUTER_BOUND('',#1006,.T.);
#570=FACE_OUTER_BOUND('',#1007,.T.);
#571=FACE_OUTER_BOUND('',#1008,.T.);
#572=FACE_OUTER_BOUND('',#1009,.T.);
#573=FACE_OUTER_BOUND('',#1010,.T.);
#574=FACE_OUTER_BOUND('',#1011,.T.);
#575=FACE_OUTER_BOUND('',#1012,.T.);
#576=FACE_OUTER_BOUND('',#1013,.T.);
#577=FACE_OUTER_BOUND('',#1014,.T.);
#578=FACE_OUTER_BOUND('',#1015,.T.);
#579=FACE_OUTER_BOUND('',#1016,.T.);
#580=FACE_OUTER_BOUND('',#1017,.T.);
#581=FACE_OUTER_BOUND('',#1018,.T.);
#582=FACE_OUTER_BOUND('',#1019,.T.);
#583=FACE_OUTER_BOUND('',#1020,.T.);
#584=FACE_OUTER_BOUND('',#1021,.T.);
#585=FACE_OUTER_BOUND('',#1022,.T.);
#586=FACE_OUTER_BOUND('',#1023,.T.);
#587=FACE_OUTER_BOUND('',#1024,.T.);
#588=FACE_OUTER_BOUND('',#1025,.T.);
#589=FACE_OUTER_BOUND('',#1026,.T.);
#590=FACE_OUTER_BOUND('',#1027,.T.);
#591=FACE_OUTER_BOUND('',#1028,.T.);
#592=FACE_OUTER_BOUND('',#1029,.T.);
#593=FACE_OUTER_BOUND('',#1030,.T.);
#594=FACE_OUTER_BOUND('',#1031,.T.);
#595=FACE_OUTER_BOUND('',#1032,.T.);
#596=FACE_OUTER_BOUND('',#1033,.T.);
#597=FACE_OUTER_BOUND('',#1034,.T.);
#598=FACE_OUTER_BOUND('',#1035,.T.);
#599=FACE_OUTER_BOUND('',#1036,.T.);
#600=FACE_OUTER_BOUND('',#1037,.T.);
#601=FACE_OUTER_BOUND('',#1038,.T.);
#602=FACE_OUTER_BOUND('',#1039,.T.);
#603=FACE_OUTER_BOUND('',#1040,.T.);
#604=FACE_OUTER_BOUND('',#1041,.T.);
#605=FACE_OUTER_BOUND('',#1042,.T.);
#606=FACE_OUTER_BOUND('',#1043,.T.);
#607=FACE_OUTER_BOUND('',#1044,.T.);
#608=FACE_OUTER_BOUND('',#1045,.T.);
#609=FACE_OUTER_BOUND('',#1046,.T.);
#610=FACE_OUTER_BOUND('',#1047,.T.);
#611=FACE_OUTER_BOUND('',#1048,.T.);
#612=FACE_OUTER_BOUND('',#1049,.T.);
#613=FACE_OUTER_BOUND('',#1050,.T.);
#614=FACE_OUTER_BOUND('',#1051,.T.);
#615=FACE_OUTER_BOUND('',#1052,.T.);
#616=FACE_OUTER_BOUND('',#1053,.T.);
#617=FACE_OUTER_BOUND('',#1054,.T.);
#618=FACE_OUTER_BOUND('',#1055,.T.);
#619=FACE_OUTER_BOUND('',#1056,.T.);
#620=FACE_OUTER_BOUND('',#1057,.T.);
#621=FACE_OUTER_BOUND('',#1058,.T.);
#622=FACE_OUTER_BOUND('',#1059,.T.);
#623=FACE_OUTER_BOUND('',#1068,.T.);
#624=FACE_OUTER_BOUND('',#1069,.T.);
#625=FACE_OUTER_BOUND('',#1071,.T.);
#626=FACE_OUTER_BOUND('',#1072,.T.);
#627=FACE_OUTER_BOUND('',#1073,.T.);
#628=FACE_OUTER_BOUND('',#1074,.T.);
#629=FACE_OUTER_BOUND('',#1075,.T.);
#630=FACE_OUTER_BOUND('',#1076,.T.);
#631=FACE_OUTER_BOUND('',#1077,.T.);
#632=FACE_OUTER_BOUND('',#1078,.T.);
#633=FACE_OUTER_BOUND('',#1079,.T.);
#634=FACE_OUTER_BOUND('',#1080,.T.);
#635=FACE_OUTER_BOUND('',#1081,.T.);
#636=FACE_OUTER_BOUND('',#1082,.T.);
#637=FACE_OUTER_BOUND('',#1083,.T.);
#638=FACE_OUTER_BOUND('',#1084,.T.);
#639=FACE_OUTER_BOUND('',#1085,.T.);
#640=FACE_OUTER_BOUND('',#1086,.T.);
#641=FACE_OUTER_BOUND('',#1087,.T.);
#642=FACE_OUTER_BOUND('',#1088,.T.);
#643=FACE_OUTER_BOUND('',#1089,.T.);
#644=FACE_OUTER_BOUND('',#1090,.T.);
#645=FACE_OUTER_BOUND('',#1091,.T.);
#646=FACE_OUTER_BOUND('',#1092,.T.);
#647=FACE_OUTER_BOUND('',#1093,.T.);
#648=FACE_OUTER_BOUND('',#1094,.T.);
#649=FACE_OUTER_BOUND('',#1096,.T.);
#650=FACE_OUTER_BOUND('',#1097,.T.);
#651=FACE_OUTER_BOUND('',#1098,.T.);
#652=FACE_OUTER_BOUND('',#1099,.T.);
#653=FACE_OUTER_BOUND('',#1100,.T.);
#654=FACE_OUTER_BOUND('',#1101,.T.);
#655=FACE_OUTER_BOUND('',#1102,.T.);
#656=FACE_OUTER_BOUND('',#1103,.T.);
#657=FACE_OUTER_BOUND('',#1104,.T.);
#658=FACE_OUTER_BOUND('',#1105,.T.);
#659=FACE_OUTER_BOUND('',#1106,.T.);
#660=FACE_OUTER_BOUND('',#1107,.T.);
#661=FACE_OUTER_BOUND('',#1108,.T.);
#662=FACE_OUTER_BOUND('',#1109,.T.);
#663=FACE_OUTER_BOUND('',#1110,.T.);
#664=FACE_OUTER_BOUND('',#1111,.T.);
#665=FACE_OUTER_BOUND('',#1112,.T.);
#666=FACE_OUTER_BOUND('',#1113,.T.);
#667=FACE_OUTER_BOUND('',#1114,.T.);
#668=FACE_OUTER_BOUND('',#1116,.T.);
#669=FACE_OUTER_BOUND('',#1117,.T.);
#670=FACE_OUTER_BOUND('',#1118,.T.);
#671=FACE_OUTER_BOUND('',#1119,.T.);
#672=FACE_OUTER_BOUND('',#1120,.T.);
#673=FACE_OUTER_BOUND('',#1121,.T.);
#674=FACE_OUTER_BOUND('',#1122,.T.);
#675=FACE_OUTER_BOUND('',#1123,.T.);
#676=FACE_OUTER_BOUND('',#1124,.T.);
#677=FACE_OUTER_BOUND('',#1125,.T.);
#678=FACE_OUTER_BOUND('',#1126,.T.);
#679=FACE_OUTER_BOUND('',#1127,.T.);
#680=FACE_OUTER_BOUND('',#1128,.T.);
#681=FACE_OUTER_BOUND('',#1129,.T.);
#682=FACE_OUTER_BOUND('',#1130,.T.);
#683=FACE_OUTER_BOUND('',#1131,.T.);
#684=FACE_OUTER_BOUND('',#1132,.T.);
#685=FACE_OUTER_BOUND('',#1133,.T.);
#686=FACE_OUTER_BOUND('',#1134,.T.);
#687=FACE_OUTER_BOUND('',#1135,.T.);
#688=FACE_OUTER_BOUND('',#1136,.T.);
#689=FACE_OUTER_BOUND('',#1137,.T.);
#690=FACE_OUTER_BOUND('',#1138,.T.);
#691=FACE_OUTER_BOUND('',#1139,.T.);
#692=FACE_OUTER_BOUND('',#1140,.T.);
#693=FACE_OUTER_BOUND('',#1141,.T.);
#694=FACE_OUTER_BOUND('',#1142,.T.);
#695=FACE_OUTER_BOUND('',#1143,.T.);
#696=FACE_OUTER_BOUND('',#1144,.T.);
#697=FACE_OUTER_BOUND('',#1145,.T.);
#698=FACE_OUTER_BOUND('',#1146,.T.);
#699=FACE_OUTER_BOUND('',#1147,.T.);
#700=FACE_OUTER_BOUND('',#1148,.T.);
#701=FACE_OUTER_BOUND('',#1149,.T.);
#702=FACE_OUTER_BOUND('',#1150,.T.);
#703=FACE_OUTER_BOUND('',#1151,.T.);
#704=FACE_OUTER_BOUND('',#1152,.T.);
#705=FACE_OUTER_BOUND('',#1153,.T.);
#706=FACE_OUTER_BOUND('',#1154,.T.);
#707=FACE_OUTER_BOUND('',#1155,.T.);
#708=FACE_OUTER_BOUND('',#1156,.T.);
#709=FACE_OUTER_BOUND('',#1157,.T.);
#710=FACE_OUTER_BOUND('',#1158,.T.);
#711=FACE_OUTER_BOUND('',#1159,.T.);
#712=FACE_OUTER_BOUND('',#1160,.T.);
#713=FACE_OUTER_BOUND('',#1161,.T.);
#714=FACE_OUTER_BOUND('',#1162,.T.);
#715=FACE_OUTER_BOUND('',#1163,.T.);
#716=FACE_OUTER_BOUND('',#1164,.T.);
#717=FACE_OUTER_BOUND('',#1165,.T.);
#718=FACE_OUTER_BOUND('',#1166,.T.);
#719=FACE_OUTER_BOUND('',#1167,.T.);
#720=FACE_OUTER_BOUND('',#1168,.T.);
#721=FACE_OUTER_BOUND('',#1169,.T.);
#722=FACE_OUTER_BOUND('',#1170,.T.);
#723=FACE_OUTER_BOUND('',#1171,.T.);
#724=FACE_OUTER_BOUND('',#1172,.T.);
#725=FACE_OUTER_BOUND('',#1173,.T.);
#726=FACE_OUTER_BOUND('',#1174,.T.);
#727=FACE_OUTER_BOUND('',#1175,.T.);
#728=FACE_OUTER_BOUND('',#1176,.T.);
#729=FACE_OUTER_BOUND('',#1177,.T.);
#730=FACE_OUTER_BOUND('',#1178,.T.);
#731=FACE_OUTER_BOUND('',#1179,.T.);
#732=FACE_OUTER_BOUND('',#1180,.T.);
#733=FACE_OUTER_BOUND('',#1181,.T.);
#734=FACE_OUTER_BOUND('',#1182,.T.);
#735=FACE_OUTER_BOUND('',#1183,.T.);
#736=FACE_OUTER_BOUND('',#1184,.T.);
#737=FACE_OUTER_BOUND('',#1185,.T.);
#738=FACE_OUTER_BOUND('',#1186,.T.);
#739=FACE_OUTER_BOUND('',#1187,.T.);
#740=FACE_OUTER_BOUND('',#1188,.T.);
#741=FACE_OUTER_BOUND('',#1189,.T.);
#742=FACE_OUTER_BOUND('',#1190,.T.);
#743=FACE_OUTER_BOUND('',#1191,.T.);
#744=FACE_OUTER_BOUND('',#1192,.T.);
#745=FACE_OUTER_BOUND('',#1193,.T.);
#746=FACE_OUTER_BOUND('',#1194,.T.);
#747=FACE_OUTER_BOUND('',#1195,.T.);
#748=FACE_OUTER_BOUND('',#1196,.T.);
#749=FACE_OUTER_BOUND('',#1197,.T.);
#750=FACE_OUTER_BOUND('',#1198,.T.);
#751=FACE_OUTER_BOUND('',#1199,.T.);
#752=FACE_OUTER_BOUND('',#1200,.T.);
#753=FACE_OUTER_BOUND('',#1201,.T.);
#754=FACE_OUTER_BOUND('',#1202,.T.);
#755=FACE_OUTER_BOUND('',#1203,.T.);
#756=FACE_OUTER_BOUND('',#1204,.T.);
#757=FACE_OUTER_BOUND('',#1205,.T.);
#758=FACE_OUTER_BOUND('',#1206,.T.);
#759=FACE_OUTER_BOUND('',#1207,.T.);
#760=FACE_OUTER_BOUND('',#1208,.T.);
#761=FACE_OUTER_BOUND('',#1209,.T.);
#762=FACE_OUTER_BOUND('',#1210,.T.);
#763=FACE_OUTER_BOUND('',#1211,.T.);
#764=FACE_OUTER_BOUND('',#1212,.T.);
#765=FACE_OUTER_BOUND('',#1213,.T.);
#766=FACE_OUTER_BOUND('',#1214,.T.);
#767=FACE_OUTER_BOUND('',#1215,.T.);
#768=FACE_OUTER_BOUND('',#1216,.T.);
#769=FACE_OUTER_BOUND('',#1217,.T.);
#770=FACE_OUTER_BOUND('',#1221,.T.);
#771=FACE_OUTER_BOUND('',#1222,.T.);
#772=FACE_OUTER_BOUND('',#1223,.T.);
#773=FACE_OUTER_BOUND('',#1224,.T.);
#774=FACE_OUTER_BOUND('',#1225,.T.);
#775=FACE_OUTER_BOUND('',#1226,.T.);
#776=FACE_OUTER_BOUND('',#1227,.T.);
#777=FACE_OUTER_BOUND('',#1228,.T.);
#778=FACE_OUTER_BOUND('',#1229,.T.);
#779=FACE_OUTER_BOUND('',#1230,.T.);
#780=FACE_OUTER_BOUND('',#1231,.T.);
#781=FACE_OUTER_BOUND('',#1232,.T.);
#782=FACE_OUTER_BOUND('',#1233,.T.);
#783=FACE_OUTER_BOUND('',#1234,.T.);
#784=FACE_OUTER_BOUND('',#1235,.T.);
#785=FACE_OUTER_BOUND('',#1237,.T.);
#786=FACE_OUTER_BOUND('',#1238,.T.);
#787=FACE_OUTER_BOUND('',#1239,.T.);
#788=FACE_OUTER_BOUND('',#1240,.T.);
#789=FACE_OUTER_BOUND('',#1241,.T.);
#790=FACE_OUTER_BOUND('',#1242,.T.);
#791=FACE_OUTER_BOUND('',#1243,.T.);
#792=FACE_OUTER_BOUND('',#1244,.T.);
#793=FACE_OUTER_BOUND('',#1245,.T.);
#794=FACE_OUTER_BOUND('',#1246,.T.);
#795=FACE_OUTER_BOUND('',#1247,.T.);
#796=FACE_OUTER_BOUND('',#1248,.T.);
#797=FACE_OUTER_BOUND('',#1249,.T.);
#798=FACE_OUTER_BOUND('',#1250,.T.);
#799=FACE_OUTER_BOUND('',#1251,.T.);
#800=FACE_OUTER_BOUND('',#1252,.T.);
#801=FACE_OUTER_BOUND('',#1253,.T.);
#802=FACE_OUTER_BOUND('',#1254,.T.);
#803=FACE_OUTER_BOUND('',#1255,.T.);
#804=FACE_OUTER_BOUND('',#1256,.T.);
#805=FACE_OUTER_BOUND('',#1257,.T.);
#806=FACE_OUTER_BOUND('',#1258,.T.);
#807=FACE_OUTER_BOUND('',#1259,.T.);
#808=FACE_OUTER_BOUND('',#1260,.T.);
#809=FACE_OUTER_BOUND('',#1261,.T.);
#810=FACE_OUTER_BOUND('',#1262,.T.);
#811=FACE_OUTER_BOUND('',#1263,.T.);
#812=FACE_OUTER_BOUND('',#1264,.T.);
#813=FACE_OUTER_BOUND('',#1265,.T.);
#814=FACE_OUTER_BOUND('',#1266,.T.);
#815=FACE_OUTER_BOUND('',#1267,.T.);
#816=FACE_OUTER_BOUND('',#1268,.T.);
#817=FACE_OUTER_BOUND('',#1269,.T.);
#818=FACE_OUTER_BOUND('',#1270,.T.);
#819=FACE_OUTER_BOUND('',#1271,.T.);
#820=FACE_OUTER_BOUND('',#1272,.T.);
#821=FACE_OUTER_BOUND('',#1273,.T.);
#822=FACE_OUTER_BOUND('',#1274,.T.);
#823=FACE_OUTER_BOUND('',#1275,.T.);
#824=FACE_OUTER_BOUND('',#1276,.T.);
#825=FACE_OUTER_BOUND('',#1277,.T.);
#826=FACE_OUTER_BOUND('',#1278,.T.);
#827=FACE_OUTER_BOUND('',#1279,.T.);
#828=FACE_OUTER_BOUND('',#1280,.T.);
#829=FACE_OUTER_BOUND('',#1281,.T.);
#830=FACE_OUTER_BOUND('',#1282,.T.);
#831=FACE_OUTER_BOUND('',#1283,.T.);
#832=FACE_OUTER_BOUND('',#1284,.T.);
#833=FACE_OUTER_BOUND('',#1285,.T.);
#834=FACE_OUTER_BOUND('',#1286,.T.);
#835=FACE_OUTER_BOUND('',#1288,.T.);
#836=FACE_OUTER_BOUND('',#1289,.T.);
#837=FACE_OUTER_BOUND('',#1290,.T.);
#838=FACE_OUTER_BOUND('',#1291,.T.);
#839=FACE_OUTER_BOUND('',#1292,.T.);
#840=FACE_OUTER_BOUND('',#1293,.T.);
#841=FACE_OUTER_BOUND('',#1294,.T.);
#842=FACE_OUTER_BOUND('',#1295,.T.);
#843=FACE_OUTER_BOUND('',#1296,.T.);
#844=FACE_OUTER_BOUND('',#1298,.T.);
#845=FACE_OUTER_BOUND('',#1299,.T.);
#846=FACE_OUTER_BOUND('',#1300,.T.);
#847=FACE_OUTER_BOUND('',#1301,.T.);
#848=FACE_OUTER_BOUND('',#1302,.T.);
#849=FACE_OUTER_BOUND('',#1304,.T.);
#850=FACE_OUTER_BOUND('',#1305,.T.);
#851=FACE_OUTER_BOUND('',#1307,.T.);
#852=FACE_OUTER_BOUND('',#1308,.T.);
#853=FACE_OUTER_BOUND('',#1309,.T.);
#854=FACE_OUTER_BOUND('',#1311,.T.);
#855=FACE_OUTER_BOUND('',#1314,.T.);
#856=FACE_OUTER_BOUND('',#1315,.T.);
#857=FACE_OUTER_BOUND('',#1316,.T.);
#858=FACE_OUTER_BOUND('',#1318,.T.);
#859=FACE_OUTER_BOUND('',#1319,.T.);
#860=FACE_OUTER_BOUND('',#1321,.T.);
#861=FACE_OUTER_BOUND('',#1323,.T.);
#862=FACE_OUTER_BOUND('',#1324,.T.);
#863=FACE_OUTER_BOUND('',#1325,.T.);
#864=FACE_OUTER_BOUND('',#1326,.T.);
#865=FACE_OUTER_BOUND('',#1327,.T.);
#866=FACE_OUTER_BOUND('',#1328,.T.);
#867=FACE_OUTER_BOUND('',#1330,.T.);
#868=FACE_OUTER_BOUND('',#1332,.T.);
#869=FACE_OUTER_BOUND('',#1334,.T.);
#870=FACE_OUTER_BOUND('',#1335,.T.);
#871=FACE_OUTER_BOUND('',#1336,.T.);
#872=FACE_OUTER_BOUND('',#1337,.T.);
#873=FACE_OUTER_BOUND('',#1340,.T.);
#874=FACE_OUTER_BOUND('',#1342,.T.);
#875=FACE_OUTER_BOUND('',#1343,.T.);
#876=FACE_OUTER_BOUND('',#1344,.T.);
#877=FACE_OUTER_BOUND('',#1345,.T.);
#878=FACE_OUTER_BOUND('',#1346,.T.);
#879=FACE_OUTER_BOUND('',#1347,.T.);
#880=FACE_OUTER_BOUND('',#1348,.T.);
#881=FACE_OUTER_BOUND('',#1349,.T.);
#882=FACE_OUTER_BOUND('',#1350,.T.);
#883=FACE_OUTER_BOUND('',#1351,.T.);
#884=FACE_OUTER_BOUND('',#1352,.T.);
#885=FACE_OUTER_BOUND('',#1353,.T.);
#886=FACE_OUTER_BOUND('',#1354,.T.);
#887=FACE_OUTER_BOUND('',#1355,.T.);
#888=FACE_OUTER_BOUND('',#1356,.T.);
#889=FACE_OUTER_BOUND('',#1357,.T.);
#890=FACE_OUTER_BOUND('',#1358,.T.);
#891=FACE_OUTER_BOUND('',#1359,.T.);
#892=FACE_OUTER_BOUND('',#1360,.T.);
#893=FACE_OUTER_BOUND('',#1362,.T.);
#894=FACE_OUTER_BOUND('',#1363,.T.);
#895=FACE_OUTER_BOUND('',#1364,.T.);
#896=FACE_OUTER_BOUND('',#1365,.T.);
#897=FACE_OUTER_BOUND('',#1366,.T.);
#898=FACE_OUTER_BOUND('',#1367,.T.);
#899=FACE_OUTER_BOUND('',#1369,.T.);
#900=FACE_OUTER_BOUND('',#1370,.T.);
#901=FACE_OUTER_BOUND('',#1371,.T.);
#902=FACE_OUTER_BOUND('',#1372,.T.);
#903=FACE_OUTER_BOUND('',#1373,.T.);
#904=FACE_OUTER_BOUND('',#1374,.T.);
#905=FACE_OUTER_BOUND('',#1375,.T.);
#906=FACE_OUTER_BOUND('',#1376,.T.);
#907=FACE_OUTER_BOUND('',#1377,.T.);
#908=FACE_OUTER_BOUND('',#1379,.T.);
#909=FACE_OUTER_BOUND('',#1381,.T.);
#910=FACE_OUTER_BOUND('',#1382,.T.);
#911=FACE_OUTER_BOUND('',#1383,.T.);
#912=FACE_OUTER_BOUND('',#1384,.T.);
#913=FACE_OUTER_BOUND('',#1385,.T.);
#914=FACE_OUTER_BOUND('',#1386,.T.);
#915=FACE_OUTER_BOUND('',#1387,.T.);
#916=FACE_OUTER_BOUND('',#1388,.T.);
#917=FACE_OUTER_BOUND('',#1389,.T.);
#918=FACE_OUTER_BOUND('',#1391,.T.);
#919=EDGE_LOOP('',(#5072,#5073,#5074,#5075));
#920=EDGE_LOOP('',(#5076,#5077,#5078,#5079));
#921=EDGE_LOOP('',(#5080,#5081,#5082));
#922=EDGE_LOOP('',(#5083,#5084,#5085,#5086));
#923=EDGE_LOOP('',(#5087,#5088,#5089));
#924=EDGE_LOOP('',(#5090,#5091,#5092,#5093));
#925=EDGE_LOOP('',(#5094,#5095,#5096));
#926=EDGE_LOOP('',(#5097,#5098,#5099,#5100));
#927=EDGE_LOOP('',(#5101,#5102,#5103));
#928=EDGE_LOOP('',(#5104,#5105,#5106,#5107));
#929=EDGE_LOOP('',(#5108,#5109,#5110,#5111));
#930=EDGE_LOOP('',(#5112,#5113,#5114,#5115));
#931=EDGE_LOOP('',(#5116,#5117,#5118,#5119));
#932=EDGE_LOOP('',(#5120,#5121,#5122,#5123));
#933=EDGE_LOOP('',(#5124,#5125,#5126));
#934=EDGE_LOOP('',(#5127,#5128,#5129));
#935=EDGE_LOOP('',(#5130,#5131,#5132,#5133));
#936=EDGE_LOOP('',(#5134,#5135,#5136,#5137));
#937=EDGE_LOOP('',(#5138,#5139,#5140,#5141,#5142,#5143,#5144,#5145));
#938=EDGE_LOOP('',(#5146,#5147,#5148,#5149));
#939=EDGE_LOOP('',(#5150,#5151,#5152,#5153));
#940=EDGE_LOOP('',(#5154,#5155,#5156,#5157));
#941=EDGE_LOOP('',(#5158,#5159,#5160,#5161));
#942=EDGE_LOOP('',(#5162,#5163,#5164,#5165));
#943=EDGE_LOOP('',(#5166,#5167,#5168,#5169));
#944=EDGE_LOOP('',(#5170,#5171,#5172,#5173,#5174,#5175,#5176,#5177,#5178,
#5179));
#945=EDGE_LOOP('',(#5180,#5181,#5182,#5183));
#946=EDGE_LOOP('',(#5184,#5185,#5186,#5187));
#947=EDGE_LOOP('',(#5188,#5189,#5190,#5191,#5192,#5193,#5194,#5195,#5196,
#5197,#5198,#5199,#5200,#5201));
#948=EDGE_LOOP('',(#5202,#5203,#5204,#5205));
#949=EDGE_LOOP('',(#5206,#5207,#5208,#5209));
#950=EDGE_LOOP('',(#5210,#5211,#5212,#5213));
#951=EDGE_LOOP('',(#5214,#5215,#5216,#5217));
#952=EDGE_LOOP('',(#5218,#5219,#5220,#5221));
#953=EDGE_LOOP('',(#5222,#5223,#5224,#5225));
#954=EDGE_LOOP('',(#5226,#5227,#5228,#5229));
#955=EDGE_LOOP('',(#5230,#5231,#5232,#5233,#5234,#5235,#5236,#5237));
#956=EDGE_LOOP('',(#5238,#5239,#5240,#5241));
#957=EDGE_LOOP('',(#5242,#5243,#5244,#5245,#5246,#5247,#5248,#5249,#5250,
#5251,#5252,#5253,#5254,#5255,#5256,#5257));
#958=EDGE_LOOP('',(#5258,#5259,#5260,#5261,#5262,#5263,#5264,#5265));
#959=EDGE_LOOP('',(#5266,#5267,#5268,#5269));
#960=EDGE_LOOP('',(#5270,#5271,#5272,#5273,#5274,#5275,#5276,#5277));
#961=EDGE_LOOP('',(#5278,#5279,#5280,#5281));
#962=EDGE_LOOP('',(#5282,#5283,#5284,#5285));
#963=EDGE_LOOP('',(#5286,#5287,#5288,#5289));
#964=EDGE_LOOP('',(#5290,#5291,#5292,#5293));
#965=EDGE_LOOP('',(#5294,#5295,#5296,#5297,#5298,#5299,#5300,#5301));
#966=EDGE_LOOP('',(#5302,#5303,#5304,#5305));
#967=EDGE_LOOP('',(#5306,#5307,#5308,#5309,#5310,#5311,#5312,#5313));
#968=EDGE_LOOP('',(#5314,#5315,#5316,#5317));
#969=EDGE_LOOP('',(#5318,#5319,#5320,#5321));
#970=EDGE_LOOP('',(#5322,#5323,#5324,#5325,#5326,#5327,#5328,#5329,#5330,
#5331,#5332,#5333));
#971=EDGE_LOOP('',(#5334,#5335,#5336,#5337));
#972=EDGE_LOOP('',(#5338,#5339,#5340,#5341));
#973=EDGE_LOOP('',(#5342,#5343,#5344,#5345,#5346,#5347,#5348,#5349,#5350,
#5351,#5352,#5353,#5354,#5355,#5356,#5357));
#974=EDGE_LOOP('',(#5358,#5359,#5360,#5361,#5362,#5363,#5364,#5365,#5366,
#5367,#5368,#5369,#5370,#5371,#5372,#5373,#5374,#5375,#5376,#5377,#5378,
#5379,#5380,#5381,#5382,#5383,#5384,#5385,#5386,#5387));
#975=EDGE_LOOP('',(#5388,#5389,#5390,#5391));
#976=EDGE_LOOP('',(#5392,#5393,#5394,#5395));
#977=EDGE_LOOP('',(#5396,#5397,#5398,#5399));
#978=EDGE_LOOP('',(#5400,#5401,#5402,#5403));
#979=EDGE_LOOP('',(#5404,#5405,#5406,#5407));
#980=EDGE_LOOP('',(#5408,#5409,#5410,#5411));
#981=EDGE_LOOP('',(#5412,#5413,#5414,#5415));
#982=EDGE_LOOP('',(#5416,#5417,#5418,#5419));
#983=EDGE_LOOP('',(#5420,#5421,#5422,#5423,#5424,#5425,#5426,#5427,#5428,
#5429,#5430,#5431,#5432,#5433));
#984=EDGE_LOOP('',(#5434));
#985=EDGE_LOOP('',(#5435));
#986=EDGE_LOOP('',(#5436,#5437,#5438,#5439));
#987=EDGE_LOOP('',(#5440,#5441,#5442,#5443));
#988=EDGE_LOOP('',(#5444,#5445,#5446,#5447));
#989=EDGE_LOOP('',(#5448,#5449,#5450,#5451));
#990=EDGE_LOOP('',(#5452,#5453,#5454,#5455));
#991=EDGE_LOOP('',(#5456,#5457,#5458,#5459));
#992=EDGE_LOOP('',(#5460,#5461,#5462,#5463));
#993=EDGE_LOOP('',(#5464));
#994=EDGE_LOOP('',(#5465,#5466,#5467,#5468,#5469,#5470,#5471,#5472));
#995=EDGE_LOOP('',(#5473));
#996=EDGE_LOOP('',(#5474,#5475,#5476,#5477));
#997=EDGE_LOOP('',(#5478,#5479,#5480,#5481));
#998=EDGE_LOOP('',(#5482,#5483,#5484,#5485));
#999=EDGE_LOOP('',(#5486,#5487,#5488,#5489));
#1000=EDGE_LOOP('',(#5490,#5491,#5492,#5493));
#1001=EDGE_LOOP('',(#5494,#5495,#5496,#5497));
#1002=EDGE_LOOP('',(#5498,#5499,#5500,#5501));
#1003=EDGE_LOOP('',(#5502,#5503,#5504,#5505));
#1004=EDGE_LOOP('',(#5506,#5507,#5508));
#1005=EDGE_LOOP('',(#5509,#5510,#5511,#5512));
#1006=EDGE_LOOP('',(#5513,#5514,#5515));
#1007=EDGE_LOOP('',(#5516,#5517,#5518,#5519));
#1008=EDGE_LOOP('',(#5520,#5521,#5522));
#1009=EDGE_LOOP('',(#5523,#5524,#5525,#5526));
#1010=EDGE_LOOP('',(#5527,#5528,#5529));
#1011=EDGE_LOOP('',(#5530,#5531,#5532,#5533));
#1012=EDGE_LOOP('',(#5534,#5535,#5536));
#1013=EDGE_LOOP('',(#5537,#5538,#5539,#5540));
#1014=EDGE_LOOP('',(#5541,#5542,#5543));
#1015=EDGE_LOOP('',(#5544,#5545,#5546,#5547));
#1016=EDGE_LOOP('',(#5548,#5549,#5550));
#1017=EDGE_LOOP('',(#5551,#5552,#5553,#5554));
#1018=EDGE_LOOP('',(#5555,#5556,#5557));
#1019=EDGE_LOOP('',(#5558,#5559,#5560,#5561));
#1020=EDGE_LOOP('',(#5562,#5563,#5564));
#1021=EDGE_LOOP('',(#5565,#5566,#5567,#5568));
#1022=EDGE_LOOP('',(#5569,#5570,#5571));
#1023=EDGE_LOOP('',(#5572,#5573,#5574,#5575));
#1024=EDGE_LOOP('',(#5576,#5577,#5578));
#1025=EDGE_LOOP('',(#5579,#5580,#5581,#5582));
#1026=EDGE_LOOP('',(#5583,#5584,#5585));
#1027=EDGE_LOOP('',(#5586,#5587,#5588,#5589));
#1028=EDGE_LOOP('',(#5590,#5591,#5592));
#1029=EDGE_LOOP('',(#5593,#5594,#5595,#5596));
#1030=EDGE_LOOP('',(#5597,#5598,#5599));
#1031=EDGE_LOOP('',(#5600,#5601,#5602,#5603));
#1032=EDGE_LOOP('',(#5604,#5605,#5606,#5607,#5608,#5609,#5610,#5611));
#1033=EDGE_LOOP('',(#5612,#5613,#5614,#5615,#5616,#5617,#5618,#5619));
#1034=EDGE_LOOP('',(#5620,#5621,#5622,#5623));
#1035=EDGE_LOOP('',(#5624,#5625,#5626,#5627));
#1036=EDGE_LOOP('',(#5628,#5629,#5630,#5631));
#1037=EDGE_LOOP('',(#5632,#5633,#5634));
#1038=EDGE_LOOP('',(#5635,#5636,#5637,#5638));
#1039=EDGE_LOOP('',(#5639,#5640,#5641));
#1040=EDGE_LOOP('',(#5642,#5643,#5644,#5645));
#1041=EDGE_LOOP('',(#5646,#5647,#5648,#5649));
#1042=EDGE_LOOP('',(#5650,#5651,#5652,#5653));
#1043=EDGE_LOOP('',(#5654,#5655,#5656,#5657));
#1044=EDGE_LOOP('',(#5658,#5659,#5660,#5661));
#1045=EDGE_LOOP('',(#5662,#5663,#5664));
#1046=EDGE_LOOP('',(#5665,#5666,#5667,#5668));
#1047=EDGE_LOOP('',(#5669,#5670,#5671));
#1048=EDGE_LOOP('',(#5672,#5673,#5674,#5675));
#1049=EDGE_LOOP('',(#5676,#5677,#5678));
#1050=EDGE_LOOP('',(#5679,#5680,#5681));
#1051=EDGE_LOOP('',(#5682,#5683,#5684,#5685));
#1052=EDGE_LOOP('',(#5686,#5687,#5688,#5689));
#1053=EDGE_LOOP('',(#5690,#5691,#5692,#5693));
#1054=EDGE_LOOP('',(#5694,#5695,#5696,#5697));
#1055=EDGE_LOOP('',(#5698,#5699,#5700,#5701));
#1056=EDGE_LOOP('',(#5702,#5703,#5704,#5705));
#1057=EDGE_LOOP('',(#5706,#5707,#5708,#5709));
#1058=EDGE_LOOP('',(#5710,#5711,#5712,#5713));
#1059=EDGE_LOOP('',(#5714,#5715,#5716,#5717,#5718,#5719,#5720,#5721,#5722,
#5723));
#1060=EDGE_LOOP('',(#5724,#5725,#5726,#5727,#5728,#5729,#5730,#5731));
#1061=EDGE_LOOP('',(#5732,#5733,#5734,#5735,#5736,#5737,#5738,#5739,#5740,
#5741));
#1062=EDGE_LOOP('',(#5742,#5743,#5744,#5745,#5746,#5747,#5748,#5749));
#1063=EDGE_LOOP('',(#5750,#5751,#5752,#5753,#5754,#5755,#5756,#5757,#5758,
#5759,#5760,#5761,#5762,#5763,#5764,#5765,#5766,#5767,#5768,#5769));
#1064=EDGE_LOOP('',(#5770,#5771,#5772,#5773));
#1065=EDGE_LOOP('',(#5774,#5775,#5776,#5777));
#1066=EDGE_LOOP('',(#5778));
#1067=EDGE_LOOP('',(#5779));
#1068=EDGE_LOOP('',(#5780,#5781,#5782,#5783));
#1069=EDGE_LOOP('',(#5784,#5785,#5786,#5787,#5788,#5789,#5790,#5791,#5792,
#5793,#5794,#5795,#5796,#5797,#5798,#5799));
#1070=EDGE_LOOP('',(#5800,#5801,#5802,#5803,#5804,#5805,#5806,#5807,#5808,
#5809,#5810,#5811,#5812,#5813,#5814,#5815,#5816,#5817,#5818,#5819,#5820,
#5821));
#1071=EDGE_LOOP('',(#5822,#5823,#5824,#5825));
#1072=EDGE_LOOP('',(#5826,#5827,#5828,#5829));
#1073=EDGE_LOOP('',(#5830,#5831,#5832,#5833));
#1074=EDGE_LOOP('',(#5834,#5835,#5836,#5837));
#1075=EDGE_LOOP('',(#5838,#5839,#5840,#5841));
#1076=EDGE_LOOP('',(#5842,#5843,#5844,#5845));
#1077=EDGE_LOOP('',(#5846,#5847,#5848,#5849));
#1078=EDGE_LOOP('',(#5850,#5851,#5852,#5853));
#1079=EDGE_LOOP('',(#5854,#5855,#5856,#5857));
#1080=EDGE_LOOP('',(#5858,#5859,#5860,#5861));
#1081=EDGE_LOOP('',(#5862,#5863,#5864,#5865));
#1082=EDGE_LOOP('',(#5866,#5867,#5868,#5869));
#1083=EDGE_LOOP('',(#5870,#5871,#5872,#5873));
#1084=EDGE_LOOP('',(#5874,#5875,#5876,#5877));
#1085=EDGE_LOOP('',(#5878,#5879,#5880,#5881));
#1086=EDGE_LOOP('',(#5882,#5883,#5884,#5885));
#1087=EDGE_LOOP('',(#5886,#5887,#5888,#5889));
#1088=EDGE_LOOP('',(#5890,#5891,#5892,#5893));
#1089=EDGE_LOOP('',(#5894,#5895,#5896,#5897));
#1090=EDGE_LOOP('',(#5898,#5899,#5900,#5901));
#1091=EDGE_LOOP('',(#5902,#5903,#5904,#5905));
#1092=EDGE_LOOP('',(#5906,#5907,#5908,#5909));
#1093=EDGE_LOOP('',(#5910,#5911,#5912,#5913));
#1094=EDGE_LOOP('',(#5914,#5915,#5916,#5917,#5918,#5919,#5920,#5921));
#1095=EDGE_LOOP('',(#5922,#5923,#5924));
#1096=EDGE_LOOP('',(#5925,#5926,#5927,#5928));
#1097=EDGE_LOOP('',(#5929,#5930,#5931,#5932));
#1098=EDGE_LOOP('',(#5933,#5934,#5935,#5936));
#1099=EDGE_LOOP('',(#5937,#5938,#5939,#5940));
#1100=EDGE_LOOP('',(#5941,#5942,#5943,#5944));
#1101=EDGE_LOOP('',(#5945,#5946,#5947,#5948));
#1102=EDGE_LOOP('',(#5949,#5950,#5951,#5952));
#1103=EDGE_LOOP('',(#5953,#5954,#5955,#5956));
#1104=EDGE_LOOP('',(#5957,#5958,#5959,#5960));
#1105=EDGE_LOOP('',(#5961,#5962,#5963,#5964));
#1106=EDGE_LOOP('',(#5965,#5966,#5967,#5968));
#1107=EDGE_LOOP('',(#5969,#5970,#5971,#5972));
#1108=EDGE_LOOP('',(#5973,#5974,#5975,#5976));
#1109=EDGE_LOOP('',(#5977,#5978,#5979,#5980));
#1110=EDGE_LOOP('',(#5981,#5982,#5983,#5984));
#1111=EDGE_LOOP('',(#5985,#5986,#5987,#5988));
#1112=EDGE_LOOP('',(#5989,#5990,#5991,#5992));
#1113=EDGE_LOOP('',(#5993,#5994,#5995,#5996));
#1114=EDGE_LOOP('',(#5997,#5998,#5999,#6000,#6001,#6002,#6003,#6004,#6005,
#6006));
#1115=EDGE_LOOP('',(#6007,#6008,#6009,#6010,#6011,#6012,#6013,#6014));
#1116=EDGE_LOOP('',(#6015,#6016,#6017,#6018));
#1117=EDGE_LOOP('',(#6019,#6020,#6021,#6022));
#1118=EDGE_LOOP('',(#6023,#6024,#6025,#6026));
#1119=EDGE_LOOP('',(#6027,#6028,#6029,#6030));
#1120=EDGE_LOOP('',(#6031,#6032,#6033,#6034));
#1121=EDGE_LOOP('',(#6035,#6036,#6037,#6038));
#1122=EDGE_LOOP('',(#6039,#6040,#6041,#6042));
#1123=EDGE_LOOP('',(#6043,#6044,#6045,#6046));
#1124=EDGE_LOOP('',(#6047,#6048,#6049,#6050,#6051,#6052,#6053,#6054));
#1125=EDGE_LOOP('',(#6055,#6056,#6057,#6058));
#1126=EDGE_LOOP('',(#6059,#6060,#6061,#6062));
#1127=EDGE_LOOP('',(#6063,#6064,#6065,#6066));
#1128=EDGE_LOOP('',(#6067,#6068,#6069,#6070));
#1129=EDGE_LOOP('',(#6071,#6072,#6073,#6074));
#1130=EDGE_LOOP('',(#6075,#6076,#6077,#6078));
#1131=EDGE_LOOP('',(#6079,#6080,#6081,#6082));
#1132=EDGE_LOOP('',(#6083,#6084,#6085,#6086));
#1133=EDGE_LOOP('',(#6087,#6088,#6089,#6090));
#1134=EDGE_LOOP('',(#6091,#6092,#6093,#6094));
#1135=EDGE_LOOP('',(#6095,#6096,#6097,#6098));
#1136=EDGE_LOOP('',(#6099,#6100,#6101,#6102));
#1137=EDGE_LOOP('',(#6103,#6104,#6105,#6106));
#1138=EDGE_LOOP('',(#6107,#6108,#6109,#6110));
#1139=EDGE_LOOP('',(#6111,#6112,#6113,#6114));
#1140=EDGE_LOOP('',(#6115,#6116,#6117,#6118));
#1141=EDGE_LOOP('',(#6119,#6120,#6121,#6122));
#1142=EDGE_LOOP('',(#6123,#6124,#6125,#6126));
#1143=EDGE_LOOP('',(#6127,#6128,#6129,#6130));
#1144=EDGE_LOOP('',(#6131,#6132,#6133,#6134));
#1145=EDGE_LOOP('',(#6135,#6136,#6137,#6138,#6139,#6140,#6141,#6142,#6143,
#6144,#6145,#6146,#6147,#6148,#6149,#6150,#6151,#6152,#6153,#6154));
#1146=EDGE_LOOP('',(#6155,#6156,#6157,#6158));
#1147=EDGE_LOOP('',(#6159,#6160,#6161,#6162));
#1148=EDGE_LOOP('',(#6163,#6164,#6165,#6166));
#1149=EDGE_LOOP('',(#6167,#6168,#6169,#6170));
#1150=EDGE_LOOP('',(#6171,#6172,#6173,#6174));
#1151=EDGE_LOOP('',(#6175,#6176,#6177,#6178,#6179,#6180,#6181,#6182));
#1152=EDGE_LOOP('',(#6183,#6184,#6185));
#1153=EDGE_LOOP('',(#6186,#6187,#6188));
#1154=EDGE_LOOP('',(#6189,#6190,#6191));
#1155=EDGE_LOOP('',(#6192,#6193,#6194));
#1156=EDGE_LOOP('',(#6195,#6196,#6197));
#1157=EDGE_LOOP('',(#6198,#6199,#6200));
#1158=EDGE_LOOP('',(#6201,#6202,#6203));
#1159=EDGE_LOOP('',(#6204,#6205,#6206));
#1160=EDGE_LOOP('',(#6207,#6208,#6209));
#1161=EDGE_LOOP('',(#6210,#6211,#6212));
#1162=EDGE_LOOP('',(#6213,#6214,#6215));
#1163=EDGE_LOOP('',(#6216,#6217,#6218));
#1164=EDGE_LOOP('',(#6219,#6220,#6221));
#1165=EDGE_LOOP('',(#6222,#6223,#6224));
#1166=EDGE_LOOP('',(#6225,#6226,#6227));
#1167=EDGE_LOOP('',(#6228,#6229,#6230,#6231));
#1168=EDGE_LOOP('',(#6232,#6233,#6234,#6235));
#1169=EDGE_LOOP('',(#6236,#6237,#6238,#6239,#6240,#6241));
#1170=EDGE_LOOP('',(#6242,#6243,#6244,#6245,#6246));
#1171=EDGE_LOOP('',(#6247,#6248,#6249,#6250,#6251));
#1172=EDGE_LOOP('',(#6252,#6253,#6254,#6255,#6256));
#1173=EDGE_LOOP('',(#6257,#6258,#6259,#6260));
#1174=EDGE_LOOP('',(#6261,#6262,#6263,#6264));
#1175=EDGE_LOOP('',(#6265,#6266,#6267,#6268,#6269));
#1176=EDGE_LOOP('',(#6270,#6271,#6272,#6273,#6274,#6275));
#1177=EDGE_LOOP('',(#6276,#6277,#6278,#6279,#6280));
#1178=EDGE_LOOP('',(#6281,#6282,#6283,#6284,#6285));
#1179=EDGE_LOOP('',(#6286,#6287,#6288,#6289,#6290,#6291));
#1180=EDGE_LOOP('',(#6292,#6293,#6294,#6295));
#1181=EDGE_LOOP('',(#6296,#6297,#6298,#6299,#6300));
#1182=EDGE_LOOP('',(#6301,#6302,#6303,#6304,#6305,#6306));
#1183=EDGE_LOOP('',(#6307,#6308,#6309,#6310,#6311));
#1184=EDGE_LOOP('',(#6312,#6313,#6314,#6315));
#1185=EDGE_LOOP('',(#6316,#6317,#6318,#6319,#6320));
#1186=EDGE_LOOP('',(#6321,#6322,#6323,#6324,#6325));
#1187=EDGE_LOOP('',(#6326,#6327,#6328,#6329));
#1188=EDGE_LOOP('',(#6330,#6331,#6332,#6333));
#1189=EDGE_LOOP('',(#6334,#6335,#6336,#6337,#6338));
#1190=EDGE_LOOP('',(#6339,#6340,#6341,#6342,#6343,#6344));
#1191=EDGE_LOOP('',(#6345,#6346,#6347,#6348,#6349));
#1192=EDGE_LOOP('',(#6350,#6351,#6352,#6353,#6354));
#1193=EDGE_LOOP('',(#6355,#6356,#6357,#6358,#6359));
#1194=EDGE_LOOP('',(#6360,#6361,#6362,#6363));
#1195=EDGE_LOOP('',(#6364,#6365,#6366,#6367));
#1196=EDGE_LOOP('',(#6368,#6369,#6370,#6371,#6372));
#1197=EDGE_LOOP('',(#6373,#6374,#6375,#6376,#6377,#6378));
#1198=EDGE_LOOP('',(#6379,#6380,#6381,#6382,#6383));
#1199=EDGE_LOOP('',(#6384,#6385,#6386,#6387,#6388));
#1200=EDGE_LOOP('',(#6389,#6390,#6391,#6392));
#1201=EDGE_LOOP('',(#6393,#6394,#6395,#6396));
#1202=EDGE_LOOP('',(#6397,#6398,#6399,#6400,#6401));
#1203=EDGE_LOOP('',(#6402,#6403,#6404,#6405,#6406,#6407));
#1204=EDGE_LOOP('',(#6408,#6409,#6410,#6411,#6412));
#1205=EDGE_LOOP('',(#6413,#6414,#6415,#6416,#6417));
#1206=EDGE_LOOP('',(#6418,#6419,#6420,#6421,#6422));
#1207=EDGE_LOOP('',(#6423,#6424,#6425,#6426));
#1208=EDGE_LOOP('',(#6427,#6428,#6429,#6430));
#1209=EDGE_LOOP('',(#6431,#6432,#6433,#6434,#6435));
#1210=EDGE_LOOP('',(#6436,#6437,#6438,#6439,#6440,#6441));
#1211=EDGE_LOOP('',(#6442,#6443,#6444,#6445,#6446));
#1212=EDGE_LOOP('',(#6447,#6448,#6449,#6450,#6451));
#1213=EDGE_LOOP('',(#6452,#6453,#6454,#6455,#6456));
#1214=EDGE_LOOP('',(#6457,#6458,#6459,#6460));
#1215=EDGE_LOOP('',(#6461,#6462,#6463,#6464,#6465));
#1216=EDGE_LOOP('',(#6466,#6467,#6468,#6469));
#1217=EDGE_LOOP('',(#6470,#6471,#6472,#6473,#6474,#6475,#6476,#6477,#6478,
#6479,#6480,#6481,#6482,#6483,#6484,#6485,#6486,#6487,#6488,#6489,#6490,
#6491,#6492,#6493,#6494,#6495,#6496,#6497,#6498,#6499,#6500,#6501,#6502,
#6503,#6504,#6505));
#1218=EDGE_LOOP('',(#6506));
#1219=EDGE_LOOP('',(#6507));
#1220=EDGE_LOOP('',(#6508,#6509,#6510,#6511));
#1221=EDGE_LOOP('',(#6512,#6513,#6514,#6515));
#1222=EDGE_LOOP('',(#6516,#6517,#6518,#6519));
#1223=EDGE_LOOP('',(#6520,#6521,#6522,#6523));
#1224=EDGE_LOOP('',(#6524,#6525,#6526,#6527,#6528));
#1225=EDGE_LOOP('',(#6529,#6530,#6531,#6532,#6533));
#1226=EDGE_LOOP('',(#6534,#6535,#6536,#6537));
#1227=EDGE_LOOP('',(#6538,#6539,#6540,#6541));
#1228=EDGE_LOOP('',(#6542,#6543,#6544,#6545));
#1229=EDGE_LOOP('',(#6546,#6547,#6548,#6549,#6550));
#1230=EDGE_LOOP('',(#6551,#6552,#6553,#6554));
#1231=EDGE_LOOP('',(#6555,#6556,#6557,#6558,#6559));
#1232=EDGE_LOOP('',(#6560,#6561,#6562,#6563));
#1233=EDGE_LOOP('',(#6564,#6565,#6566,#6567));
#1234=EDGE_LOOP('',(#6568,#6569,#6570,#6571));
#1235=EDGE_LOOP('',(#6572,#6573,#6574,#6575,#6576,#6577,#6578,#6579,#6580,
#6581,#6582,#6583,#6584,#6585,#6586,#6587,#6588,#6589,#6590,#6591,#6592,
#6593,#6594,#6595,#6596,#6597,#6598,#6599,#6600,#6601,#6602,#6603,#6604,
#6605,#6606,#6607));
#1236=EDGE_LOOP('',(#6608,#6609,#6610,#6611,#6612,#6613,#6614,#6615,#6616,
#6617,#6618,#6619,#6620,#6621,#6622,#6623,#6624,#6625,#6626,#6627,#6628,
#6629,#6630,#6631,#6632,#6633,#6634,#6635,#6636,#6637,#6638,#6639,#6640,
#6641,#6642,#6643));
#1237=EDGE_LOOP('',(#6644,#6645,#6646,#6647,#6648));
#1238=EDGE_LOOP('',(#6649,#6650,#6651,#6652));
#1239=EDGE_LOOP('',(#6653,#6654,#6655,#6656,#6657));
#1240=EDGE_LOOP('',(#6658,#6659,#6660,#6661));
#1241=EDGE_LOOP('',(#6662,#6663,#6664,#6665));
#1242=EDGE_LOOP('',(#6666,#6667,#6668,#6669));
#1243=EDGE_LOOP('',(#6670,#6671,#6672,#6673));
#1244=EDGE_LOOP('',(#6674,#6675,#6676,#6677));
#1245=EDGE_LOOP('',(#6678,#6679,#6680,#6681,#6682));
#1246=EDGE_LOOP('',(#6683,#6684,#6685,#6686));
#1247=EDGE_LOOP('',(#6687,#6688,#6689,#6690,#6691));
#1248=EDGE_LOOP('',(#6692,#6693,#6694,#6695));
#1249=EDGE_LOOP('',(#6696,#6697,#6698,#6699));
#1250=EDGE_LOOP('',(#6700,#6701,#6702,#6703));
#1251=EDGE_LOOP('',(#6704,#6705,#6706,#6707));
#1252=EDGE_LOOP('',(#6708,#6709,#6710,#6711,#6712));
#1253=EDGE_LOOP('',(#6713,#6714,#6715,#6716));
#1254=EDGE_LOOP('',(#6717,#6718,#6719,#6720,#6721));
#1255=EDGE_LOOP('',(#6722,#6723,#6724,#6725));
#1256=EDGE_LOOP('',(#6726,#6727,#6728,#6729));
#1257=EDGE_LOOP('',(#6730,#6731,#6732,#6733));
#1258=EDGE_LOOP('',(#6734,#6735,#6736,#6737,#6738));
#1259=EDGE_LOOP('',(#6739,#6740,#6741,#6742));
#1260=EDGE_LOOP('',(#6743,#6744,#6745,#6746,#6747));
#1261=EDGE_LOOP('',(#6748,#6749,#6750,#6751));
#1262=EDGE_LOOP('',(#6752,#6753,#6754,#6755));
#1263=EDGE_LOOP('',(#6756,#6757,#6758,#6759));
#1264=EDGE_LOOP('',(#6760,#6761,#6762,#6763));
#1265=EDGE_LOOP('',(#6764,#6765,#6766,#6767,#6768));
#1266=EDGE_LOOP('',(#6769,#6770,#6771,#6772));
#1267=EDGE_LOOP('',(#6773,#6774,#6775,#6776,#6777));
#1268=EDGE_LOOP('',(#6778,#6779,#6780,#6781));
#1269=EDGE_LOOP('',(#6782,#6783,#6784,#6785));
#1270=EDGE_LOOP('',(#6786,#6787,#6788,#6789));
#1271=EDGE_LOOP('',(#6790,#6791,#6792,#6793));
#1272=EDGE_LOOP('',(#6794,#6795,#6796,#6797));
#1273=EDGE_LOOP('',(#6798,#6799,#6800,#6801));
#1274=EDGE_LOOP('',(#6802,#6803,#6804,#6805));
#1275=EDGE_LOOP('',(#6806,#6807,#6808,#6809));
#1276=EDGE_LOOP('',(#6810,#6811,#6812,#6813));
#1277=EDGE_LOOP('',(#6814,#6815,#6816,#6817));
#1278=EDGE_LOOP('',(#6818,#6819,#6820,#6821));
#1279=EDGE_LOOP('',(#6822,#6823,#6824,#6825));
#1280=EDGE_LOOP('',(#6826,#6827,#6828,#6829));
#1281=EDGE_LOOP('',(#6830,#6831,#6832,#6833));
#1282=EDGE_LOOP('',(#6834,#6835,#6836,#6837));
#1283=EDGE_LOOP('',(#6838,#6839,#6840,#6841));
#1284=EDGE_LOOP('',(#6842,#6843,#6844,#6845));
#1285=EDGE_LOOP('',(#6846,#6847,#6848,#6849));
#1286=EDGE_LOOP('',(#6850,#6851,#6852,#6853,#6854,#6855,#6856,#6857));
#1287=EDGE_LOOP('',(#6858,#6859,#6860,#6861,#6862,#6863,#6864,#6865));
#1288=EDGE_LOOP('',(#6866,#6867,#6868));
#1289=EDGE_LOOP('',(#6869,#6870,#6871,#6872,#6873,#6874,#6875,#6876));
#1290=EDGE_LOOP('',(#6877,#6878,#6879));
#1291=EDGE_LOOP('',(#6880,#6881,#6882,#6883,#6884,#6885,#6886,#6887));
#1292=EDGE_LOOP('',(#6888,#6889,#6890));
#1293=EDGE_LOOP('',(#6891,#6892,#6893,#6894,#6895,#6896,#6897,#6898));
#1294=EDGE_LOOP('',(#6899,#6900,#6901,#6902,#6903,#6904,#6905,#6906));
#1295=EDGE_LOOP('',(#6907,#6908,#6909));
#1296=EDGE_LOOP('',(#6910,#6911,#6912,#6913));
#1297=EDGE_LOOP('',(#6914,#6915,#6916,#6917,#6918,#6919,#6920,#6921));
#1298=EDGE_LOOP('',(#6922,#6923,#6924,#6925));
#1299=EDGE_LOOP('',(#6926,#6927,#6928,#6929));
#1300=EDGE_LOOP('',(#6930,#6931,#6932,#6933));
#1301=EDGE_LOOP('',(#6934,#6935,#6936,#6937));
#1302=EDGE_LOOP('',(#6938));
#1303=EDGE_LOOP('',(#6939));
#1304=EDGE_LOOP('',(#6940,#6941,#6942,#6943));
#1305=EDGE_LOOP('',(#6944));
#1306=EDGE_LOOP('',(#6945));
#1307=EDGE_LOOP('',(#6946,#6947,#6948,#6949));
#1308=EDGE_LOOP('',(#6950,#6951,#6952,#6953));
#1309=EDGE_LOOP('',(#6954,#6955,#6956,#6957,#6958,#6959,#6960,#6961));
#1310=EDGE_LOOP('',(#6962));
#1311=EDGE_LOOP('',(#6963,#6964,#6965,#6966));
#1312=EDGE_LOOP('',(#6967));
#1313=EDGE_LOOP('',(#6968));
#1314=EDGE_LOOP('',(#6969,#6970,#6971,#6972));
#1315=EDGE_LOOP('',(#6973,#6974,#6975,#6976));
#1316=EDGE_LOOP('',(#6977,#6978,#6979,#6980,#6981,#6982,#6983,#6984));
#1317=EDGE_LOOP('',(#6985));
#1318=EDGE_LOOP('',(#6986,#6987,#6988,#6989));
#1319=EDGE_LOOP('',(#6990,#6991,#6992,#6993));
#1320=EDGE_LOOP('',(#6994));
#1321=EDGE_LOOP('',(#6995,#6996,#6997,#6998));
#1322=EDGE_LOOP('',(#6999));
#1323=EDGE_LOOP('',(#7000,#7001,#7002,#7003));
#1324=EDGE_LOOP('',(#7004,#7005,#7006,#7007));
#1325=EDGE_LOOP('',(#7008,#7009,#7010,#7011));
#1326=EDGE_LOOP('',(#7012,#7013,#7014,#7015));
#1327=EDGE_LOOP('',(#7016,#7017,#7018,#7019));
#1328=EDGE_LOOP('',(#7020,#7021,#7022,#7023));
#1329=EDGE_LOOP('',(#7024));
#1330=EDGE_LOOP('',(#7025,#7026,#7027,#7028));
#1331=EDGE_LOOP('',(#7029));
#1332=EDGE_LOOP('',(#7030,#7031,#7032,#7033,#7034,#7035,#7036,#7037));
#1333=EDGE_LOOP('',(#7038));
#1334=EDGE_LOOP('',(#7039,#7040,#7041,#7042));
#1335=EDGE_LOOP('',(#7043,#7044,#7045,#7046));
#1336=EDGE_LOOP('',(#7047,#7048,#7049,#7050));
#1337=EDGE_LOOP('',(#7051,#7052,#7053,#7054));
#1338=EDGE_LOOP('',(#7055));
#1339=EDGE_LOOP('',(#7056));
#1340=EDGE_LOOP('',(#7057,#7058,#7059,#7060,#7061,#7062,#7063,#7064));
#1341=EDGE_LOOP('',(#7065));
#1342=EDGE_LOOP('',(#7066,#7067,#7068,#7069,#7070,#7071));
#1343=EDGE_LOOP('',(#7072,#7073,#7074,#7075));
#1344=EDGE_LOOP('',(#7076,#7077,#7078,#7079,#7080,#7081));
#1345=EDGE_LOOP('',(#7082,#7083,#7084,#7085));
#1346=EDGE_LOOP('',(#7086,#7087,#7088,#7089,#7090,#7091));
#1347=EDGE_LOOP('',(#7092,#7093,#7094,#7095));
#1348=EDGE_LOOP('',(#7096,#7097,#7098,#7099,#7100,#7101));
#1349=EDGE_LOOP('',(#7102,#7103,#7104,#7105));
#1350=EDGE_LOOP('',(#7106,#7107,#7108,#7109));
#1351=EDGE_LOOP('',(#7110,#7111,#7112,#7113));
#1352=EDGE_LOOP('',(#7114,#7115,#7116,#7117,#7118));
#1353=EDGE_LOOP('',(#7119,#7120,#7121,#7122));
#1354=EDGE_LOOP('',(#7123,#7124,#7125,#7126));
#1355=EDGE_LOOP('',(#7127,#7128,#7129,#7130));
#1356=EDGE_LOOP('',(#7131,#7132,#7133,#7134));
#1357=EDGE_LOOP('',(#7135,#7136,#7137,#7138));
#1358=EDGE_LOOP('',(#7139,#7140,#7141,#7142));
#1359=EDGE_LOOP('',(#7143,#7144,#7145,#7146,#7147));
#1360=EDGE_LOOP('',(#7148));
#1361=EDGE_LOOP('',(#7149));
#1362=EDGE_LOOP('',(#7150,#7151,#7152,#7153,#7154,#7155,#7156,#7157,#7158,
#7159,#7160,#7161,#7162));
#1363=EDGE_LOOP('',(#7163,#7164,#7165,#7166));
#1364=EDGE_LOOP('',(#7167));
#1365=EDGE_LOOP('',(#7168,#7169,#7170,#7171));
#1366=EDGE_LOOP('',(#7172,#7173,#7174,#7175));
#1367=EDGE_LOOP('',(#7176,#7177,#7178,#7179,#7180,#7181,#7182,#7183));
#1368=EDGE_LOOP('',(#7184,#7185,#7186,#7187));
#1369=EDGE_LOOP('',(#7188,#7189,#7190,#7191));
#1370=EDGE_LOOP('',(#7192,#7193,#7194,#7195));
#1371=EDGE_LOOP('',(#7196,#7197,#7198,#7199));
#1372=EDGE_LOOP('',(#7200,#7201,#7202,#7203));
#1373=EDGE_LOOP('',(#7204,#7205,#7206,#7207));
#1374=EDGE_LOOP('',(#7208,#7209,#7210,#7211));
#1375=EDGE_LOOP('',(#7212,#7213,#7214,#7215));
#1376=EDGE_LOOP('',(#7216,#7217,#7218,#7219));
#1377=EDGE_LOOP('',(#7220));
#1378=EDGE_LOOP('',(#7221));
#1379=EDGE_LOOP('',(#7222));
#1380=EDGE_LOOP('',(#7223));
#1381=EDGE_LOOP('',(#7224,#7225,#7226,#7227));
#1382=EDGE_LOOP('',(#7228,#7229,#7230,#7231));
#1383=EDGE_LOOP('',(#7232,#7233,#7234,#7235));
#1384=EDGE_LOOP('',(#7236,#7237,#7238,#7239));
#1385=EDGE_LOOP('',(#7240,#7241,#7242,#7243));
#1386=EDGE_LOOP('',(#7244,#7245,#7246,#7247));
#1387=EDGE_LOOP('',(#7248,#7249,#7250,#7251));
#1388=EDGE_LOOP('',(#7252,#7253,#7254,#7255));
#1389=EDGE_LOOP('',(#7256,#7257,#7258,#7259));
#1390=EDGE_LOOP('',(#7260,#7261,#7262,#7263));
#1391=EDGE_LOOP('',(#7264,#7265,#7266,#7267));
#1392=EDGE_LOOP('',(#7268,#7269,#7270,#7271));
#1393=LINE('',#10406,#2238);
#1394=LINE('',#10409,#2239);
#1395=LINE('',#10415,#2240);
#1396=LINE('',#10417,#2241);
#1397=LINE('',#10425,#2242);
#1398=LINE('',#10427,#2243);
#1399=LINE('',#10435,#2244);
#1400=LINE('',#10437,#2245);
#1401=LINE('',#10445,#2246);
#1402=LINE('',#10447,#2247);
#1403=LINE('',#10455,#2248);
#1404=LINE('',#10457,#2249);
#1405=LINE('',#10468,#2250);
#1406=LINE('',#10469,#2251);
#1407=LINE('',#10479,#2252);
#1408=LINE('',#10480,#2253);
#1409=LINE('',#10487,#2254);
#1410=LINE('',#10490,#2255);
#1411=LINE('',#10493,#2256);
#1412=LINE('',#10494,#2257);
#1413=LINE('',#10497,#2258);
#1414=LINE('',#10501,#2259);
#1415=LINE('',#10505,#2260);
#1416=LINE('',#10509,#2261);
#1417=LINE('',#10513,#2262);
#1418=LINE('',#10517,#2263);
#1419=LINE('',#10518,#2264);
#1420=LINE('',#10521,#2265);
#1421=LINE('',#10525,#2266);
#1422=LINE('',#10526,#2267);
#1423=LINE('',#10529,#2268);
#1424=LINE('',#10533,#2269);
#1425=LINE('',#10534,#2270);
#1426=LINE('',#10541,#2271);
#1427=LINE('',#10544,#2272);
#1428=LINE('',#10547,#2273);
#1429=LINE('',#10549,#2274);
#1430=LINE('',#10550,#2275);
#1431=LINE('',#10553,#2276);
#1432=LINE('',#10557,#2277);
#1433=LINE('',#10563,#2278);
#1434=LINE('',#10567,#2279);
#1435=LINE('',#10571,#2280);
#1436=LINE('',#10577,#2281);
#1437=LINE('',#10581,#2282);
#1438=LINE('',#10585,#2283);
#1439=LINE('',#10588,#2284);
#1440=LINE('',#10590,#2285);
#1441=LINE('',#10595,#2286);
#1442=LINE('',#10596,#2287);
#1443=LINE('',#10600,#2288);
#1444=LINE('',#10606,#2289);
#1445=LINE('',#10609,#2290);
#1446=LINE('',#10612,#2291);
#1447=LINE('',#10614,#2292);
#1448=LINE('',#10616,#2293);
#1449=LINE('',#10618,#2294);
#1450=LINE('',#10620,#2295);
#1451=LINE('',#10622,#2296);
#1452=LINE('',#10623,#2297);
#1453=LINE('',#10629,#2298);
#1454=LINE('',#10632,#2299);
#1455=LINE('',#10634,#2300);
#1456=LINE('',#10636,#2301);
#1457=LINE('',#10640,#2302);
#1458=LINE('',#10644,#2303);
#1459=LINE('',#10648,#2304);
#1460=LINE('',#10652,#2305);
#1461=LINE('',#10656,#2306);
#1462=LINE('',#10660,#2307);
#1463=LINE('',#10661,#2308);
#1464=LINE('',#10663,#2309);
#1465=LINE('',#10664,#2310);
#1466=LINE('',#10667,#2311);
#1467=LINE('',#10670,#2312);
#1468=LINE('',#10673,#2313);
#1469=LINE('',#10675,#2314);
#1470=LINE('',#10677,#2315);
#1471=LINE('',#10679,#2316);
#1472=LINE('',#10681,#2317);
#1473=LINE('',#10682,#2318);
#1474=LINE('',#10686,#2319);
#1475=LINE('',#10690,#2320);
#1476=LINE('',#10693,#2321);
#1477=LINE('',#10694,#2322);
#1478=LINE('',#10699,#2323);
#1479=LINE('',#10700,#2324);
#1480=LINE('',#10703,#2325);
#1481=LINE('',#10705,#2326);
#1482=LINE('',#10707,#2327);
#1483=LINE('',#10709,#2328);
#1484=LINE('',#10710,#2329);
#1485=LINE('',#10714,#2330);
#1486=LINE('',#10716,#2331);
#1487=LINE('',#10717,#2332);
#1488=LINE('',#10721,#2333);
#1489=LINE('',#10724,#2334);
#1490=LINE('',#10727,#2335);
#1491=LINE('',#10730,#2336);
#1492=LINE('',#10732,#2337);
#1493=LINE('',#10734,#2338);
#1494=LINE('',#10736,#2339);
#1495=LINE('',#10738,#2340);
#1496=LINE('',#10740,#2341);
#1497=LINE('',#10742,#2342);
#1498=LINE('',#10744,#2343);
#1499=LINE('',#10746,#2344);
#1500=LINE('',#10747,#2345);
#1501=LINE('',#10750,#2346);
#1502=LINE('',#10752,#2347);
#1503=LINE('',#10754,#2348);
#1504=LINE('',#10755,#2349);
#1505=LINE('',#10762,#2350);
#1506=LINE('',#10766,#2351);
#1507=LINE('',#10770,#2352);
#1508=LINE('',#10773,#2353);
#1509=LINE('',#10775,#2354);
#1510=LINE('',#10777,#2355);
#1511=LINE('',#10778,#2356);
#1512=LINE('',#10779,#2357);
#1513=LINE('',#10780,#2358);
#1514=LINE('',#10781,#2359);
#1515=LINE('',#10783,#2360);
#1516=LINE('',#10785,#2361);
#1517=LINE('',#10786,#2362);
#1518=LINE('',#10787,#2363);
#1519=LINE('',#10788,#2364);
#1520=LINE('',#10790,#2365);
#1521=LINE('',#10791,#2366);
#1522=LINE('',#10793,#2367);
#1523=LINE('',#10795,#2368);
#1524=LINE('',#10797,#2369);
#1525=LINE('',#10799,#2370);
#1526=LINE('',#10801,#2371);
#1527=LINE('',#10804,#2372);
#1528=LINE('',#10815,#2373);
#1529=LINE('',#10819,#2374);
#1530=LINE('',#10822,#2375);
#1531=LINE('',#10824,#2376);
#1532=LINE('',#10825,#2377);
#1533=LINE('',#10828,#2378);
#1534=LINE('',#10829,#2379);
#1535=LINE('',#10832,#2380);
#1536=LINE('',#10833,#2381);
#1537=LINE('',#10835,#2382);
#1538=LINE('',#10839,#2383);
#1539=LINE('',#10843,#2384);
#1540=LINE('',#10847,#2385);
#1541=LINE('',#10851,#2386);
#1542=LINE('',#10854,#2387);
#1543=LINE('',#10855,#2388);
#1544=LINE('',#10857,#2389);
#1545=LINE('',#10859,#2390);
#1546=LINE('',#10861,#2391);
#1547=LINE('',#10863,#2392);
#1548=LINE('',#10865,#2393);
#1549=LINE('',#10867,#2394);
#1550=LINE('',#10871,#2395);
#1551=LINE('',#10872,#2396);
#1552=LINE('',#10875,#2397);
#1553=LINE('',#10876,#2398);
#1554=LINE('',#10878,#2399);
#1555=LINE('',#10883,#2400);
#1556=LINE('',#10884,#2401);
#1557=LINE('',#10885,#2402);
#1558=LINE('',#10888,#2403);
#1559=LINE('',#10889,#2404);
#1560=LINE('',#10892,#2405);
#1561=LINE('',#10893,#2406);
#1562=LINE('',#10895,#2407);
#1563=LINE('',#10898,#2408);
#1564=LINE('',#10899,#2409);
#1565=LINE('',#10902,#2410);
#1566=LINE('',#10903,#2411);
#1567=LINE('',#10905,#2412);
#1568=LINE('',#10909,#2413);
#1569=LINE('',#10910,#2414);
#1570=LINE('',#10913,#2415);
#1571=LINE('',#10914,#2416);
#1572=LINE('',#10916,#2417);
#1573=LINE('',#10920,#2418);
#1574=LINE('',#10921,#2419);
#1575=LINE('',#10924,#2420);
#1576=LINE('',#10925,#2421);
#1577=LINE('',#10927,#2422);
#1578=LINE('',#10931,#2423);
#1579=LINE('',#10932,#2424);
#1580=LINE('',#10935,#2425);
#1581=LINE('',#10936,#2426);
#1582=LINE('',#10938,#2427);
#1583=LINE('',#10943,#2428);
#1584=LINE('',#10944,#2429);
#1585=LINE('',#10945,#2430);
#1586=LINE('',#10948,#2431);
#1587=LINE('',#10949,#2432);
#1588=LINE('',#10952,#2433);
#1589=LINE('',#10953,#2434);
#1590=LINE('',#10955,#2435);
#1591=LINE('',#10964,#2436);
#1592=LINE('',#10967,#2437);
#1593=LINE('',#10973,#2438);
#1594=LINE('',#10975,#2439);
#1595=LINE('',#10983,#2440);
#1596=LINE('',#10985,#2441);
#1597=LINE('',#10993,#2442);
#1598=LINE('',#10995,#2443);
#1599=LINE('',#11006,#2444);
#1600=LINE('',#11007,#2445);
#1601=LINE('',#11018,#2446);
#1602=LINE('',#11019,#2447);
#1603=LINE('',#11027,#2448);
#1604=LINE('',#11029,#2449);
#1605=LINE('',#11036,#2450);
#1606=LINE('',#11038,#2451);
#1607=LINE('',#11045,#2452);
#1608=LINE('',#11048,#2453);
#1609=LINE('',#11051,#2454);
#1610=LINE('',#11052,#2455);
#1611=LINE('',#11055,#2456);
#1612=LINE('',#11059,#2457);
#1613=LINE('',#11060,#2458);
#1614=LINE('',#11063,#2459);
#1615=LINE('',#11067,#2460);
#1616=LINE('',#11068,#2461);
#1617=LINE('',#11071,#2462);
#1618=LINE('',#11075,#2463);
#1619=LINE('',#11076,#2464);
#1620=LINE('',#11080,#2465);
#1621=LINE('',#11082,#2466);
#1622=LINE('',#11084,#2467);
#1623=LINE('',#11086,#2468);
#1624=LINE('',#11088,#2469);
#1625=LINE('',#11090,#2470);
#1626=LINE('',#11092,#2471);
#1627=LINE('',#11093,#2472);
#1628=LINE('',#11156,#2473);
#1629=LINE('',#11158,#2474);
#1630=LINE('',#11160,#2475);
#1631=LINE('',#11162,#2476);
#1632=LINE('',#11164,#2477);
#1633=LINE('',#11166,#2478);
#1634=LINE('',#11168,#2479);
#1635=LINE('',#11169,#2480);
#1636=LINE('',#11178,#2481);
#1637=LINE('',#11180,#2482);
#1638=LINE('',#11182,#2483);
#1639=LINE('',#11220,#2484);
#1640=LINE('',#11222,#2485);
#1641=LINE('',#11224,#2486);
#1642=LINE('',#11268,#2487);
#1643=LINE('',#11270,#2488);
#1644=LINE('',#11272,#2489);
#1645=LINE('',#11273,#2490);
#1646=LINE('',#11276,#2491);
#1647=LINE('',#11278,#2492);
#1648=LINE('',#11280,#2493);
#1649=LINE('',#11281,#2494);
#1650=LINE('',#11288,#2495);
#1651=LINE('',#11292,#2496);
#1652=LINE('',#11296,#2497);
#1653=LINE('',#11300,#2498);
#1654=LINE('',#11303,#2499);
#1655=LINE('',#11306,#2500);
#1656=LINE('',#11308,#2501);
#1657=LINE('',#11310,#2502);
#1658=LINE('',#11312,#2503);
#1659=LINE('',#11314,#2504);
#1660=LINE('',#11316,#2505);
#1661=LINE('',#11318,#2506);
#1662=LINE('',#11320,#2507);
#1663=LINE('',#11322,#2508);
#1664=LINE('',#11324,#2509);
#1665=LINE('',#11326,#2510);
#1666=LINE('',#11328,#2511);
#1667=LINE('',#11330,#2512);
#1668=LINE('',#11332,#2513);
#1669=LINE('',#11334,#2514);
#1670=LINE('',#11336,#2515);
#1671=LINE('',#11338,#2516);
#1672=LINE('',#11340,#2517);
#1673=LINE('',#11342,#2518);
#1674=LINE('',#11344,#2519);
#1675=LINE('',#11346,#2520);
#1676=LINE('',#11347,#2521);
#1677=LINE('',#11349,#2522);
#1678=LINE('',#11351,#2523);
#1679=LINE('',#11353,#2524);
#1680=LINE('',#11354,#2525);
#1681=LINE('',#11356,#2526);
#1682=LINE('',#11358,#2527);
#1683=LINE('',#11362,#2528);
#1684=LINE('',#11366,#2529);
#1685=LINE('',#11371,#2530);
#1686=LINE('',#11372,#2531);
#1687=LINE('',#11373,#2532);
#1688=LINE('',#11376,#2533);
#1689=LINE('',#11377,#2534);
#1690=LINE('',#11380,#2535);
#1691=LINE('',#11381,#2536);
#1692=LINE('',#11383,#2537);
#1693=LINE('',#11387,#2538);
#1694=LINE('',#11389,#2539);
#1695=LINE('',#11391,#2540);
#1696=LINE('',#11392,#2541);
#1697=LINE('',#11395,#2542);
#1698=LINE('',#11397,#2543);
#1699=LINE('',#11398,#2544);
#1700=LINE('',#11400,#2545);
#1701=LINE('',#11401,#2546);
#1702=LINE('',#11404,#2547);
#1703=LINE('',#11406,#2548);
#1704=LINE('',#11407,#2549);
#1705=LINE('',#11410,#2550);
#1706=LINE('',#11411,#2551);
#1707=LINE('',#11414,#2552);
#1708=LINE('',#11415,#2553);
#1709=LINE('',#11418,#2554);
#1710=LINE('',#11419,#2555);
#1711=LINE('',#11422,#2556);
#1712=LINE('',#11423,#2557);
#1713=LINE('',#11426,#2558);
#1714=LINE('',#11427,#2559);
#1715=LINE('',#11430,#2560);
#1716=LINE('',#11431,#2561);
#1717=LINE('',#11433,#2562);
#1718=LINE('',#11453,#2563);
#1719=LINE('',#11460,#2564);
#1720=LINE('',#11478,#2565);
#1721=LINE('',#11501,#2566);
#1722=LINE('',#11524,#2567);
#1723=LINE('',#11547,#2568);
#1724=LINE('',#11570,#2569);
#1725=LINE('',#11593,#2570);
#1726=LINE('',#11630,#2571);
#1727=LINE('',#11637,#2572);
#1728=LINE('',#11649,#2573);
#1729=LINE('',#11666,#2574);
#1730=LINE('',#11683,#2575);
#1731=LINE('',#11700,#2576);
#1732=LINE('',#11717,#2577);
#1733=LINE('',#11734,#2578);
#1734=LINE('',#11751,#2579);
#1735=LINE('',#11768,#2580);
#1736=LINE('',#11792,#2581);
#1737=LINE('',#11794,#2582);
#1738=LINE('',#11795,#2583);
#1739=LINE('',#11798,#2584);
#1740=LINE('',#11799,#2585);
#1741=LINE('',#11802,#2586);
#1742=LINE('',#11803,#2587);
#1743=LINE('',#11806,#2588);
#1744=LINE('',#11807,#2589);
#1745=LINE('',#11810,#2590);
#1746=LINE('',#11811,#2591);
#1747=LINE('',#11814,#2592);
#1748=LINE('',#11815,#2593);
#1749=LINE('',#11818,#2594);
#1750=LINE('',#11819,#2595);
#1751=LINE('',#11821,#2596);
#1752=LINE('',#11834,#2597);
#1753=LINE('',#11841,#2598);
#1754=LINE('',#11853,#2599);
#1755=LINE('',#11870,#2600);
#1756=LINE('',#11887,#2601);
#1757=LINE('',#11904,#2602);
#1758=LINE('',#11921,#2603);
#1759=LINE('',#11938,#2604);
#1760=LINE('',#11955,#2605);
#1761=LINE('',#11963,#2606);
#1762=LINE('',#11964,#2607);
#1763=LINE('',#11967,#2608);
#1764=LINE('',#11968,#2609);
#1765=LINE('',#11971,#2610);
#1766=LINE('',#11972,#2611);
#1767=LINE('',#11984,#2612);
#1768=LINE('',#12001,#2613);
#1769=LINE('',#12018,#2614);
#1770=LINE('',#12035,#2615);
#1771=LINE('',#12052,#2616);
#1772=LINE('',#12069,#2617);
#1773=LINE('',#12077,#2618);
#1774=LINE('',#12078,#2619);
#1775=LINE('',#12081,#2620);
#1776=LINE('',#12082,#2621);
#1777=LINE('',#12084,#2622);
#1778=LINE('',#12088,#2623);
#1779=LINE('',#12090,#2624);
#1780=LINE('',#12091,#2625);
#1781=LINE('',#12094,#2626);
#1782=LINE('',#12095,#2627);
#1783=LINE('',#12098,#2628);
#1784=LINE('',#12099,#2629);
#1785=LINE('',#12101,#2630);
#1786=LINE('',#12108,#2631);
#1787=LINE('',#12110,#2632);
#1788=LINE('',#12111,#2633);
#1789=LINE('',#12115,#2634);
#1790=LINE('',#12117,#2635);
#1791=LINE('',#12118,#2636);
#1792=LINE('',#12122,#2637);
#1793=LINE('',#12124,#2638);
#1794=LINE('',#12125,#2639);
#1795=LINE('',#12129,#2640);
#1796=LINE('',#12131,#2641);
#1797=LINE('',#12132,#2642);
#1798=LINE('',#12136,#2643);
#1799=LINE('',#12138,#2644);
#1800=LINE('',#12139,#2645);
#1801=LINE('',#12143,#2646);
#1802=LINE('',#12145,#2647);
#1803=LINE('',#12146,#2648);
#1804=LINE('',#12150,#2649);
#1805=LINE('',#12152,#2650);
#1806=LINE('',#12153,#2651);
#1807=LINE('',#12157,#2652);
#1808=LINE('',#12159,#2653);
#1809=LINE('',#12160,#2654);
#1810=LINE('',#12164,#2655);
#1811=LINE('',#12166,#2656);
#1812=LINE('',#12167,#2657);
#1813=LINE('',#12171,#2658);
#1814=LINE('',#12173,#2659);
#1815=LINE('',#12174,#2660);
#1816=LINE('',#12178,#2661);
#1817=LINE('',#12180,#2662);
#1818=LINE('',#12181,#2663);
#1819=LINE('',#12185,#2664);
#1820=LINE('',#12187,#2665);
#1821=LINE('',#12188,#2666);
#1822=LINE('',#12192,#2667);
#1823=LINE('',#12194,#2668);
#1824=LINE('',#12195,#2669);
#1825=LINE('',#12199,#2670);
#1826=LINE('',#12201,#2671);
#1827=LINE('',#12202,#2672);
#1828=LINE('',#12206,#2673);
#1829=LINE('',#12208,#2674);
#1830=LINE('',#12210,#2675);
#1831=LINE('',#12211,#2676);
#1832=LINE('',#12214,#2677);
#1833=LINE('',#12216,#2678);
#1834=LINE('',#12217,#2679);
#1835=LINE('',#12219,#2680);
#1836=LINE('',#12220,#2681);
#1837=LINE('',#12221,#2682);
#1838=LINE('',#12224,#2683);
#1839=LINE('',#12225,#2684);
#1840=LINE('',#12228,#2685);
#1841=LINE('',#12229,#2686);
#1842=LINE('',#12232,#2687);
#1843=LINE('',#12234,#2688);
#1844=LINE('',#12235,#2689);
#1845=LINE('',#12239,#2690);
#1846=LINE('',#12241,#2691);
#1847=LINE('',#12243,#2692);
#1848=LINE('',#12244,#2693);
#1849=LINE('',#12247,#2694);
#1850=LINE('',#12249,#2695);
#1851=LINE('',#12250,#2696);
#1852=LINE('',#12253,#2697);
#1853=LINE('',#12254,#2698);
#1854=LINE('',#12255,#2699);
#1855=LINE('',#12257,#2700);
#1856=LINE('',#12258,#2701);
#1857=LINE('',#12261,#2702);
#1858=LINE('',#12262,#2703);
#1859=LINE('',#12265,#2704);
#1860=LINE('',#12267,#2705);
#1861=LINE('',#12268,#2706);
#1862=LINE('',#12270,#2707);
#1863=LINE('',#12272,#2708);
#1864=LINE('',#12273,#2709);
#1865=LINE('',#12277,#2710);
#1866=LINE('',#12279,#2711);
#1867=LINE('',#12281,#2712);
#1868=LINE('',#12282,#2713);
#1869=LINE('',#12285,#2714);
#1870=LINE('',#12287,#2715);
#1871=LINE('',#12288,#2716);
#1872=LINE('',#12289,#2717);
#1873=LINE('',#12291,#2718);
#1874=LINE('',#12293,#2719);
#1875=LINE('',#12294,#2720);
#1876=LINE('',#12296,#2721);
#1877=LINE('',#12298,#2722);
#1878=LINE('',#12299,#2723);
#1879=LINE('',#12303,#2724);
#1880=LINE('',#12305,#2725);
#1881=LINE('',#12306,#2726);
#1882=LINE('',#12309,#2727);
#1883=LINE('',#12311,#2728);
#1884=LINE('',#12312,#2729);
#1885=LINE('',#12316,#2730);
#1886=LINE('',#12318,#2731);
#1887=LINE('',#12320,#2732);
#1888=LINE('',#12321,#2733);
#1889=LINE('',#12324,#2734);
#1890=LINE('',#12326,#2735);
#1891=LINE('',#12327,#2736);
#1892=LINE('',#12330,#2737);
#1893=LINE('',#12331,#2738);
#1894=LINE('',#12332,#2739);
#1895=LINE('',#12334,#2740);
#1896=LINE('',#12335,#2741);
#1897=LINE('',#12338,#2742);
#1898=LINE('',#12339,#2743);
#1899=LINE('',#12341,#2744);
#1900=LINE('',#12342,#2745);
#1901=LINE('',#12344,#2746);
#1902=LINE('',#12345,#2747);
#1903=LINE('',#12349,#2748);
#1904=LINE('',#12351,#2749);
#1905=LINE('',#12353,#2750);
#1906=LINE('',#12354,#2751);
#1907=LINE('',#12357,#2752);
#1908=LINE('',#12359,#2753);
#1909=LINE('',#12360,#2754);
#1910=LINE('',#12363,#2755);
#1911=LINE('',#12364,#2756);
#1912=LINE('',#12365,#2757);
#1913=LINE('',#12367,#2758);
#1914=LINE('',#12368,#2759);
#1915=LINE('',#12370,#2760);
#1916=LINE('',#12373,#2761);
#1917=LINE('',#12375,#2762);
#1918=LINE('',#12376,#2763);
#1919=LINE('',#12380,#2764);
#1920=LINE('',#12382,#2765);
#1921=LINE('',#12384,#2766);
#1922=LINE('',#12385,#2767);
#1923=LINE('',#12388,#2768);
#1924=LINE('',#12390,#2769);
#1925=LINE('',#12391,#2770);
#1926=LINE('',#12394,#2771);
#1927=LINE('',#12395,#2772);
#1928=LINE('',#12396,#2773);
#1929=LINE('',#12398,#2774);
#1930=LINE('',#12399,#2775);
#1931=LINE('',#12402,#2776);
#1932=LINE('',#12403,#2777);
#1933=LINE('',#12406,#2778);
#1934=LINE('',#12408,#2779);
#1935=LINE('',#12409,#2780);
#1936=LINE('',#12412,#2781);
#1937=LINE('',#12414,#2782);
#1938=LINE('',#12415,#2783);
#1939=LINE('',#12419,#2784);
#1940=LINE('',#12421,#2785);
#1941=LINE('',#12423,#2786);
#1942=LINE('',#12424,#2787);
#1943=LINE('',#12427,#2788);
#1944=LINE('',#12429,#2789);
#1945=LINE('',#12430,#2790);
#1946=LINE('',#12433,#2791);
#1947=LINE('',#12434,#2792);
#1948=LINE('',#12435,#2793);
#1949=LINE('',#12437,#2794);
#1950=LINE('',#12438,#2795);
#1951=LINE('',#12441,#2796);
#1952=LINE('',#12442,#2797);
#1953=LINE('',#12444,#2798);
#1954=LINE('',#12445,#2799);
#1955=LINE('',#12447,#2800);
#1956=LINE('',#12448,#2801);
#1957=LINE('',#12450,#2802);
#1958=LINE('',#12451,#2803);
#1959=LINE('',#12454,#2804);
#1960=LINE('',#12456,#2805);
#1961=LINE('',#12457,#2806);
#1962=LINE('',#12459,#2807);
#1963=LINE('',#12460,#2808);
#1964=LINE('',#12465,#2809);
#1965=LINE('',#12467,#2810);
#1966=LINE('',#12469,#2811);
#1967=LINE('',#12470,#2812);
#1968=LINE('',#12473,#2813);
#1969=LINE('',#12475,#2814);
#1970=LINE('',#12476,#2815);
#1971=LINE('',#12478,#2816);
#1972=LINE('',#12479,#2817);
#1973=LINE('',#12482,#2818);
#1974=LINE('',#12483,#2819);
#1975=LINE('',#12486,#2820);
#1976=LINE('',#12487,#2821);
#1977=LINE('',#12490,#2822);
#1978=LINE('',#12491,#2823);
#1979=LINE('',#12495,#2824);
#1980=LINE('',#12497,#2825);
#1981=LINE('',#12499,#2826);
#1982=LINE('',#12500,#2827);
#1983=LINE('',#12503,#2828);
#1984=LINE('',#12505,#2829);
#1985=LINE('',#12506,#2830);
#1986=LINE('',#12508,#2831);
#1987=LINE('',#12510,#2832);
#1988=LINE('',#12511,#2833);
#1989=LINE('',#12513,#2834);
#1990=LINE('',#12516,#2835);
#1991=LINE('',#12517,#2836);
#1992=LINE('',#12520,#2837);
#1993=LINE('',#12521,#2838);
#1994=LINE('',#12524,#2839);
#1995=LINE('',#12525,#2840);
#1996=LINE('',#12529,#2841);
#1997=LINE('',#12531,#2842);
#1998=LINE('',#12533,#2843);
#1999=LINE('',#12534,#2844);
#2000=LINE('',#12537,#2845);
#2001=LINE('',#12539,#2846);
#2002=LINE('',#12541,#2847);
#2003=LINE('',#12543,#2848);
#2004=LINE('',#12545,#2849);
#2005=LINE('',#12547,#2850);
#2006=LINE('',#12549,#2851);
#2007=LINE('',#12551,#2852);
#2008=LINE('',#12553,#2853);
#2009=LINE('',#12555,#2854);
#2010=LINE('',#12557,#2855);
#2011=LINE('',#12559,#2856);
#2012=LINE('',#12561,#2857);
#2013=LINE('',#12563,#2858);
#2014=LINE('',#12564,#2859);
#2015=LINE('',#12566,#2860);
#2016=LINE('',#12568,#2861);
#2017=LINE('',#12570,#2862);
#2018=LINE('',#12572,#2863);
#2019=LINE('',#12574,#2864);
#2020=LINE('',#12576,#2865);
#2021=LINE('',#12577,#2866);
#2022=LINE('',#12579,#2867);
#2023=LINE('',#12581,#2868);
#2024=LINE('',#12583,#2869);
#2025=LINE('',#12584,#2870);
#2026=LINE('',#12587,#2871);
#2027=LINE('',#12588,#2872);
#2028=LINE('',#12589,#2873);
#2029=LINE('',#12592,#2874);
#2030=LINE('',#12593,#2875);
#2031=LINE('',#12595,#2876);
#2032=LINE('',#12596,#2877);
#2033=LINE('',#12599,#2878);
#2034=LINE('',#12601,#2879);
#2035=LINE('',#12604,#2880);
#2036=LINE('',#12606,#2881);
#2037=LINE('',#12607,#2882);
#2038=LINE('',#12610,#2883);
#2039=LINE('',#12612,#2884);
#2040=LINE('',#12613,#2885);
#2041=LINE('',#12615,#2886);
#2042=LINE('',#12616,#2887);
#2043=LINE('',#12618,#2888);
#2044=LINE('',#12620,#2889);
#2045=LINE('',#12625,#2890);
#2046=LINE('',#12627,#2891);
#2047=LINE('',#12628,#2892);
#2048=LINE('',#12631,#2893);
#2049=LINE('',#12633,#2894);
#2050=LINE('',#12634,#2895);
#2051=LINE('',#12636,#2896);
#2052=LINE('',#12637,#2897);
#2053=LINE('',#12639,#2898);
#2054=LINE('',#12642,#2899);
#2055=LINE('',#12645,#2900);
#2056=LINE('',#12647,#2901);
#2057=LINE('',#12648,#2902);
#2058=LINE('',#12651,#2903);
#2059=LINE('',#12653,#2904);
#2060=LINE('',#12654,#2905);
#2061=LINE('',#12656,#2906);
#2062=LINE('',#12657,#2907);
#2063=LINE('',#12659,#2908);
#2064=LINE('',#12661,#2909);
#2065=LINE('',#12663,#2910);
#2066=LINE('',#12665,#2911);
#2067=LINE('',#12668,#2912);
#2068=LINE('',#12670,#2913);
#2069=LINE('',#12671,#2914);
#2070=LINE('',#12674,#2915);
#2071=LINE('',#12676,#2916);
#2072=LINE('',#12677,#2917);
#2073=LINE('',#12679,#2918);
#2074=LINE('',#12680,#2919);
#2075=LINE('',#12682,#2920);
#2076=LINE('',#12684,#2921);
#2077=LINE('',#12689,#2922);
#2078=LINE('',#12697,#2923);
#2079=LINE('',#12700,#2924);
#2080=LINE('',#12704,#2925);
#2081=LINE('',#12706,#2926);
#2082=LINE('',#12708,#2927);
#2083=LINE('',#12709,#2928);
#2084=LINE('',#12715,#2929);
#2085=LINE('',#12718,#2930);
#2086=LINE('',#12720,#2931);
#2087=LINE('',#12721,#2932);
#2088=LINE('',#12727,#2933);
#2089=LINE('',#12730,#2934);
#2090=LINE('',#12732,#2935);
#2091=LINE('',#12733,#2936);
#2092=LINE('',#12739,#2937);
#2093=LINE('',#12742,#2938);
#2094=LINE('',#12744,#2939);
#2095=LINE('',#12745,#2940);
#2096=LINE('',#12754,#2941);
#2097=LINE('',#12757,#2942);
#2098=LINE('',#12763,#2943);
#2099=LINE('',#12766,#2944);
#2100=LINE('',#12772,#2945);
#2101=LINE('',#12775,#2946);
#2102=LINE('',#12777,#2947);
#2103=LINE('',#12778,#2948);
#2104=LINE('',#12779,#2949);
#2105=LINE('',#12780,#2950);
#2106=LINE('',#12783,#2951);
#2107=LINE('',#12784,#2952);
#2108=LINE('',#12788,#2953);
#2109=LINE('',#12790,#2954);
#2110=LINE('',#12791,#2955);
#2111=LINE('',#12792,#2956);
#2112=LINE('',#12794,#2957);
#2113=LINE('',#12797,#2958);
#2114=LINE('',#12799,#2959);
#2115=LINE('',#12800,#2960);
#2116=LINE('',#12802,#2961);
#2117=LINE('',#12805,#2962);
#2118=LINE('',#12807,#2963);
#2119=LINE('',#12808,#2964);
#2120=LINE('',#12810,#2965);
#2121=LINE('',#12811,#2966);
#2122=LINE('',#12817,#2967);
#2123=LINE('',#12819,#2968);
#2124=LINE('',#12821,#2969);
#2125=LINE('',#12822,#2970);
#2126=LINE('',#12826,#2971);
#2127=LINE('',#12828,#2972);
#2128=LINE('',#12830,#2973);
#2129=LINE('',#12831,#2974);
#2130=LINE('',#12833,#2975);
#2131=LINE('',#12834,#2976);
#2132=LINE('',#12839,#2977);
#2133=LINE('',#12848,#2978);
#2134=LINE('',#12855,#2979);
#2135=LINE('',#12859,#2980);
#2136=LINE('',#12863,#2981);
#2137=LINE('',#12865,#2982);
#2138=LINE('',#12867,#2983);
#2139=LINE('',#12869,#2984);
#2140=LINE('',#12870,#2985);
#2141=LINE('',#12876,#2986);
#2142=LINE('',#12877,#2987);
#2143=LINE('',#12878,#2988);
#2144=LINE('',#12881,#2989);
#2145=LINE('',#12885,#2990);
#2146=LINE('',#12886,#2991);
#2147=LINE('',#12889,#2992);
#2148=LINE('',#12890,#2993);
#2149=LINE('',#12891,#2994);
#2150=LINE('',#12893,#2995);
#2151=LINE('',#12899,#2996);
#2152=LINE('',#12901,#2997);
#2153=LINE('',#12903,#2998);
#2154=LINE('',#12904,#2999);
#2155=LINE('',#12908,#3000);
#2156=LINE('',#12910,#3001);
#2157=LINE('',#12912,#3002);
#2158=LINE('',#12913,#3003);
#2159=LINE('',#12915,#3004);
#2160=LINE('',#12916,#3005);
#2161=LINE('',#12921,#3006);
#2162=LINE('',#12927,#3007);
#2163=LINE('',#12932,#3008);
#2164=LINE('',#12933,#3009);
#2165=LINE('',#12934,#3010);
#2166=LINE('',#12938,#3011);
#2167=LINE('',#12939,#3012);
#2168=LINE('',#12940,#3013);
#2169=LINE('',#12943,#3014);
#2170=LINE('',#12945,#3015);
#2171=LINE('',#12946,#3016);
#2172=LINE('',#12951,#3017);
#2173=LINE('',#12955,#3018);
#2174=LINE('',#12956,#3019);
#2175=LINE('',#12959,#3020);
#2176=LINE('',#12960,#3021);
#2177=LINE('',#12962,#3022);
#2178=LINE('',#12990,#3023);
#2179=LINE('',#12991,#3024);
#2180=LINE('',#13015,#3025);
#2181=LINE('',#13016,#3026);
#2182=LINE('',#13040,#3027);
#2183=LINE('',#13041,#3028);
#2184=LINE('',#13062,#3029);
#2185=LINE('',#13063,#3030);
#2186=LINE('',#13074,#3031);
#2187=LINE('',#13076,#3032);
#2188=LINE('',#13077,#3033);
#2189=LINE('',#13080,#3034);
#2190=LINE('',#13084,#3035);
#2191=LINE('',#13085,#3036);
#2192=LINE('',#13088,#3037);
#2193=LINE('',#13093,#3038);
#2194=LINE('',#13095,#3039);
#2195=LINE('',#13097,#3040);
#2196=LINE('',#13098,#3041);
#2197=LINE('',#13113,#3042);
#2198=LINE('',#13116,#3043);
#2199=LINE('',#13122,#3044);
#2200=LINE('',#13125,#3045);
#2201=LINE('',#13126,#3046);
#2202=LINE('',#13129,#3047);
#2203=LINE('',#13133,#3048);
#2204=LINE('',#13135,#3049);
#2205=LINE('',#13137,#3050);
#2206=LINE('',#13138,#3051);
#2207=LINE('',#13140,#3052);
#2208=LINE('',#13142,#3053);
#2209=LINE('',#13143,#3054);
#2210=LINE('',#13145,#3055);
#2211=LINE('',#13147,#3056);
#2212=LINE('',#13154,#3057);
#2213=LINE('',#13160,#3058);
#2214=LINE('',#13167,#3059);
#2215=LINE('',#13169,#3060);
#2216=LINE('',#13171,#3061);
#2217=LINE('',#13172,#3062);
#2218=LINE('',#13175,#3063);
#2219=LINE('',#13177,#3064);
#2220=LINE('',#13178,#3065);
#2221=LINE('',#13181,#3066);
#2222=LINE('',#13183,#3067);
#2223=LINE('',#13184,#3068);
#2224=LINE('',#13186,#3069);
#2225=LINE('',#13187,#3070);
#2226=LINE('',#13191,#3071);
#2227=LINE('',#13193,#3072);
#2228=LINE('',#13195,#3073);
#2229=LINE('',#13196,#3074);
#2230=LINE('',#13199,#3075);
#2231=LINE('',#13201,#3076);
#2232=LINE('',#13202,#3077);
#2233=LINE('',#13205,#3078);
#2234=LINE('',#13207,#3079);
#2235=LINE('',#13208,#3080);
#2236=LINE('',#13210,#3081);
#2237=LINE('',#13211,#3082);
#2238=VECTOR('',#8387,10.);
#2239=VECTOR('',#8390,10.);
#2240=VECTOR('',#8395,10.);
#2241=VECTOR('',#8398,10.);
#2242=VECTOR('',#8407,10.);
#2243=VECTOR('',#8410,10.);
#2244=VECTOR('',#8419,10.);
#2245=VECTOR('',#8422,10.);
#2246=VECTOR('',#8431,10.);
#2247=VECTOR('',#8434,10.);
#2248=VECTOR('',#8443,10.);
#2249=VECTOR('',#8446,10.);
#2250=VECTOR('',#8459,10.);
#2251=VECTOR('',#8460,10.);
#2252=VECTOR('',#8473,10.);
#2253=VECTOR('',#8474,10.);
#2254=VECTOR('',#8485,10.);
#2255=VECTOR('',#8488,10.);
#2256=VECTOR('',#8491,10.);
#2257=VECTOR('',#8492,10.);
#2258=VECTOR('',#8493,10.);
#2259=VECTOR('',#8496,10.);
#2260=VECTOR('',#8499,10.);
#2261=VECTOR('',#8502,10.);
#2262=VECTOR('',#8507,10.);
#2263=VECTOR('',#8512,10.);
#2264=VECTOR('',#8513,10.);
#2265=VECTOR('',#8516,10.);
#2266=VECTOR('',#8521,10.);
#2267=VECTOR('',#8522,10.);
#2268=VECTOR('',#8525,10.);
#2269=VECTOR('',#8530,10.);
#2270=VECTOR('',#8531,10.);
#2271=VECTOR('',#8538,10.);
#2272=VECTOR('',#8541,10.);
#2273=VECTOR('',#8544,10.);
#2274=VECTOR('',#8545,10.);
#2275=VECTOR('',#8546,10.);
#2276=VECTOR('',#8549,10.);
#2277=VECTOR('',#8552,10.);
#2278=VECTOR('',#8557,10.);
#2279=VECTOR('',#8560,10.);
#2280=VECTOR('',#8563,10.);
#2281=VECTOR('',#8570,10.);
#2282=VECTOR('',#8575,2.);
#2283=VECTOR('',#8580,10.);
#2284=VECTOR('',#8583,10.);
#2285=VECTOR('',#8586,10.);
#2286=VECTOR('',#8591,10.);
#2287=VECTOR('',#8592,10.);
#2288=VECTOR('',#8597,2.);
#2289=VECTOR('',#8602,10.);
#2290=VECTOR('',#8605,10.);
#2291=VECTOR('',#8608,10.);
#2292=VECTOR('',#8609,10.);
#2293=VECTOR('',#8610,10.);
#2294=VECTOR('',#8611,10.);
#2295=VECTOR('',#8612,10.);
#2296=VECTOR('',#8613,10.);
#2297=VECTOR('',#8614,10.);
#2298=VECTOR('',#8619,10.);
#2299=VECTOR('',#8622,10.);
#2300=VECTOR('',#8625,10.);
#2301=VECTOR('',#8626,10.);
#2302=VECTOR('',#8629,10.);
#2303=VECTOR('',#8632,10.);
#2304=VECTOR('',#8635,10.);
#2305=VECTOR('',#8638,10.);
#2306=VECTOR('',#8641,10.);
#2307=VECTOR('',#8646,10.);
#2308=VECTOR('',#8647,10.);
#2309=VECTOR('',#8648,10.);
#2310=VECTOR('',#8649,10.);
#2311=VECTOR('',#8652,10.);
#2312=VECTOR('',#8655,10.);
#2313=VECTOR('',#8658,10.);
#2314=VECTOR('',#8659,10.);
#2315=VECTOR('',#8660,10.);
#2316=VECTOR('',#8661,10.);
#2317=VECTOR('',#8662,10.);
#2318=VECTOR('',#8663,10.);
#2319=VECTOR('',#8668,10.);
#2320=VECTOR('',#8673,10.);
#2321=VECTOR('',#8676,10.);
#2322=VECTOR('',#8677,10.);
#2323=VECTOR('',#8682,10.);
#2324=VECTOR('',#8683,10.);
#2325=VECTOR('',#8686,10.);
#2326=VECTOR('',#8687,10.);
#2327=VECTOR('',#8688,10.);
#2328=VECTOR('',#8689,10.);
#2329=VECTOR('',#8690,10.);
#2330=VECTOR('',#8695,10.);
#2331=VECTOR('',#8698,10.);
#2332=VECTOR('',#8699,10.);
#2333=VECTOR('',#8704,10.);
#2334=VECTOR('',#8707,10.);
#2335=VECTOR('',#8710,10.);
#2336=VECTOR('',#8713,10.);
#2337=VECTOR('',#8714,10.);
#2338=VECTOR('',#8715,10.);
#2339=VECTOR('',#8716,10.);
#2340=VECTOR('',#8717,10.);
#2341=VECTOR('',#8718,10.);
#2342=VECTOR('',#8719,10.);
#2343=VECTOR('',#8720,10.);
#2344=VECTOR('',#8721,10.);
#2345=VECTOR('',#8722,10.);
#2346=VECTOR('',#8723,10.);
#2347=VECTOR('',#8724,10.);
#2348=VECTOR('',#8725,10.);
#2349=VECTOR('',#8726,10.);
#2350=VECTOR('',#8735,10.);
#2351=VECTOR('',#8738,10.);
#2352=VECTOR('',#8741,10.);
#2353=VECTOR('',#8744,10.);
#2354=VECTOR('',#8745,10.);
#2355=VECTOR('',#8746,10.);
#2356=VECTOR('',#8747,10.);
#2357=VECTOR('',#8748,10.);
#2358=VECTOR('',#8749,10.);
#2359=VECTOR('',#8750,10.);
#2360=VECTOR('',#8751,10.);
#2361=VECTOR('',#8752,10.);
#2362=VECTOR('',#8753,10.);
#2363=VECTOR('',#8754,10.);
#2364=VECTOR('',#8755,10.);
#2365=VECTOR('',#8758,10.);
#2366=VECTOR('',#8759,10.);
#2367=VECTOR('',#8762,10.);
#2368=VECTOR('',#8765,10.);
#2369=VECTOR('',#8768,10.);
#2370=VECTOR('',#8771,10.);
#2371=VECTOR('',#8774,10.);
#2372=VECTOR('',#8779,10.);
#2373=VECTOR('',#8794,0.999999999999996);
#2374=VECTOR('',#8799,0.999999999999996);
#2375=VECTOR('',#8802,10.);
#2376=VECTOR('',#8803,10.);
#2377=VECTOR('',#8804,10.);
#2378=VECTOR('',#8807,10.);
#2379=VECTOR('',#8808,10.);
#2380=VECTOR('',#8811,10.);
#2381=VECTOR('',#8812,10.);
#2382=VECTOR('',#8815,10.);
#2383=VECTOR('',#8818,10.);
#2384=VECTOR('',#8821,10.);
#2385=VECTOR('',#8824,10.);
#2386=VECTOR('',#8827,10.);
#2387=VECTOR('',#8832,10.);
#2388=VECTOR('',#8833,10.);
#2389=VECTOR('',#8836,10.);
#2390=VECTOR('',#8839,10.);
#2391=VECTOR('',#8842,10.);
#2392=VECTOR('',#8845,10.);
#2393=VECTOR('',#8848,10.);
#2394=VECTOR('',#8851,10.);
#2395=VECTOR('',#8856,10.);
#2396=VECTOR('',#8857,10.);
#2397=VECTOR('',#8860,10.);
#2398=VECTOR('',#8861,10.);
#2399=VECTOR('',#8864,10.);
#2400=VECTOR('',#8869,10.);
#2401=VECTOR('',#8870,10.);
#2402=VECTOR('',#8871,10.);
#2403=VECTOR('',#8874,10.);
#2404=VECTOR('',#8875,10.);
#2405=VECTOR('',#8878,10.);
#2406=VECTOR('',#8879,10.);
#2407=VECTOR('',#8882,10.);
#2408=VECTOR('',#8885,10.);
#2409=VECTOR('',#8886,10.);
#2410=VECTOR('',#8889,10.);
#2411=VECTOR('',#8890,10.);
#2412=VECTOR('',#8893,10.);
#2413=VECTOR('',#8898,10.);
#2414=VECTOR('',#8899,10.);
#2415=VECTOR('',#8902,10.);
#2416=VECTOR('',#8903,10.);
#2417=VECTOR('',#8906,10.);
#2418=VECTOR('',#8911,10.);
#2419=VECTOR('',#8912,10.);
#2420=VECTOR('',#8915,10.);
#2421=VECTOR('',#8916,10.);
#2422=VECTOR('',#8919,10.);
#2423=VECTOR('',#8924,10.);
#2424=VECTOR('',#8925,10.);
#2425=VECTOR('',#8928,10.);
#2426=VECTOR('',#8929,10.);
#2427=VECTOR('',#8932,10.);
#2428=VECTOR('',#8937,10.);
#2429=VECTOR('',#8938,10.);
#2430=VECTOR('',#8939,10.);
#2431=VECTOR('',#8942,10.);
#2432=VECTOR('',#8943,10.);
#2433=VECTOR('',#8946,10.);
#2434=VECTOR('',#8947,10.);
#2435=VECTOR('',#8950,10.);
#2436=VECTOR('',#8961,10.);
#2437=VECTOR('',#8964,10.);
#2438=VECTOR('',#8969,10.);
#2439=VECTOR('',#8972,10.);
#2440=VECTOR('',#8981,10.);
#2441=VECTOR('',#8984,10.);
#2442=VECTOR('',#8993,10.);
#2443=VECTOR('',#8996,10.);
#2444=VECTOR('',#9009,10.);
#2445=VECTOR('',#9010,10.);
#2446=VECTOR('',#9023,10.);
#2447=VECTOR('',#9024,10.);
#2448=VECTOR('',#9033,10.);
#2449=VECTOR('',#9036,10.);
#2450=VECTOR('',#9045,10.);
#2451=VECTOR('',#9048,10.);
#2452=VECTOR('',#9059,10.);
#2453=VECTOR('',#9062,10.);
#2454=VECTOR('',#9065,10.);
#2455=VECTOR('',#9066,10.);
#2456=VECTOR('',#9069,10.);
#2457=VECTOR('',#9074,10.);
#2458=VECTOR('',#9075,10.);
#2459=VECTOR('',#9078,10.);
#2460=VECTOR('',#9083,10.);
#2461=VECTOR('',#9084,10.);
#2462=VECTOR('',#9087,10.);
#2463=VECTOR('',#9092,10.);
#2464=VECTOR('',#9093,10.);
#2465=VECTOR('',#9096,10.);
#2466=VECTOR('',#9097,10.);
#2467=VECTOR('',#9098,10.);
#2468=VECTOR('',#9099,10.);
#2469=VECTOR('',#9100,10.);
#2470=VECTOR('',#9101,10.);
#2471=VECTOR('',#9102,10.);
#2472=VECTOR('',#9103,10.);
#2473=VECTOR('',#9104,10.);
#2474=VECTOR('',#9105,10.);
#2475=VECTOR('',#9106,10.);
#2476=VECTOR('',#9107,10.);
#2477=VECTOR('',#9108,10.);
#2478=VECTOR('',#9109,10.);
#2479=VECTOR('',#9110,10.);
#2480=VECTOR('',#9111,10.);
#2481=VECTOR('',#9112,10.);
#2482=VECTOR('',#9113,10.);
#2483=VECTOR('',#9114,10.);
#2484=VECTOR('',#9115,10.);
#2485=VECTOR('',#9116,10.);
#2486=VECTOR('',#9117,10.);
#2487=VECTOR('',#9118,10.);
#2488=VECTOR('',#9119,10.);
#2489=VECTOR('',#9120,10.);
#2490=VECTOR('',#9121,10.);
#2491=VECTOR('',#9122,10.);
#2492=VECTOR('',#9123,10.);
#2493=VECTOR('',#9124,10.);
#2494=VECTOR('',#9125,10.);
#2495=VECTOR('',#9132,10.);
#2496=VECTOR('',#9137,10.);
#2497=VECTOR('',#9140,10.);
#2498=VECTOR('',#9143,10.);
#2499=VECTOR('',#9146,10.);
#2500=VECTOR('',#9147,10.);
#2501=VECTOR('',#9148,10.);
#2502=VECTOR('',#9149,10.);
#2503=VECTOR('',#9150,10.);
#2504=VECTOR('',#9151,10.);
#2505=VECTOR('',#9152,10.);
#2506=VECTOR('',#9153,10.);
#2507=VECTOR('',#9154,10.);
#2508=VECTOR('',#9155,10.);
#2509=VECTOR('',#9156,10.);
#2510=VECTOR('',#9157,10.);
#2511=VECTOR('',#9158,10.);
#2512=VECTOR('',#9159,10.);
#2513=VECTOR('',#9160,10.);
#2514=VECTOR('',#9161,10.);
#2515=VECTOR('',#9162,10.);
#2516=VECTOR('',#9163,10.);
#2517=VECTOR('',#9164,10.);
#2518=VECTOR('',#9165,10.);
#2519=VECTOR('',#9166,10.);
#2520=VECTOR('',#9167,10.);
#2521=VECTOR('',#9168,10.);
#2522=VECTOR('',#9171,10.);
#2523=VECTOR('',#9174,10.);
#2524=VECTOR('',#9177,10.);
#2525=VECTOR('',#9178,10.);
#2526=VECTOR('',#9181,10.);
#2527=VECTOR('',#9184,10.);
#2528=VECTOR('',#9189,2.575);
#2529=VECTOR('',#9194,6.65);
#2530=VECTOR('',#9199,10.);
#2531=VECTOR('',#9200,10.);
#2532=VECTOR('',#9201,10.);
#2533=VECTOR('',#9204,10.);
#2534=VECTOR('',#9205,10.);
#2535=VECTOR('',#9208,10.);
#2536=VECTOR('',#9209,10.);
#2537=VECTOR('',#9212,10.);
#2538=VECTOR('',#9215,10.);
#2539=VECTOR('',#9216,10.);
#2540=VECTOR('',#9217,10.);
#2541=VECTOR('',#9218,10.);
#2542=VECTOR('',#9221,10.);
#2543=VECTOR('',#9222,10.);
#2544=VECTOR('',#9223,10.);
#2545=VECTOR('',#9226,10.);
#2546=VECTOR('',#9227,10.);
#2547=VECTOR('',#9230,10.);
#2548=VECTOR('',#9231,10.);
#2549=VECTOR('',#9232,10.);
#2550=VECTOR('',#9235,10.);
#2551=VECTOR('',#9236,10.);
#2552=VECTOR('',#9239,10.);
#2553=VECTOR('',#9240,10.);
#2554=VECTOR('',#9243,10.);
#2555=VECTOR('',#9244,10.);
#2556=VECTOR('',#9247,10.);
#2557=VECTOR('',#9248,10.);
#2558=VECTOR('',#9251,10.);
#2559=VECTOR('',#9252,10.);
#2560=VECTOR('',#9255,10.);
#2561=VECTOR('',#9256,10.);
#2562=VECTOR('',#9259,10.);
#2563=VECTOR('',#9262,10.);
#2564=VECTOR('',#9263,10.);
#2565=VECTOR('',#9264,10.);
#2566=VECTOR('',#9265,10.);
#2567=VECTOR('',#9266,10.);
#2568=VECTOR('',#9267,10.);
#2569=VECTOR('',#9268,10.);
#2570=VECTOR('',#9269,10.);
#2571=VECTOR('',#9270,10.);
#2572=VECTOR('',#9271,10.);
#2573=VECTOR('',#9272,10.);
#2574=VECTOR('',#9273,10.);
#2575=VECTOR('',#9274,10.);
#2576=VECTOR('',#9275,10.);
#2577=VECTOR('',#9276,10.);
#2578=VECTOR('',#9277,10.);
#2579=VECTOR('',#9278,10.);
#2580=VECTOR('',#9279,10.);
#2581=VECTOR('',#9284,10.);
#2582=VECTOR('',#9285,10.);
#2583=VECTOR('',#9286,10.);
#2584=VECTOR('',#9289,10.);
#2585=VECTOR('',#9290,10.);
#2586=VECTOR('',#9293,10.);
#2587=VECTOR('',#9294,10.);
#2588=VECTOR('',#9297,10.);
#2589=VECTOR('',#9298,10.);
#2590=VECTOR('',#9301,10.);
#2591=VECTOR('',#9302,10.);
#2592=VECTOR('',#9305,10.);
#2593=VECTOR('',#9306,10.);
#2594=VECTOR('',#9309,10.);
#2595=VECTOR('',#9310,10.);
#2596=VECTOR('',#9313,10.);
#2597=VECTOR('',#9316,10.);
#2598=VECTOR('',#9317,10.);
#2599=VECTOR('',#9318,10.);
#2600=VECTOR('',#9319,10.);
#2601=VECTOR('',#9320,10.);
#2602=VECTOR('',#9321,10.);
#2603=VECTOR('',#9322,10.);
#2604=VECTOR('',#9323,10.);
#2605=VECTOR('',#9324,10.);
#2606=VECTOR('',#9327,10.);
#2607=VECTOR('',#9328,10.);
#2608=VECTOR('',#9331,10.);
#2609=VECTOR('',#9332,10.);
#2610=VECTOR('',#9335,10.);
#2611=VECTOR('',#9336,10.);
#2612=VECTOR('',#9337,10.);
#2613=VECTOR('',#9338,10.);
#2614=VECTOR('',#9339,10.);
#2615=VECTOR('',#9340,10.);
#2616=VECTOR('',#9341,10.);
#2617=VECTOR('',#9342,10.);
#2618=VECTOR('',#9345,10.);
#2619=VECTOR('',#9346,10.);
#2620=VECTOR('',#9349,10.);
#2621=VECTOR('',#9350,10.);
#2622=VECTOR('',#9353,10.);
#2623=VECTOR('',#9358,10.);
#2624=VECTOR('',#9359,10.);
#2625=VECTOR('',#9360,10.);
#2626=VECTOR('',#9363,10.);
#2627=VECTOR('',#9364,10.);
#2628=VECTOR('',#9367,10.);
#2629=VECTOR('',#9368,10.);
#2630=VECTOR('',#9371,10.);
#2631=VECTOR('',#9380,10.);
#2632=VECTOR('',#9381,10.);
#2633=VECTOR('',#9382,10.);
#2634=VECTOR('',#9385,10.);
#2635=VECTOR('',#9386,10.);
#2636=VECTOR('',#9387,10.);
#2637=VECTOR('',#9390,10.);
#2638=VECTOR('',#9391,10.);
#2639=VECTOR('',#9392,10.);
#2640=VECTOR('',#9395,10.);
#2641=VECTOR('',#9396,10.);
#2642=VECTOR('',#9397,10.);
#2643=VECTOR('',#9400,10.);
#2644=VECTOR('',#9401,10.);
#2645=VECTOR('',#9402,10.);
#2646=VECTOR('',#9405,10.);
#2647=VECTOR('',#9406,10.);
#2648=VECTOR('',#9407,10.);
#2649=VECTOR('',#9410,10.);
#2650=VECTOR('',#9411,10.);
#2651=VECTOR('',#9412,10.);
#2652=VECTOR('',#9415,10.);
#2653=VECTOR('',#9416,10.);
#2654=VECTOR('',#9417,10.);
#2655=VECTOR('',#9420,10.);
#2656=VECTOR('',#9421,10.);
#2657=VECTOR('',#9422,10.);
#2658=VECTOR('',#9425,10.);
#2659=VECTOR('',#9426,10.);
#2660=VECTOR('',#9427,10.);
#2661=VECTOR('',#9430,10.);
#2662=VECTOR('',#9431,10.);
#2663=VECTOR('',#9432,10.);
#2664=VECTOR('',#9435,10.);
#2665=VECTOR('',#9436,10.);
#2666=VECTOR('',#9437,10.);
#2667=VECTOR('',#9440,10.);
#2668=VECTOR('',#9441,10.);
#2669=VECTOR('',#9442,10.);
#2670=VECTOR('',#9445,10.);
#2671=VECTOR('',#9446,10.);
#2672=VECTOR('',#9447,10.);
#2673=VECTOR('',#9450,10.);
#2674=VECTOR('',#9451,10.);
#2675=VECTOR('',#9452,10.);
#2676=VECTOR('',#9453,10.);
#2677=VECTOR('',#9456,10.);
#2678=VECTOR('',#9457,10.);
#2679=VECTOR('',#9458,10.);
#2680=VECTOR('',#9461,10.);
#2681=VECTOR('',#9462,10.);
#2682=VECTOR('',#9463,10.);
#2683=VECTOR('',#9466,10.);
#2684=VECTOR('',#9467,10.);
#2685=VECTOR('',#9470,10.);
#2686=VECTOR('',#9471,10.);
#2687=VECTOR('',#9474,10.);
#2688=VECTOR('',#9475,10.);
#2689=VECTOR('',#9476,10.);
#2690=VECTOR('',#9479,10.);
#2691=VECTOR('',#9480,10.);
#2692=VECTOR('',#9481,10.);
#2693=VECTOR('',#9482,10.);
#2694=VECTOR('',#9485,10.);
#2695=VECTOR('',#9486,10.);
#2696=VECTOR('',#9487,10.);
#2697=VECTOR('',#9490,10.);
#2698=VECTOR('',#9491,10.);
#2699=VECTOR('',#9492,10.);
#2700=VECTOR('',#9495,10.);
#2701=VECTOR('',#9496,10.);
#2702=VECTOR('',#9499,10.);
#2703=VECTOR('',#9500,10.);
#2704=VECTOR('',#9503,10.);
#2705=VECTOR('',#9504,10.);
#2706=VECTOR('',#9505,10.);
#2707=VECTOR('',#9508,10.);
#2708=VECTOR('',#9509,10.);
#2709=VECTOR('',#9510,10.);
#2710=VECTOR('',#9513,10.);
#2711=VECTOR('',#9514,10.);
#2712=VECTOR('',#9515,10.);
#2713=VECTOR('',#9516,10.);
#2714=VECTOR('',#9519,10.);
#2715=VECTOR('',#9520,10.);
#2716=VECTOR('',#9521,10.);
#2717=VECTOR('',#9522,10.);
#2718=VECTOR('',#9525,10.);
#2719=VECTOR('',#9526,10.);
#2720=VECTOR('',#9527,10.);
#2721=VECTOR('',#9530,10.);
#2722=VECTOR('',#9531,10.);
#2723=VECTOR('',#9532,10.);
#2724=VECTOR('',#9537,10.);
#2725=VECTOR('',#9538,10.);
#2726=VECTOR('',#9539,10.);
#2727=VECTOR('',#9542,10.);
#2728=VECTOR('',#9543,10.);
#2729=VECTOR('',#9544,10.);
#2730=VECTOR('',#9547,10.);
#2731=VECTOR('',#9548,10.);
#2732=VECTOR('',#9549,10.);
#2733=VECTOR('',#9550,10.);
#2734=VECTOR('',#9553,10.);
#2735=VECTOR('',#9554,10.);
#2736=VECTOR('',#9555,10.);
#2737=VECTOR('',#9558,10.);
#2738=VECTOR('',#9559,10.);
#2739=VECTOR('',#9560,10.);
#2740=VECTOR('',#9563,10.);
#2741=VECTOR('',#9564,10.);
#2742=VECTOR('',#9567,10.);
#2743=VECTOR('',#9568,10.);
#2744=VECTOR('',#9571,10.);
#2745=VECTOR('',#9572,10.);
#2746=VECTOR('',#9575,10.);
#2747=VECTOR('',#9576,10.);
#2748=VECTOR('',#9579,10.);
#2749=VECTOR('',#9580,10.);
#2750=VECTOR('',#9581,10.);
#2751=VECTOR('',#9582,10.);
#2752=VECTOR('',#9585,10.);
#2753=VECTOR('',#9586,10.);
#2754=VECTOR('',#9587,10.);
#2755=VECTOR('',#9590,10.);
#2756=VECTOR('',#9591,10.);
#2757=VECTOR('',#9592,10.);
#2758=VECTOR('',#9595,10.);
#2759=VECTOR('',#9596,10.);
#2760=VECTOR('',#9599,10.);
#2761=VECTOR('',#9602,10.);
#2762=VECTOR('',#9603,10.);
#2763=VECTOR('',#9604,10.);
#2764=VECTOR('',#9607,10.);
#2765=VECTOR('',#9608,10.);
#2766=VECTOR('',#9609,10.);
#2767=VECTOR('',#9610,10.);
#2768=VECTOR('',#9613,10.);
#2769=VECTOR('',#9614,10.);
#2770=VECTOR('',#9615,10.);
#2771=VECTOR('',#9618,10.);
#2772=VECTOR('',#9619,10.);
#2773=VECTOR('',#9620,10.);
#2774=VECTOR('',#9623,10.);
#2775=VECTOR('',#9624,10.);
#2776=VECTOR('',#9627,10.);
#2777=VECTOR('',#9628,10.);
#2778=VECTOR('',#9631,10.);
#2779=VECTOR('',#9632,10.);
#2780=VECTOR('',#9633,10.);
#2781=VECTOR('',#9636,10.);
#2782=VECTOR('',#9637,10.);
#2783=VECTOR('',#9638,10.);
#2784=VECTOR('',#9641,10.);
#2785=VECTOR('',#9642,10.);
#2786=VECTOR('',#9643,10.);
#2787=VECTOR('',#9644,10.);
#2788=VECTOR('',#9647,10.);
#2789=VECTOR('',#9648,10.);
#2790=VECTOR('',#9649,10.);
#2791=VECTOR('',#9652,10.);
#2792=VECTOR('',#9653,10.);
#2793=VECTOR('',#9654,10.);
#2794=VECTOR('',#9657,10.);
#2795=VECTOR('',#9658,10.);
#2796=VECTOR('',#9661,10.);
#2797=VECTOR('',#9662,10.);
#2798=VECTOR('',#9665,10.);
#2799=VECTOR('',#9666,10.);
#2800=VECTOR('',#9669,10.);
#2801=VECTOR('',#9670,10.);
#2802=VECTOR('',#9673,10.);
#2803=VECTOR('',#9674,10.);
#2804=VECTOR('',#9677,10.);
#2805=VECTOR('',#9678,10.);
#2806=VECTOR('',#9679,10.);
#2807=VECTOR('',#9682,10.);
#2808=VECTOR('',#9683,10.);
#2809=VECTOR('',#9688,10.);
#2810=VECTOR('',#9689,10.);
#2811=VECTOR('',#9690,10.);
#2812=VECTOR('',#9691,10.);
#2813=VECTOR('',#9694,10.);
#2814=VECTOR('',#9695,10.);
#2815=VECTOR('',#9696,10.);
#2816=VECTOR('',#9699,10.);
#2817=VECTOR('',#9700,10.);
#2818=VECTOR('',#9703,10.);
#2819=VECTOR('',#9704,10.);
#2820=VECTOR('',#9707,10.);
#2821=VECTOR('',#9708,10.);
#2822=VECTOR('',#9711,10.);
#2823=VECTOR('',#9712,10.);
#2824=VECTOR('',#9715,10.);
#2825=VECTOR('',#9716,10.);
#2826=VECTOR('',#9717,10.);
#2827=VECTOR('',#9718,10.);
#2828=VECTOR('',#9721,10.);
#2829=VECTOR('',#9722,10.);
#2830=VECTOR('',#9723,10.);
#2831=VECTOR('',#9726,10.);
#2832=VECTOR('',#9727,10.);
#2833=VECTOR('',#9728,10.);
#2834=VECTOR('',#9731,10.);
#2835=VECTOR('',#9734,10.);
#2836=VECTOR('',#9735,10.);
#2837=VECTOR('',#9738,10.);
#2838=VECTOR('',#9739,10.);
#2839=VECTOR('',#9742,10.);
#2840=VECTOR('',#9743,10.);
#2841=VECTOR('',#9746,10.);
#2842=VECTOR('',#9747,10.);
#2843=VECTOR('',#9748,10.);
#2844=VECTOR('',#9749,10.);
#2845=VECTOR('',#9752,10.);
#2846=VECTOR('',#9753,10.);
#2847=VECTOR('',#9754,10.);
#2848=VECTOR('',#9755,10.);
#2849=VECTOR('',#9756,10.);
#2850=VECTOR('',#9757,10.);
#2851=VECTOR('',#9758,10.);
#2852=VECTOR('',#9759,10.);
#2853=VECTOR('',#9760,10.);
#2854=VECTOR('',#9761,10.);
#2855=VECTOR('',#9762,10.);
#2856=VECTOR('',#9763,10.);
#2857=VECTOR('',#9764,10.);
#2858=VECTOR('',#9765,10.);
#2859=VECTOR('',#9766,10.);
#2860=VECTOR('',#9767,10.);
#2861=VECTOR('',#9768,10.);
#2862=VECTOR('',#9769,10.);
#2863=VECTOR('',#9770,10.);
#2864=VECTOR('',#9771,10.);
#2865=VECTOR('',#9772,10.);
#2866=VECTOR('',#9773,10.);
#2867=VECTOR('',#9774,10.);
#2868=VECTOR('',#9775,10.);
#2869=VECTOR('',#9776,10.);
#2870=VECTOR('',#9777,10.);
#2871=VECTOR('',#9780,10.);
#2872=VECTOR('',#9781,10.);
#2873=VECTOR('',#9782,10.);
#2874=VECTOR('',#9785,10.);
#2875=VECTOR('',#9786,10.);
#2876=VECTOR('',#9789,10.);
#2877=VECTOR('',#9790,10.);
#2878=VECTOR('',#9795,10.);
#2879=VECTOR('',#9798,10.);
#2880=VECTOR('',#9801,10.);
#2881=VECTOR('',#9802,10.);
#2882=VECTOR('',#9803,10.);
#2883=VECTOR('',#9806,10.);
#2884=VECTOR('',#9807,10.);
#2885=VECTOR('',#9808,10.);
#2886=VECTOR('',#9811,10.);
#2887=VECTOR('',#9812,10.);
#2888=VECTOR('',#9815,10.);
#2889=VECTOR('',#9818,10.);
#2890=VECTOR('',#9825,10.);
#2891=VECTOR('',#9826,10.);
#2892=VECTOR('',#9827,10.);
#2893=VECTOR('',#9830,10.);
#2894=VECTOR('',#9831,10.);
#2895=VECTOR('',#9832,10.);
#2896=VECTOR('',#9835,10.);
#2897=VECTOR('',#9836,10.);
#2898=VECTOR('',#9839,10.);
#2899=VECTOR('',#9844,10.);
#2900=VECTOR('',#9847,10.);
#2901=VECTOR('',#9848,10.);
#2902=VECTOR('',#9849,10.);
#2903=VECTOR('',#9852,10.);
#2904=VECTOR('',#9853,10.);
#2905=VECTOR('',#9854,10.);
#2906=VECTOR('',#9857,10.);
#2907=VECTOR('',#9858,10.);
#2908=VECTOR('',#9861,10.);
#2909=VECTOR('',#9864,10.);
#2910=VECTOR('',#9867,10.);
#2911=VECTOR('',#9870,10.);
#2912=VECTOR('',#9873,10.);
#2913=VECTOR('',#9874,10.);
#2914=VECTOR('',#9875,10.);
#2915=VECTOR('',#9878,10.);
#2916=VECTOR('',#9879,10.);
#2917=VECTOR('',#9880,10.);
#2918=VECTOR('',#9883,10.);
#2919=VECTOR('',#9884,10.);
#2920=VECTOR('',#9887,10.);
#2921=VECTOR('',#9890,10.);
#2922=VECTOR('',#9899,10.);
#2923=VECTOR('',#9908,10.);
#2924=VECTOR('',#9911,10.);
#2925=VECTOR('',#9914,10.);
#2926=VECTOR('',#9915,10.);
#2927=VECTOR('',#9916,10.);
#2928=VECTOR('',#9917,10.);
#2929=VECTOR('',#9924,10.);
#2930=VECTOR('',#9927,10.);
#2931=VECTOR('',#9928,10.);
#2932=VECTOR('',#9929,10.);
#2933=VECTOR('',#9936,10.);
#2934=VECTOR('',#9939,10.);
#2935=VECTOR('',#9940,10.);
#2936=VECTOR('',#9941,10.);
#2937=VECTOR('',#9948,10.);
#2938=VECTOR('',#9951,10.);
#2939=VECTOR('',#9952,10.);
#2940=VECTOR('',#9953,10.);
#2941=VECTOR('',#9964,10.);
#2942=VECTOR('',#9967,10.);
#2943=VECTOR('',#9972,10.);
#2944=VECTOR('',#9975,10.);
#2945=VECTOR('',#9980,10.);
#2946=VECTOR('',#9983,10.);
#2947=VECTOR('',#9986,10.);
#2948=VECTOR('',#9987,10.);
#2949=VECTOR('',#9988,10.);
#2950=VECTOR('',#9989,10.);
#2951=VECTOR('',#9992,10.);
#2952=VECTOR('',#9993,10.);
#2953=VECTOR('',#9996,10.);
#2954=VECTOR('',#9997,10.);
#2955=VECTOR('',#9998,10.);
#2956=VECTOR('',#9999,10.);
#2957=VECTOR('',#10002,10.);
#2958=VECTOR('',#10005,10.);
#2959=VECTOR('',#10006,10.);
#2960=VECTOR('',#10007,10.);
#2961=VECTOR('',#10010,10.);
#2962=VECTOR('',#10013,10.);
#2963=VECTOR('',#10014,10.);
#2964=VECTOR('',#10015,10.);
#2965=VECTOR('',#10018,10.);
#2966=VECTOR('',#10019,10.);
#2967=VECTOR('',#10026,10.);
#2968=VECTOR('',#10027,10.);
#2969=VECTOR('',#10028,10.);
#2970=VECTOR('',#10029,10.);
#2971=VECTOR('',#10032,10.);
#2972=VECTOR('',#10033,10.);
#2973=VECTOR('',#10034,10.);
#2974=VECTOR('',#10035,10.);
#2975=VECTOR('',#10038,10.);
#2976=VECTOR('',#10039,10.);
#2977=VECTOR('',#10044,2.10000000000001);
#2978=VECTOR('',#10055,2.10000000000001);
#2979=VECTOR('',#10064,1.09999999999999);
#2980=VECTOR('',#10069,1.09999999999999);
#2981=VECTOR('',#10074,10.);
#2982=VECTOR('',#10075,10.);
#2983=VECTOR('',#10076,10.);
#2984=VECTOR('',#10077,10.);
#2985=VECTOR('',#10078,10.);
#2986=VECTOR('',#10083,10.);
#2987=VECTOR('',#10084,10.);
#2988=VECTOR('',#10085,10.);
#2989=VECTOR('',#10088,1.00000000000001);
#2990=VECTOR('',#10093,10.);
#2991=VECTOR('',#10094,10.);
#2992=VECTOR('',#10097,10.);
#2993=VECTOR('',#10098,10.);
#2994=VECTOR('',#10099,10.);
#2995=VECTOR('',#10102,10.);
#2996=VECTOR('',#10109,10.);
#2997=VECTOR('',#10110,10.);
#2998=VECTOR('',#10111,10.);
#2999=VECTOR('',#10112,10.);
#3000=VECTOR('',#10115,10.);
#3001=VECTOR('',#10116,10.);
#3002=VECTOR('',#10117,10.);
#3003=VECTOR('',#10118,10.);
#3004=VECTOR('',#10121,10.);
#3005=VECTOR('',#10122,10.);
#3006=VECTOR('',#10127,1.09999999999999);
#3007=VECTOR('',#10134,1.09999999999999);
#3008=VECTOR('',#10139,10.);
#3009=VECTOR('',#10140,10.);
#3010=VECTOR('',#10141,10.);
#3011=VECTOR('',#10144,10.);
#3012=VECTOR('',#10145,10.);
#3013=VECTOR('',#10146,10.);
#3014=VECTOR('',#10149,10.);
#3015=VECTOR('',#10150,10.);
#3016=VECTOR('',#10151,10.);
#3017=VECTOR('',#10156,0.999999999999979);
#3018=VECTOR('',#10161,10.);
#3019=VECTOR('',#10162,10.);
#3020=VECTOR('',#10165,10.);
#3021=VECTOR('',#10166,10.);
#3022=VECTOR('',#10169,10.);
#3023=VECTOR('',#10188,10.);
#3024=VECTOR('',#10189,10.);
#3025=VECTOR('',#10204,10.);
#3026=VECTOR('',#10205,10.);
#3027=VECTOR('',#10220,10.);
#3028=VECTOR('',#10221,10.);
#3029=VECTOR('',#10234,10.);
#3030=VECTOR('',#10235,10.);
#3031=VECTOR('',#10252,10.);
#3032=VECTOR('',#10253,10.);
#3033=VECTOR('',#10254,10.);
#3034=VECTOR('',#10257,10.);
#3035=VECTOR('',#10262,10.);
#3036=VECTOR('',#10263,10.);
#3037=VECTOR('',#10266,10.);
#3038=VECTOR('',#10271,10.);
#3039=VECTOR('',#10272,10.);
#3040=VECTOR('',#10273,10.);
#3041=VECTOR('',#10274,10.);
#3042=VECTOR('',#10295,5.42090859542938);
#3043=VECTOR('',#10298,3.17090859542938);
#3044=VECTOR('',#10307,10.);
#3045=VECTOR('',#10310,10.);
#3046=VECTOR('',#10311,10.);
#3047=VECTOR('',#10314,10.);
#3048=VECTOR('',#10317,10.);
#3049=VECTOR('',#10318,10.);
#3050=VECTOR('',#10319,10.);
#3051=VECTOR('',#10320,10.);
#3052=VECTOR('',#10323,10.);
#3053=VECTOR('',#10326,10.);
#3054=VECTOR('',#10327,10.);
#3055=VECTOR('',#10330,10.);
#3056=VECTOR('',#10333,10.);
#3057=VECTOR('',#10342,6.6);
#3058=VECTOR('',#10349,8.59999999999999);
#3059=VECTOR('',#10358,10.);
#3060=VECTOR('',#10359,10.);
#3061=VECTOR('',#10360,10.);
#3062=VECTOR('',#10361,10.);
#3063=VECTOR('',#10364,10.);
#3064=VECTOR('',#10365,10.);
#3065=VECTOR('',#10366,10.);
#3066=VECTOR('',#10369,10.);
#3067=VECTOR('',#10370,10.);
#3068=VECTOR('',#10371,10.);
#3069=VECTOR('',#10374,10.);
#3070=VECTOR('',#10375,10.);
#3071=VECTOR('',#10378,10.);
#3072=VECTOR('',#10379,10.);
#3073=VECTOR('',#10380,10.);
#3074=VECTOR('',#10381,10.);
#3075=VECTOR('',#10384,10.);
#3076=VECTOR('',#10385,10.);
#3077=VECTOR('',#10386,10.);
#3078=VECTOR('',#10389,10.);
#3079=VECTOR('',#10390,10.);
#3080=VECTOR('',#10391,10.);
#3081=VECTOR('',#10394,10.);
#3082=VECTOR('',#10395,10.);
#3083=CIRCLE('',#7796,2.);
#3084=CIRCLE('',#7797,2.);
#3085=CIRCLE('',#7799,2.);
#3086=CIRCLE('',#7800,1.99999999999999);
#3087=CIRCLE('',#7802,2.);
#3088=CIRCLE('',#7804,2.);
#3089=CIRCLE('',#7805,1.99999999999999);
#3090=CIRCLE('',#7807,2.00000000000001);
#3091=CIRCLE('',#7809,2.);
#3092=CIRCLE('',#7810,2.00000000000001);
#3093=CIRCLE('',#7812,2.);
#3094=CIRCLE('',#7814,2.);
#3095=CIRCLE('',#7815,2.);
#3096=CIRCLE('',#7817,2.);
#3097=CIRCLE('',#7819,2.);
#3098=CIRCLE('',#7820,2.);
#3099=CIRCLE('',#7822,2.);
#3100=CIRCLE('',#7823,2.);
#3101=CIRCLE('',#7824,4.);
#3102=CIRCLE('',#7826,2.);
#3103=CIRCLE('',#7828,2.);
#3104=CIRCLE('',#7829,2.);
#3105=CIRCLE('',#7830,4.);
#3106=CIRCLE('',#7832,2.);
#3107=CIRCLE('',#7834,2.);
#3108=CIRCLE('',#7836,2.);
#3109=CIRCLE('',#7838,2.);
#3110=CIRCLE('',#7840,1.30000000000001);
#3111=CIRCLE('',#7841,1.30000000000003);
#3112=CIRCLE('',#7842,1.29999999999999);
#3113=CIRCLE('',#7843,1.29999999999997);
#3114=CIRCLE('',#7845,2.);
#3115=CIRCLE('',#7848,2.);
#3116=CIRCLE('',#7851,2.);
#3117=CIRCLE('',#7855,2.);
#3118=CIRCLE('',#7856,2.);
#3119=CIRCLE('',#7859,2.);
#3120=CIRCLE('',#7860,2.);
#3121=CIRCLE('',#7861,2.);
#3122=CIRCLE('',#7862,2.);
#3123=CIRCLE('',#7863,2.);
#3124=CIRCLE('',#7864,2.);
#3125=CIRCLE('',#7865,2.);
#3126=CIRCLE('',#7867,2.);
#3127=CIRCLE('',#7869,2.);
#3128=CIRCLE('',#7871,2.);
#3129=CIRCLE('',#7874,2.);
#3130=CIRCLE('',#7876,2.);
#3131=CIRCLE('',#7878,2.);
#3132=CIRCLE('',#7879,2.);
#3133=CIRCLE('',#7882,2.);
#3134=CIRCLE('',#7883,2.);
#3135=CIRCLE('',#7885,2.);
#3136=CIRCLE('',#7886,2.);
#3137=CIRCLE('',#7887,2.);
#3138=CIRCLE('',#7888,2.);
#3139=CIRCLE('',#7889,2.);
#3140=CIRCLE('',#7890,2.);
#3141=CIRCLE('',#7893,2.);
#3142=CIRCLE('',#7896,2.);
#3143=CIRCLE('',#7898,2.);
#3144=CIRCLE('',#7901,2.);
#3145=CIRCLE('',#7904,2.);
#3146=CIRCLE('',#7907,2.);
#3147=CIRCLE('',#7909,2.);
#3148=CIRCLE('',#7912,2.);
#3149=CIRCLE('',#7914,2.);
#3150=CIRCLE('',#7915,2.);
#3151=CIRCLE('',#7916,2.);
#3152=CIRCLE('',#7917,2.);
#3153=CIRCLE('',#7928,0.999999999999996);
#3154=CIRCLE('',#7930,0.999999999999996);
#3155=CIRCLE('',#7932,0.999999999999996);
#3156=CIRCLE('',#7934,0.999999999999996);
#3157=CIRCLE('',#7940,1.29999999999997);
#3158=CIRCLE('',#7941,1.30000000000003);
#3159=CIRCLE('',#7942,1.30000000000001);
#3160=CIRCLE('',#7943,1.29999999999995);
#3161=CIRCLE('',#7984,2.);
#3162=CIRCLE('',#7985,1.99999999999999);
#3163=CIRCLE('',#7987,2.);
#3164=CIRCLE('',#7988,2.);
#3165=CIRCLE('',#7990,2.00000000000001);
#3166=CIRCLE('',#7992,2.);
#3167=CIRCLE('',#7993,2.);
#3168=CIRCLE('',#7995,2.);
#3169=CIRCLE('',#7997,2.);
#3170=CIRCLE('',#7998,2.);
#3171=CIRCLE('',#8000,2.);
#3172=CIRCLE('',#8001,2.);
#3173=CIRCLE('',#8002,4.);
#3174=CIRCLE('',#8004,2.);
#3175=CIRCLE('',#8006,2.);
#3176=CIRCLE('',#8007,2.);
#3177=CIRCLE('',#8008,4.);
#3178=CIRCLE('',#8010,2.);
#3179=CIRCLE('',#8012,2.);
#3180=CIRCLE('',#8014,2.);
#3181=CIRCLE('',#8015,2.);
#3182=CIRCLE('',#8017,2.);
#3183=CIRCLE('',#8019,2.);
#3184=CIRCLE('',#8020,2.00000000000002);
#3185=CIRCLE('',#8022,2.);
#3186=CIRCLE('',#8024,2.);
#3187=CIRCLE('',#8026,2.);
#3188=CIRCLE('',#8029,2.);
#3189=CIRCLE('',#8032,2.);
#3190=CIRCLE('',#8035,2.);
#3191=CIRCLE('',#8038,6.65);
#3192=CIRCLE('',#8039,2.575);
#3193=CIRCLE('',#8041,2.);
#3194=CIRCLE('',#8043,2.);
#3195=CIRCLE('',#8044,2.);
#3196=CIRCLE('',#8045,2.);
#3197=CIRCLE('',#8053,2.575);
#3198=CIRCLE('',#8055,6.65);
#3199=CIRCLE('',#8214,3.3);
#3200=CIRCLE('',#8215,3.3);
#3201=CIRCLE('',#8218,1.3);
#3202=CIRCLE('',#8219,1.3);
#3203=CIRCLE('',#8222,1.29999999999999);
#3204=CIRCLE('',#8223,1.29999999999999);
#3205=CIRCLE('',#8226,1.30000000000001);
#3206=CIRCLE('',#8227,1.30000000000001);
#3207=CIRCLE('',#8230,1.29999999999999);
#3208=CIRCLE('',#8231,1.29999999999999);
#3209=CIRCLE('',#8233,3.29999999999998);
#3210=CIRCLE('',#8234,3.29999999999998);
#3211=CIRCLE('',#8236,3.3000000000005);
#3212=CIRCLE('',#8237,3.3000000000005);
#3213=CIRCLE('',#8239,3.29999999999998);
#3214=CIRCLE('',#8240,3.29999999999998);
#3215=CIRCLE('',#8255,2.10000000000001);
#3216=CIRCLE('',#8256,2.10000000000001);
#3217=CIRCLE('',#8258,1.09999999999999);
#3218=CIRCLE('',#8260,2.10000000000001);
#3219=CIRCLE('',#8261,2.10000000000001);
#3220=CIRCLE('',#8263,1.09999999999999);
#3221=CIRCLE('',#8265,1.09999999999999);
#3222=CIRCLE('',#8267,1.09999999999999);
#3223=CIRCLE('',#8269,1.00000000000001);
#3224=CIRCLE('',#8272,1.00000000000001);
#3225=CIRCLE('',#8282,1.09999999999999);
#3226=CIRCLE('',#8283,1.09999999999999);
#3227=CIRCLE('',#8285,1.09999999999999);
#3228=CIRCLE('',#8286,1.09999999999999);
#3229=CIRCLE('',#8290,0.999999999999979);
#3230=CIRCLE('',#8292,0.999999999999979);
#3231=CIRCLE('',#8298,3.);
#3232=CIRCLE('',#8299,1.);
#3233=CIRCLE('',#8300,2.);
#3234=CIRCLE('',#8301,0.999999999999979);
#3235=CIRCLE('',#8302,3.);
#3236=CIRCLE('',#8304,1.);
#3237=CIRCLE('',#8306,3.);
#3238=CIRCLE('',#8307,1.);
#3239=CIRCLE('',#8308,2.);
#3240=CIRCLE('',#8309,3.);
#3241=CIRCLE('',#8311,1.);
#3242=CIRCLE('',#8313,3.);
#3243=CIRCLE('',#8314,1.);
#3244=CIRCLE('',#8315,2.);
#3245=CIRCLE('',#8316,3.);
#3246=CIRCLE('',#8318,1.);
#3247=CIRCLE('',#8320,3.);
#3248=CIRCLE('',#8321,1.);
#3249=CIRCLE('',#8322,2.);
#3250=CIRCLE('',#8323,3.);
#3251=CIRCLE('',#8326,5.42090859542938);
#3252=CIRCLE('',#8328,5.42090859542938);
#3253=CIRCLE('',#8330,5.42090859542938);
#3254=CIRCLE('',#8331,5.42090859542938);
#3255=CIRCLE('',#8334,2.);
#3256=CIRCLE('',#8337,2.);
#3257=CIRCLE('',#8340,5.42090859542938);
#3258=CIRCLE('',#8342,4.92090859542938);
#3259=CIRCLE('',#8343,0.5);
#3260=CIRCLE('',#8344,5.42090859542938);
#3261=CIRCLE('',#8345,5.42090859542938);
#3262=CIRCLE('',#8347,3.9209085954294);
#3263=CIRCLE('',#8350,2.92090859542938);
#3264=CIRCLE('',#8353,2.);
#3265=CIRCLE('',#8356,2.);
#3266=CIRCLE('',#8364,6.6);
#3267=CIRCLE('',#8365,6.6);
#3268=CIRCLE('',#8367,8.59999999999999);
#3269=CIRCLE('',#8368,8.59999999999999);
#3270=VERTEX_POINT('',#10402);
#3271=VERTEX_POINT('',#10403);
#3272=VERTEX_POINT('',#10405);
#3273=VERTEX_POINT('',#10407);
#3274=VERTEX_POINT('',#10411);
#3275=VERTEX_POINT('',#10412);
#3276=VERTEX_POINT('',#10414);
#3277=VERTEX_POINT('',#10421);
#3278=VERTEX_POINT('',#10422);
#3279=VERTEX_POINT('',#10424);
#3280=VERTEX_POINT('',#10431);
#3281=VERTEX_POINT('',#10432);
#3282=VERTEX_POINT('',#10434);
#3283=VERTEX_POINT('',#10441);
#3284=VERTEX_POINT('',#10442);
#3285=VERTEX_POINT('',#10444);
#3286=VERTEX_POINT('',#10451);
#3287=VERTEX_POINT('',#10452);
#3288=VERTEX_POINT('',#10454);
#3289=VERTEX_POINT('',#10459);
#3290=VERTEX_POINT('',#10460);
#3291=VERTEX_POINT('',#10465);
#3292=VERTEX_POINT('',#10466);
#3293=VERTEX_POINT('',#10471);
#3294=VERTEX_POINT('',#10472);
#3295=VERTEX_POINT('',#10477);
#3296=VERTEX_POINT('',#10486);
#3297=VERTEX_POINT('',#10488);
#3298=VERTEX_POINT('',#10492);
#3299=VERTEX_POINT('',#10495);
#3300=VERTEX_POINT('',#10496);
#3301=VERTEX_POINT('',#10498);
#3302=VERTEX_POINT('',#10500);
#3303=VERTEX_POINT('',#10502);
#3304=VERTEX_POINT('',#10504);
#3305=VERTEX_POINT('',#10506);
#3306=VERTEX_POINT('',#10508);
#3307=VERTEX_POINT('',#10512);
#3308=VERTEX_POINT('',#10516);
#3309=VERTEX_POINT('',#10520);
#3310=VERTEX_POINT('',#10524);
#3311=VERTEX_POINT('',#10528);
#3312=VERTEX_POINT('',#10532);
#3313=VERTEX_POINT('',#10537);
#3314=VERTEX_POINT('',#10538);
#3315=VERTEX_POINT('',#10540);
#3316=VERTEX_POINT('',#10542);
#3317=VERTEX_POINT('',#10546);
#3318=VERTEX_POINT('',#10548);
#3319=VERTEX_POINT('',#10552);
#3320=VERTEX_POINT('',#10554);
#3321=VERTEX_POINT('',#10556);
#3322=VERTEX_POINT('',#10558);
#3323=VERTEX_POINT('',#10560);
#3324=VERTEX_POINT('',#10562);
#3325=VERTEX_POINT('',#10564);
#3326=VERTEX_POINT('',#10566);
#3327=VERTEX_POINT('',#10568);
#3328=VERTEX_POINT('',#10570);
#3329=VERTEX_POINT('',#10572);
#3330=VERTEX_POINT('',#10576);
#3331=VERTEX_POINT('',#10580);
#3332=VERTEX_POINT('',#10584);
#3333=VERTEX_POINT('',#10586);
#3334=VERTEX_POINT('',#10592);
#3335=VERTEX_POINT('',#10593);
#3336=VERTEX_POINT('',#10598);
#3337=VERTEX_POINT('',#10602);
#3338=VERTEX_POINT('',#10603);
#3339=VERTEX_POINT('',#10605);
#3340=VERTEX_POINT('',#10607);
#3341=VERTEX_POINT('',#10611);
#3342=VERTEX_POINT('',#10613);
#3343=VERTEX_POINT('',#10615);
#3344=VERTEX_POINT('',#10617);
#3345=VERTEX_POINT('',#10619);
#3346=VERTEX_POINT('',#10621);
#3347=VERTEX_POINT('',#10625);
#3348=VERTEX_POINT('',#10626);
#3349=VERTEX_POINT('',#10628);
#3350=VERTEX_POINT('',#10630);
#3351=VERTEX_POINT('',#10635);
#3352=VERTEX_POINT('',#10637);
#3353=VERTEX_POINT('',#10639);
#3354=VERTEX_POINT('',#10641);
#3355=VERTEX_POINT('',#10643);
#3356=VERTEX_POINT('',#10645);
#3357=VERTEX_POINT('',#10647);
#3358=VERTEX_POINT('',#10649);
#3359=VERTEX_POINT('',#10651);
#3360=VERTEX_POINT('',#10653);
#3361=VERTEX_POINT('',#10655);
#3362=VERTEX_POINT('',#10659);
#3363=VERTEX_POINT('',#10662);
#3364=VERTEX_POINT('',#10666);
#3365=VERTEX_POINT('',#10668);
#3366=VERTEX_POINT('',#10672);
#3367=VERTEX_POINT('',#10674);
#3368=VERTEX_POINT('',#10676);
#3369=VERTEX_POINT('',#10678);
#3370=VERTEX_POINT('',#10680);
#3371=VERTEX_POINT('',#10684);
#3372=VERTEX_POINT('',#10688);
#3373=VERTEX_POINT('',#10692);
#3374=VERTEX_POINT('',#10696);
#3375=VERTEX_POINT('',#10697);
#3376=VERTEX_POINT('',#10702);
#3377=VERTEX_POINT('',#10704);
#3378=VERTEX_POINT('',#10706);
#3379=VERTEX_POINT('',#10708);
#3380=VERTEX_POINT('',#10712);
#3381=VERTEX_POINT('',#10719);
#3382=VERTEX_POINT('',#10723);
#3383=VERTEX_POINT('',#10725);
#3384=VERTEX_POINT('',#10729);
#3385=VERTEX_POINT('',#10731);
#3386=VERTEX_POINT('',#10733);
#3387=VERTEX_POINT('',#10735);
#3388=VERTEX_POINT('',#10737);
#3389=VERTEX_POINT('',#10739);
#3390=VERTEX_POINT('',#10741);
#3391=VERTEX_POINT('',#10743);
#3392=VERTEX_POINT('',#10745);
#3393=VERTEX_POINT('',#10748);
#3394=VERTEX_POINT('',#10749);
#3395=VERTEX_POINT('',#10751);
#3396=VERTEX_POINT('',#10753);
#3397=VERTEX_POINT('',#10759);
#3398=VERTEX_POINT('',#10761);
#3399=VERTEX_POINT('',#10763);
#3400=VERTEX_POINT('',#10765);
#3401=VERTEX_POINT('',#10767);
#3402=VERTEX_POINT('',#10769);
#3403=VERTEX_POINT('',#10771);
#3404=VERTEX_POINT('',#10774);
#3405=VERTEX_POINT('',#10776);
#3406=VERTEX_POINT('',#10782);
#3407=VERTEX_POINT('',#10784);
#3408=VERTEX_POINT('',#10807);
#3409=VERTEX_POINT('',#10810);
#3410=VERTEX_POINT('',#10813);
#3411=VERTEX_POINT('',#10817);
#3412=VERTEX_POINT('',#10821);
#3413=VERTEX_POINT('',#10823);
#3414=VERTEX_POINT('',#10827);
#3415=VERTEX_POINT('',#10831);
#3416=VERTEX_POINT('',#10837);
#3417=VERTEX_POINT('',#10838);
#3418=VERTEX_POINT('',#10840);
#3419=VERTEX_POINT('',#10842);
#3420=VERTEX_POINT('',#10844);
#3421=VERTEX_POINT('',#10846);
#3422=VERTEX_POINT('',#10848);
#3423=VERTEX_POINT('',#10850);
#3424=VERTEX_POINT('',#10870);
#3425=VERTEX_POINT('',#10874);
#3426=VERTEX_POINT('',#10881);
#3427=VERTEX_POINT('',#10882);
#3428=VERTEX_POINT('',#10887);
#3429=VERTEX_POINT('',#10891);
#3430=VERTEX_POINT('',#10897);
#3431=VERTEX_POINT('',#10901);
#3432=VERTEX_POINT('',#10908);
#3433=VERTEX_POINT('',#10912);
#3434=VERTEX_POINT('',#10919);
#3435=VERTEX_POINT('',#10923);
#3436=VERTEX_POINT('',#10930);
#3437=VERTEX_POINT('',#10934);
#3438=VERTEX_POINT('',#10941);
#3439=VERTEX_POINT('',#10942);
#3440=VERTEX_POINT('',#10947);
#3441=VERTEX_POINT('',#10951);
#3442=VERTEX_POINT('',#10960);
#3443=VERTEX_POINT('',#10961);
#3444=VERTEX_POINT('',#10963);
#3445=VERTEX_POINT('',#10965);
#3446=VERTEX_POINT('',#10969);
#3447=VERTEX_POINT('',#10970);
#3448=VERTEX_POINT('',#10972);
#3449=VERTEX_POINT('',#10979);
#3450=VERTEX_POINT('',#10980);
#3451=VERTEX_POINT('',#10982);
#3452=VERTEX_POINT('',#10989);
#3453=VERTEX_POINT('',#10990);
#3454=VERTEX_POINT('',#10992);
#3455=VERTEX_POINT('',#10997);
#3456=VERTEX_POINT('',#10998);
#3457=VERTEX_POINT('',#11003);
#3458=VERTEX_POINT('',#11004);
#3459=VERTEX_POINT('',#11009);
#3460=VERTEX_POINT('',#11010);
#3461=VERTEX_POINT('',#11015);
#3462=VERTEX_POINT('',#11016);
#3463=VERTEX_POINT('',#11023);
#3464=VERTEX_POINT('',#11024);
#3465=VERTEX_POINT('',#11026);
#3466=VERTEX_POINT('',#11033);
#3467=VERTEX_POINT('',#11035);
#3468=VERTEX_POINT('',#11044);
#3469=VERTEX_POINT('',#11046);
#3470=VERTEX_POINT('',#11050);
#3471=VERTEX_POINT('',#11054);
#3472=VERTEX_POINT('',#11058);
#3473=VERTEX_POINT('',#11062);
#3474=VERTEX_POINT('',#11066);
#3475=VERTEX_POINT('',#11070);
#3476=VERTEX_POINT('',#11074);
#3477=VERTEX_POINT('',#11078);
#3478=VERTEX_POINT('',#11079);
#3479=VERTEX_POINT('',#11081);
#3480=VERTEX_POINT('',#11083);
#3481=VERTEX_POINT('',#11085);
#3482=VERTEX_POINT('',#11087);
#3483=VERTEX_POINT('',#11089);
#3484=VERTEX_POINT('',#11091);
#3485=VERTEX_POINT('',#11094);
#3486=VERTEX_POINT('',#11095);
#3487=VERTEX_POINT('',#11101);
#3488=VERTEX_POINT('',#11107);
#3489=VERTEX_POINT('',#11113);
#3490=VERTEX_POINT('',#11119);
#3491=VERTEX_POINT('',#11125);
#3492=VERTEX_POINT('',#11131);
#3493=VERTEX_POINT('',#11137);
#3494=VERTEX_POINT('',#11143);
#3495=VERTEX_POINT('',#11154);
#3496=VERTEX_POINT('',#11155);
#3497=VERTEX_POINT('',#11157);
#3498=VERTEX_POINT('',#11159);
#3499=VERTEX_POINT('',#11161);
#3500=VERTEX_POINT('',#11163);
#3501=VERTEX_POINT('',#11165);
#3502=VERTEX_POINT('',#11167);
#3503=VERTEX_POINT('',#11170);
#3504=VERTEX_POINT('',#11171);
#3505=VERTEX_POINT('',#11177);
#3506=VERTEX_POINT('',#11179);
#3507=VERTEX_POINT('',#11181);
#3508=VERTEX_POINT('',#11183);
#3509=VERTEX_POINT('',#11189);
#3510=VERTEX_POINT('',#11195);
#3511=VERTEX_POINT('',#11201);
#3512=VERTEX_POINT('',#11207);
#3513=VERTEX_POINT('',#11213);
#3514=VERTEX_POINT('',#11219);
#3515=VERTEX_POINT('',#11221);
#3516=VERTEX_POINT('',#11223);
#3517=VERTEX_POINT('',#11225);
#3518=VERTEX_POINT('',#11231);
#3519=VERTEX_POINT('',#11237);
#3520=VERTEX_POINT('',#11243);
#3521=VERTEX_POINT('',#11249);
#3522=VERTEX_POINT('',#11255);
#3523=VERTEX_POINT('',#11266);
#3524=VERTEX_POINT('',#11267);
#3525=VERTEX_POINT('',#11269);
#3526=VERTEX_POINT('',#11271);
#3527=VERTEX_POINT('',#11274);
#3528=VERTEX_POINT('',#11275);
#3529=VERTEX_POINT('',#11277);
#3530=VERTEX_POINT('',#11279);
#3531=VERTEX_POINT('',#11282);
#3532=VERTEX_POINT('',#11284);
#3533=VERTEX_POINT('',#11287);
#3534=VERTEX_POINT('',#11291);
#3535=VERTEX_POINT('',#11293);
#3536=VERTEX_POINT('',#11295);
#3537=VERTEX_POINT('',#11297);
#3538=VERTEX_POINT('',#11299);
#3539=VERTEX_POINT('',#11301);
#3540=VERTEX_POINT('',#11304);
#3541=VERTEX_POINT('',#11305);
#3542=VERTEX_POINT('',#11307);
#3543=VERTEX_POINT('',#11309);
#3544=VERTEX_POINT('',#11311);
#3545=VERTEX_POINT('',#11313);
#3546=VERTEX_POINT('',#11315);
#3547=VERTEX_POINT('',#11317);
#3548=VERTEX_POINT('',#11319);
#3549=VERTEX_POINT('',#11321);
#3550=VERTEX_POINT('',#11323);
#3551=VERTEX_POINT('',#11325);
#3552=VERTEX_POINT('',#11327);
#3553=VERTEX_POINT('',#11329);
#3554=VERTEX_POINT('',#11331);
#3555=VERTEX_POINT('',#11333);
#3556=VERTEX_POINT('',#11335);
#3557=VERTEX_POINT('',#11337);
#3558=VERTEX_POINT('',#11339);
#3559=VERTEX_POINT('',#11341);
#3560=VERTEX_POINT('',#11343);
#3561=VERTEX_POINT('',#11345);
#3562=VERTEX_POINT('',#11361);
#3563=VERTEX_POINT('',#11365);
#3564=VERTEX_POINT('',#11369);
#3565=VERTEX_POINT('',#11370);
#3566=VERTEX_POINT('',#11375);
#3567=VERTEX_POINT('',#11379);
#3568=VERTEX_POINT('',#11385);
#3569=VERTEX_POINT('',#11386);
#3570=VERTEX_POINT('',#11388);
#3571=VERTEX_POINT('',#11390);
#3572=VERTEX_POINT('',#11394);
#3573=VERTEX_POINT('',#11396);
#3574=VERTEX_POINT('',#11403);
#3575=VERTEX_POINT('',#11405);
#3576=VERTEX_POINT('',#11409);
#3577=VERTEX_POINT('',#11413);
#3578=VERTEX_POINT('',#11417);
#3579=VERTEX_POINT('',#11421);
#3580=VERTEX_POINT('',#11425);
#3581=VERTEX_POINT('',#11429);
#3582=VERTEX_POINT('',#11445);
#3583=VERTEX_POINT('',#11446);
#3584=VERTEX_POINT('',#11452);
#3585=VERTEX_POINT('',#11454);
#3586=VERTEX_POINT('',#11471);
#3587=VERTEX_POINT('',#11477);
#3588=VERTEX_POINT('',#11494);
#3589=VERTEX_POINT('',#11500);
#3590=VERTEX_POINT('',#11517);
#3591=VERTEX_POINT('',#11523);
#3592=VERTEX_POINT('',#11540);
#3593=VERTEX_POINT('',#11546);
#3594=VERTEX_POINT('',#11563);
#3595=VERTEX_POINT('',#11569);
#3596=VERTEX_POINT('',#11586);
#3597=VERTEX_POINT('',#11592);
#3598=VERTEX_POINT('',#11629);
#3599=VERTEX_POINT('',#11631);
#3600=VERTEX_POINT('',#11648);
#3601=VERTEX_POINT('',#11665);
#3602=VERTEX_POINT('',#11682);
#3603=VERTEX_POINT('',#11699);
#3604=VERTEX_POINT('',#11716);
#3605=VERTEX_POINT('',#11733);
#3606=VERTEX_POINT('',#11750);
#3607=VERTEX_POINT('',#11767);
#3608=VERTEX_POINT('',#11791);
#3609=VERTEX_POINT('',#11793);
#3610=VERTEX_POINT('',#11797);
#3611=VERTEX_POINT('',#11801);
#3612=VERTEX_POINT('',#11805);
#3613=VERTEX_POINT('',#11809);
#3614=VERTEX_POINT('',#11813);
#3615=VERTEX_POINT('',#11817);
#3616=VERTEX_POINT('',#11833);
#3617=VERTEX_POINT('',#11835);
#3618=VERTEX_POINT('',#11852);
#3619=VERTEX_POINT('',#11869);
#3620=VERTEX_POINT('',#11886);
#3621=VERTEX_POINT('',#11903);
#3622=VERTEX_POINT('',#11920);
#3623=VERTEX_POINT('',#11937);
#3624=VERTEX_POINT('',#11954);
#3625=VERTEX_POINT('',#11962);
#3626=VERTEX_POINT('',#11966);
#3627=VERTEX_POINT('',#11970);
#3628=VERTEX_POINT('',#11983);
#3629=VERTEX_POINT('',#12000);
#3630=VERTEX_POINT('',#12017);
#3631=VERTEX_POINT('',#12034);
#3632=VERTEX_POINT('',#12051);
#3633=VERTEX_POINT('',#12068);
#3634=VERTEX_POINT('',#12076);
#3635=VERTEX_POINT('',#12080);
#3636=VERTEX_POINT('',#12087);
#3637=VERTEX_POINT('',#12089);
#3638=VERTEX_POINT('',#12093);
#3639=VERTEX_POINT('',#12097);
#3640=VERTEX_POINT('',#12106);
#3641=VERTEX_POINT('',#12107);
#3642=VERTEX_POINT('',#12109);
#3643=VERTEX_POINT('',#12113);
#3644=VERTEX_POINT('',#12114);
#3645=VERTEX_POINT('',#12116);
#3646=VERTEX_POINT('',#12120);
#3647=VERTEX_POINT('',#12121);
#3648=VERTEX_POINT('',#12123);
#3649=VERTEX_POINT('',#12127);
#3650=VERTEX_POINT('',#12128);
#3651=VERTEX_POINT('',#12130);
#3652=VERTEX_POINT('',#12134);
#3653=VERTEX_POINT('',#12135);
#3654=VERTEX_POINT('',#12137);
#3655=VERTEX_POINT('',#12141);
#3656=VERTEX_POINT('',#12142);
#3657=VERTEX_POINT('',#12144);
#3658=VERTEX_POINT('',#12148);
#3659=VERTEX_POINT('',#12149);
#3660=VERTEX_POINT('',#12151);
#3661=VERTEX_POINT('',#12155);
#3662=VERTEX_POINT('',#12156);
#3663=VERTEX_POINT('',#12158);
#3664=VERTEX_POINT('',#12162);
#3665=VERTEX_POINT('',#12163);
#3666=VERTEX_POINT('',#12165);
#3667=VERTEX_POINT('',#12169);
#3668=VERTEX_POINT('',#12170);
#3669=VERTEX_POINT('',#12172);
#3670=VERTEX_POINT('',#12176);
#3671=VERTEX_POINT('',#12177);
#3672=VERTEX_POINT('',#12179);
#3673=VERTEX_POINT('',#12183);
#3674=VERTEX_POINT('',#12184);
#3675=VERTEX_POINT('',#12186);
#3676=VERTEX_POINT('',#12190);
#3677=VERTEX_POINT('',#12191);
#3678=VERTEX_POINT('',#12193);
#3679=VERTEX_POINT('',#12197);
#3680=VERTEX_POINT('',#12198);
#3681=VERTEX_POINT('',#12200);
#3682=VERTEX_POINT('',#12204);
#3683=VERTEX_POINT('',#12205);
#3684=VERTEX_POINT('',#12207);
#3685=VERTEX_POINT('',#12209);
#3686=VERTEX_POINT('',#12213);
#3687=VERTEX_POINT('',#12215);
#3688=VERTEX_POINT('',#12223);
#3689=VERTEX_POINT('',#12227);
#3690=VERTEX_POINT('',#12231);
#3691=VERTEX_POINT('',#12233);
#3692=VERTEX_POINT('',#12237);
#3693=VERTEX_POINT('',#12238);
#3694=VERTEX_POINT('',#12240);
#3695=VERTEX_POINT('',#12242);
#3696=VERTEX_POINT('',#12246);
#3697=VERTEX_POINT('',#12248);
#3698=VERTEX_POINT('',#12252);
#3699=VERTEX_POINT('',#12260);
#3700=VERTEX_POINT('',#12264);
#3701=VERTEX_POINT('',#12266);
#3702=VERTEX_POINT('',#12271);
#3703=VERTEX_POINT('',#12275);
#3704=VERTEX_POINT('',#12276);
#3705=VERTEX_POINT('',#12278);
#3706=VERTEX_POINT('',#12280);
#3707=VERTEX_POINT('',#12284);
#3708=VERTEX_POINT('',#12286);
#3709=VERTEX_POINT('',#12292);
#3710=VERTEX_POINT('',#12297);
#3711=VERTEX_POINT('',#12302);
#3712=VERTEX_POINT('',#12304);
#3713=VERTEX_POINT('',#12308);
#3714=VERTEX_POINT('',#12310);
#3715=VERTEX_POINT('',#12314);
#3716=VERTEX_POINT('',#12315);
#3717=VERTEX_POINT('',#12317);
#3718=VERTEX_POINT('',#12319);
#3719=VERTEX_POINT('',#12323);
#3720=VERTEX_POINT('',#12325);
#3721=VERTEX_POINT('',#12329);
#3722=VERTEX_POINT('',#12337);
#3723=VERTEX_POINT('',#12347);
#3724=VERTEX_POINT('',#12348);
#3725=VERTEX_POINT('',#12350);
#3726=VERTEX_POINT('',#12352);
#3727=VERTEX_POINT('',#12356);
#3728=VERTEX_POINT('',#12358);
#3729=VERTEX_POINT('',#12362);
#3730=VERTEX_POINT('',#12372);
#3731=VERTEX_POINT('',#12374);
#3732=VERTEX_POINT('',#12378);
#3733=VERTEX_POINT('',#12379);
#3734=VERTEX_POINT('',#12381);
#3735=VERTEX_POINT('',#12383);
#3736=VERTEX_POINT('',#12387);
#3737=VERTEX_POINT('',#12389);
#3738=VERTEX_POINT('',#12393);
#3739=VERTEX_POINT('',#12401);
#3740=VERTEX_POINT('',#12405);
#3741=VERTEX_POINT('',#12407);
#3742=VERTEX_POINT('',#12411);
#3743=VERTEX_POINT('',#12413);
#3744=VERTEX_POINT('',#12417);
#3745=VERTEX_POINT('',#12418);
#3746=VERTEX_POINT('',#12420);
#3747=VERTEX_POINT('',#12422);
#3748=VERTEX_POINT('',#12426);
#3749=VERTEX_POINT('',#12428);
#3750=VERTEX_POINT('',#12432);
#3751=VERTEX_POINT('',#12440);
#3752=VERTEX_POINT('',#12453);
#3753=VERTEX_POINT('',#12455);
#3754=VERTEX_POINT('',#12463);
#3755=VERTEX_POINT('',#12464);
#3756=VERTEX_POINT('',#12466);
#3757=VERTEX_POINT('',#12468);
#3758=VERTEX_POINT('',#12472);
#3759=VERTEX_POINT('',#12474);
#3760=VERTEX_POINT('',#12481);
#3761=VERTEX_POINT('',#12485);
#3762=VERTEX_POINT('',#12489);
#3763=VERTEX_POINT('',#12493);
#3764=VERTEX_POINT('',#12494);
#3765=VERTEX_POINT('',#12496);
#3766=VERTEX_POINT('',#12498);
#3767=VERTEX_POINT('',#12502);
#3768=VERTEX_POINT('',#12504);
#3769=VERTEX_POINT('',#12509);
#3770=VERTEX_POINT('',#12515);
#3771=VERTEX_POINT('',#12519);
#3772=VERTEX_POINT('',#12523);
#3773=VERTEX_POINT('',#12527);
#3774=VERTEX_POINT('',#12528);
#3775=VERTEX_POINT('',#12530);
#3776=VERTEX_POINT('',#12532);
#3777=VERTEX_POINT('',#12536);
#3778=VERTEX_POINT('',#12538);
#3779=VERTEX_POINT('',#12540);
#3780=VERTEX_POINT('',#12542);
#3781=VERTEX_POINT('',#12544);
#3782=VERTEX_POINT('',#12546);
#3783=VERTEX_POINT('',#12548);
#3784=VERTEX_POINT('',#12550);
#3785=VERTEX_POINT('',#12552);
#3786=VERTEX_POINT('',#12554);
#3787=VERTEX_POINT('',#12556);
#3788=VERTEX_POINT('',#12558);
#3789=VERTEX_POINT('',#12560);
#3790=VERTEX_POINT('',#12562);
#3791=VERTEX_POINT('',#12565);
#3792=VERTEX_POINT('',#12567);
#3793=VERTEX_POINT('',#12569);
#3794=VERTEX_POINT('',#12571);
#3795=VERTEX_POINT('',#12573);
#3796=VERTEX_POINT('',#12575);
#3797=VERTEX_POINT('',#12578);
#3798=VERTEX_POINT('',#12580);
#3799=VERTEX_POINT('',#12582);
#3800=VERTEX_POINT('',#12586);
#3801=VERTEX_POINT('',#12591);
#3802=VERTEX_POINT('',#12603);
#3803=VERTEX_POINT('',#12605);
#3804=VERTEX_POINT('',#12609);
#3805=VERTEX_POINT('',#12611);
#3806=VERTEX_POINT('',#12624);
#3807=VERTEX_POINT('',#12626);
#3808=VERTEX_POINT('',#12630);
#3809=VERTEX_POINT('',#12632);
#3810=VERTEX_POINT('',#12644);
#3811=VERTEX_POINT('',#12646);
#3812=VERTEX_POINT('',#12650);
#3813=VERTEX_POINT('',#12652);
#3814=VERTEX_POINT('',#12667);
#3815=VERTEX_POINT('',#12669);
#3816=VERTEX_POINT('',#12673);
#3817=VERTEX_POINT('',#12675);
#3818=VERTEX_POINT('',#12693);
#3819=VERTEX_POINT('',#12694);
#3820=VERTEX_POINT('',#12696);
#3821=VERTEX_POINT('',#12698);
#3822=VERTEX_POINT('',#12702);
#3823=VERTEX_POINT('',#12703);
#3824=VERTEX_POINT('',#12705);
#3825=VERTEX_POINT('',#12707);
#3826=VERTEX_POINT('',#12711);
#3827=VERTEX_POINT('',#12713);
#3828=VERTEX_POINT('',#12717);
#3829=VERTEX_POINT('',#12719);
#3830=VERTEX_POINT('',#12723);
#3831=VERTEX_POINT('',#12725);
#3832=VERTEX_POINT('',#12729);
#3833=VERTEX_POINT('',#12731);
#3834=VERTEX_POINT('',#12735);
#3835=VERTEX_POINT('',#12737);
#3836=VERTEX_POINT('',#12741);
#3837=VERTEX_POINT('',#12743);
#3838=VERTEX_POINT('',#12750);
#3839=VERTEX_POINT('',#12751);
#3840=VERTEX_POINT('',#12753);
#3841=VERTEX_POINT('',#12755);
#3842=VERTEX_POINT('',#12759);
#3843=VERTEX_POINT('',#12760);
#3844=VERTEX_POINT('',#12762);
#3845=VERTEX_POINT('',#12764);
#3846=VERTEX_POINT('',#12768);
#3847=VERTEX_POINT('',#12769);
#3848=VERTEX_POINT('',#12771);
#3849=VERTEX_POINT('',#12773);
#3850=VERTEX_POINT('',#12782);
#3851=VERTEX_POINT('',#12786);
#3852=VERTEX_POINT('',#12787);
#3853=VERTEX_POINT('',#12789);
#3854=VERTEX_POINT('',#12796);
#3855=VERTEX_POINT('',#12798);
#3856=VERTEX_POINT('',#12804);
#3857=VERTEX_POINT('',#12806);
#3858=VERTEX_POINT('',#12815);
#3859=VERTEX_POINT('',#12816);
#3860=VERTEX_POINT('',#12818);
#3861=VERTEX_POINT('',#12820);
#3862=VERTEX_POINT('',#12824);
#3863=VERTEX_POINT('',#12825);
#3864=VERTEX_POINT('',#12827);
#3865=VERTEX_POINT('',#12829);
#3866=VERTEX_POINT('',#12836);
#3867=VERTEX_POINT('',#12838);
#3868=VERTEX_POINT('',#12842);
#3869=VERTEX_POINT('',#12845);
#3870=VERTEX_POINT('',#12847);
#3871=VERTEX_POINT('',#12851);
#3872=VERTEX_POINT('',#12854);
#3873=VERTEX_POINT('',#12858);
#3874=VERTEX_POINT('',#12862);
#3875=VERTEX_POINT('',#12864);
#3876=VERTEX_POINT('',#12866);
#3877=VERTEX_POINT('',#12868);
#3878=VERTEX_POINT('',#12871);
#3879=VERTEX_POINT('',#12874);
#3880=VERTEX_POINT('',#12875);
#3881=VERTEX_POINT('',#12880);
#3882=VERTEX_POINT('',#12884);
#3883=VERTEX_POINT('',#12888);
#3884=VERTEX_POINT('',#12897);
#3885=VERTEX_POINT('',#12898);
#3886=VERTEX_POINT('',#12900);
#3887=VERTEX_POINT('',#12902);
#3888=VERTEX_POINT('',#12906);
#3889=VERTEX_POINT('',#12907);
#3890=VERTEX_POINT('',#12909);
#3891=VERTEX_POINT('',#12911);
#3892=VERTEX_POINT('',#12918);
#3893=VERTEX_POINT('',#12920);
#3894=VERTEX_POINT('',#12924);
#3895=VERTEX_POINT('',#12926);
#3896=VERTEX_POINT('',#12930);
#3897=VERTEX_POINT('',#12931);
#3898=VERTEX_POINT('',#12936);
#3899=VERTEX_POINT('',#12937);
#3900=VERTEX_POINT('',#12942);
#3901=VERTEX_POINT('',#12944);
#3902=VERTEX_POINT('',#12947);
#3903=VERTEX_POINT('',#12950);
#3904=VERTEX_POINT('',#12954);
#3905=VERTEX_POINT('',#12958);
#3906=VERTEX_POINT('',#12965);
#3907=VERTEX_POINT('',#12966);
#3908=VERTEX_POINT('',#12977);
#3909=VERTEX_POINT('',#12979);
#3910=VERTEX_POINT('',#12981);
#3911=VERTEX_POINT('',#12983);
#3912=VERTEX_POINT('',#12987);
#3913=VERTEX_POINT('',#12988);
#3914=VERTEX_POINT('',#12993);
#3915=VERTEX_POINT('',#12994);
#3916=VERTEX_POINT('',#13005);
#3917=VERTEX_POINT('',#13007);
#3918=VERTEX_POINT('',#13012);
#3919=VERTEX_POINT('',#13013);
#3920=VERTEX_POINT('',#13018);
#3921=VERTEX_POINT('',#13019);
#3922=VERTEX_POINT('',#13030);
#3923=VERTEX_POINT('',#13032);
#3924=VERTEX_POINT('',#13037);
#3925=VERTEX_POINT('',#13038);
#3926=VERTEX_POINT('',#13043);
#3927=VERTEX_POINT('',#13044);
#3928=VERTEX_POINT('',#13055);
#3929=VERTEX_POINT('',#13057);
#3930=VERTEX_POINT('',#13069);
#3931=VERTEX_POINT('',#13073);
#3932=VERTEX_POINT('',#13075);
#3933=VERTEX_POINT('',#13079);
#3934=VERTEX_POINT('',#13083);
#3935=VERTEX_POINT('',#13087);
#3936=VERTEX_POINT('',#13091);
#3937=VERTEX_POINT('',#13092);
#3938=VERTEX_POINT('',#13094);
#3939=VERTEX_POINT('',#13096);
#3940=VERTEX_POINT('',#13102);
#3941=VERTEX_POINT('',#13104);
#3942=VERTEX_POINT('',#13106);
#3943=VERTEX_POINT('',#13110);
#3944=VERTEX_POINT('',#13115);
#3945=VERTEX_POINT('',#13120);
#3946=VERTEX_POINT('',#13124);
#3947=VERTEX_POINT('',#13128);
#3948=VERTEX_POINT('',#13131);
#3949=VERTEX_POINT('',#13132);
#3950=VERTEX_POINT('',#13134);
#3951=VERTEX_POINT('',#13136);
#3952=VERTEX_POINT('',#13151);
#3953=VERTEX_POINT('',#13153);
#3954=VERTEX_POINT('',#13157);
#3955=VERTEX_POINT('',#13159);
#3956=VERTEX_POINT('',#13165);
#3957=VERTEX_POINT('',#13166);
#3958=VERTEX_POINT('',#13168);
#3959=VERTEX_POINT('',#13170);
#3960=VERTEX_POINT('',#13174);
#3961=VERTEX_POINT('',#13176);
#3962=VERTEX_POINT('',#13180);
#3963=VERTEX_POINT('',#13182);
#3964=VERTEX_POINT('',#13189);
#3965=VERTEX_POINT('',#13190);
#3966=VERTEX_POINT('',#13192);
#3967=VERTEX_POINT('',#13194);
#3968=VERTEX_POINT('',#13198);
#3969=VERTEX_POINT('',#13200);
#3970=VERTEX_POINT('',#13204);
#3971=VERTEX_POINT('',#13206);
#3972=EDGE_CURVE('',#3270,#3271,#3083,.T.);
#3973=EDGE_CURVE('',#3271,#3272,#1393,.T.);
#3974=EDGE_CURVE('',#3272,#3273,#3084,.T.);
#3975=EDGE_CURVE('',#3273,#3270,#1394,.T.);
#3976=EDGE_CURVE('',#3274,#3275,#3085,.T.);
#3977=EDGE_CURVE('',#3275,#3276,#1395,.T.);
#3978=EDGE_CURVE('',#3276,#3270,#3086,.T.);
#3979=EDGE_CURVE('',#3270,#3274,#1396,.T.);
#3980=EDGE_CURVE('',#3276,#3271,#3087,.T.);
#3981=EDGE_CURVE('',#3277,#3278,#3088,.T.);
#3982=EDGE_CURVE('',#3278,#3279,#1397,.T.);
#3983=EDGE_CURVE('',#3279,#3274,#3089,.T.);
#3984=EDGE_CURVE('',#3274,#3277,#1398,.T.);
#3985=EDGE_CURVE('',#3279,#3275,#3090,.T.);
#3986=EDGE_CURVE('',#3280,#3281,#3091,.T.);
#3987=EDGE_CURVE('',#3281,#3282,#1399,.T.);
#3988=EDGE_CURVE('',#3282,#3277,#3092,.T.);
#3989=EDGE_CURVE('',#3277,#3280,#1400,.T.);
#3990=EDGE_CURVE('',#3282,#3278,#3093,.T.);
#3991=EDGE_CURVE('',#3283,#3284,#3094,.T.);
#3992=EDGE_CURVE('',#3284,#3285,#1401,.T.);
#3993=EDGE_CURVE('',#3285,#3280,#3095,.T.);
#3994=EDGE_CURVE('',#3280,#3283,#1402,.T.);
#3995=EDGE_CURVE('',#3285,#3281,#3096,.T.);
#3996=EDGE_CURVE('',#3286,#3287,#3097,.T.);
#3997=EDGE_CURVE('',#3287,#3288,#1403,.T.);
#3998=EDGE_CURVE('',#3288,#3283,#3098,.T.);
#3999=EDGE_CURVE('',#3283,#3286,#1404,.T.);
#4000=EDGE_CURVE('',#3289,#3290,#3099,.T.);
#4001=EDGE_CURVE('',#3290,#3287,#3100,.T.);
#4002=EDGE_CURVE('',#3286,#3289,#3101,.T.);
#4003=EDGE_CURVE('',#3291,#3292,#3102,.T.);
#4004=EDGE_CURVE('',#3292,#3290,#1405,.T.);
#4005=EDGE_CURVE('',#3289,#3291,#1406,.T.);
#4006=EDGE_CURVE('',#3293,#3294,#3103,.T.);
#4007=EDGE_CURVE('',#3294,#3292,#3104,.T.);
#4008=EDGE_CURVE('',#3291,#3293,#3105,.T.);
#4009=EDGE_CURVE('',#3273,#3295,#3106,.T.);
#4010=EDGE_CURVE('',#3295,#3294,#1407,.T.);
#4011=EDGE_CURVE('',#3293,#3273,#1408,.T.);
#4012=EDGE_CURVE('',#3288,#3284,#3107,.T.);
#4013=EDGE_CURVE('',#3272,#3295,#3108,.T.);
#4014=EDGE_CURVE('',#3279,#3296,#1409,.T.);
#4015=EDGE_CURVE('',#3296,#3297,#3109,.T.);
#4016=EDGE_CURVE('',#3297,#3275,#1410,.T.);
#4017=EDGE_CURVE('',#3298,#3278,#1411,.T.);
#4018=EDGE_CURVE('',#3296,#3298,#1412,.T.);
#4019=EDGE_CURVE('',#3299,#3300,#1413,.T.);
#4020=EDGE_CURVE('',#3300,#3301,#3110,.T.);
#4021=EDGE_CURVE('',#3301,#3302,#1414,.T.);
#4022=EDGE_CURVE('',#3302,#3303,#3111,.T.);
#4023=EDGE_CURVE('',#3303,#3304,#1415,.T.);
#4024=EDGE_CURVE('',#3304,#3305,#3112,.T.);
#4025=EDGE_CURVE('',#3305,#3306,#1416,.T.);
#4026=EDGE_CURVE('',#3306,#3299,#3113,.T.);
#4027=EDGE_CURVE('',#3282,#3307,#1417,.T.);
#4028=EDGE_CURVE('',#3307,#3298,#3114,.T.);
#4029=EDGE_CURVE('',#3308,#3281,#1418,.T.);
#4030=EDGE_CURVE('',#3307,#3308,#1419,.T.);
#4031=EDGE_CURVE('',#3285,#3309,#1420,.T.);
#4032=EDGE_CURVE('',#3309,#3308,#3115,.T.);
#4033=EDGE_CURVE('',#3310,#3284,#1421,.T.);
#4034=EDGE_CURVE('',#3309,#3310,#1422,.T.);
#4035=EDGE_CURVE('',#3288,#3311,#1423,.T.);
#4036=EDGE_CURVE('',#3311,#3310,#3116,.T.);
#4037=EDGE_CURVE('',#3312,#3287,#1424,.T.);
#4038=EDGE_CURVE('',#3311,#3312,#1425,.T.);
#4039=EDGE_CURVE('',#3313,#3314,#3117,.T.);
#4040=EDGE_CURVE('',#3314,#3315,#1426,.T.);
#4041=EDGE_CURVE('',#3315,#3316,#3118,.T.);
#4042=EDGE_CURVE('',#3316,#3313,#1427,.T.);
#4043=EDGE_CURVE('',#3317,#3316,#1428,.T.);
#4044=EDGE_CURVE('',#3318,#3317,#1429,.T.);
#4045=EDGE_CURVE('',#3318,#3313,#1430,.T.);
#4046=EDGE_CURVE('',#3319,#3315,#1431,.T.);
#4047=EDGE_CURVE('',#3320,#3319,#3119,.T.);
#4048=EDGE_CURVE('',#3321,#3320,#1432,.T.);
#4049=EDGE_CURVE('',#3322,#3321,#3120,.T.);
#4050=EDGE_CURVE('',#3323,#3322,#3121,.T.);
#4051=EDGE_CURVE('',#3324,#3323,#1433,.T.);
#4052=EDGE_CURVE('',#3324,#3325,#3122,.T.);
#4053=EDGE_CURVE('',#3326,#3325,#1434,.T.);
#4054=EDGE_CURVE('',#3327,#3326,#3123,.F.);
#4055=EDGE_CURVE('',#3328,#3327,#1435,.T.);
#4056=EDGE_CURVE('',#3328,#3329,#3124,.F.);
#4057=EDGE_CURVE('',#3317,#3329,#3125,.T.);
#4058=EDGE_CURVE('',#3329,#3330,#1436,.T.);
#4059=EDGE_CURVE('',#3330,#3318,#3126,.T.);
#4060=EDGE_CURVE('',#3328,#3331,#1437,.T.);
#4061=EDGE_CURVE('',#3331,#3330,#3127,.T.);
#4062=EDGE_CURVE('',#3319,#3332,#1438,.T.);
#4063=EDGE_CURVE('',#3332,#3333,#3128,.T.);
#4064=EDGE_CURVE('',#3333,#3320,#1439,.T.);
#4065=EDGE_CURVE('',#3314,#3332,#1440,.T.);
#4066=EDGE_CURVE('',#3334,#3335,#3129,.T.);
#4067=EDGE_CURVE('',#3335,#3322,#1441,.T.);
#4068=EDGE_CURVE('',#3321,#3334,#1442,.T.);
#4069=EDGE_CURVE('',#3336,#3335,#3130,.F.);
#4070=EDGE_CURVE('',#3336,#3323,#1443,.T.);
#4071=EDGE_CURVE('',#3337,#3338,#3131,.T.);
#4072=EDGE_CURVE('',#3337,#3339,#1444,.T.);
#4073=EDGE_CURVE('',#3339,#3340,#3132,.T.);
#4074=EDGE_CURVE('',#3340,#3338,#1445,.T.);
#4075=EDGE_CURVE('',#3341,#3337,#1446,.T.);
#4076=EDGE_CURVE('',#3342,#3341,#1447,.T.);
#4077=EDGE_CURVE('',#3343,#3342,#1448,.T.);
#4078=EDGE_CURVE('',#3343,#3344,#1449,.T.);
#4079=EDGE_CURVE('',#3344,#3345,#1450,.T.);
#4080=EDGE_CURVE('',#3345,#3346,#1451,.T.);
#4081=EDGE_CURVE('',#3339,#3346,#1452,.T.);
#4082=EDGE_CURVE('',#3347,#3348,#3133,.T.);
#4083=EDGE_CURVE('',#3347,#3349,#1453,.T.);
#4084=EDGE_CURVE('',#3349,#3350,#3134,.T.);
#4085=EDGE_CURVE('',#3350,#3348,#1454,.T.);
#4086=EDGE_CURVE('',#3338,#3347,#1455,.T.);
#4087=EDGE_CURVE('',#3348,#3351,#1456,.T.);
#4088=EDGE_CURVE('',#3352,#3351,#3135,.F.);
#4089=EDGE_CURVE('',#3352,#3353,#1457,.T.);
#4090=EDGE_CURVE('',#3354,#3353,#3136,.F.);
#4091=EDGE_CURVE('',#3354,#3355,#1458,.T.);
#4092=EDGE_CURVE('',#3355,#3356,#3137,.T.);
#4093=EDGE_CURVE('',#3356,#3357,#1459,.T.);
#4094=EDGE_CURVE('',#3357,#3358,#3138,.T.);
#4095=EDGE_CURVE('',#3358,#3359,#1460,.T.);
#4096=EDGE_CURVE('',#3359,#3360,#3139,.T.);
#4097=EDGE_CURVE('',#3360,#3361,#1461,.T.);
#4098=EDGE_CURVE('',#3361,#3341,#3140,.T.);
#4099=EDGE_CURVE('',#3336,#3362,#1462,.T.);
#4100=EDGE_CURVE('',#3351,#3362,#1463,.T.);
#4101=EDGE_CURVE('',#3363,#3350,#1464,.T.);
#4102=EDGE_CURVE('',#3324,#3363,#1465,.T.);
#4103=EDGE_CURVE('',#3355,#3364,#1466,.T.);
#4104=EDGE_CURVE('',#3364,#3365,#3141,.T.);
#4105=EDGE_CURVE('',#3365,#3356,#1467,.T.);
#4106=EDGE_CURVE('',#3366,#3365,#1468,.T.);
#4107=EDGE_CURVE('',#3366,#3367,#1469,.T.);
#4108=EDGE_CURVE('',#3367,#3368,#1470,.T.);
#4109=EDGE_CURVE('',#3368,#3369,#1471,.T.);
#4110=EDGE_CURVE('',#3370,#3369,#1472,.T.);
#4111=EDGE_CURVE('',#3357,#3370,#1473,.T.);
#4112=EDGE_CURVE('',#3363,#3371,#3142,.T.);
#4113=EDGE_CURVE('',#3371,#3325,#1474,.T.);
#4114=EDGE_CURVE('',#3362,#3372,#3143,.F.);
#4115=EDGE_CURVE('',#3372,#3352,#1475,.T.);
#4116=EDGE_CURVE('',#3372,#3373,#1476,.T.);
#4117=EDGE_CURVE('',#3353,#3373,#1477,.T.);
#4118=EDGE_CURVE('',#3374,#3375,#3144,.T.);
#4119=EDGE_CURVE('',#3375,#3327,#1478,.T.);
#4120=EDGE_CURVE('',#3326,#3374,#1479,.T.);
#4121=EDGE_CURVE('',#3376,#3371,#1480,.T.);
#4122=EDGE_CURVE('',#3376,#3377,#1481,.T.);
#4123=EDGE_CURVE('',#3377,#3378,#1482,.T.);
#4124=EDGE_CURVE('',#3378,#3379,#1483,.T.);
#4125=EDGE_CURVE('',#3374,#3379,#1484,.T.);
#4126=EDGE_CURVE('',#3380,#3373,#3145,.T.);
#4127=EDGE_CURVE('',#3380,#3354,#1485,.T.);
#4128=EDGE_CURVE('',#3364,#3375,#1486,.T.);
#4129=EDGE_CURVE('',#3380,#3331,#1487,.T.);
#4130=EDGE_CURVE('',#3370,#3381,#3146,.T.);
#4131=EDGE_CURVE('',#3381,#3358,#1488,.T.);
#4132=EDGE_CURVE('',#3359,#3382,#1489,.T.);
#4133=EDGE_CURVE('',#3382,#3383,#3147,.T.);
#4134=EDGE_CURVE('',#3383,#3360,#1490,.T.);
#4135=EDGE_CURVE('',#3384,#3383,#1491,.T.);
#4136=EDGE_CURVE('',#3384,#3385,#1492,.T.);
#4137=EDGE_CURVE('',#3385,#3386,#1493,.T.);
#4138=EDGE_CURVE('',#3386,#3387,#1494,.T.);
#4139=EDGE_CURVE('',#3388,#3387,#1495,.T.);
#4140=EDGE_CURVE('',#3388,#3389,#1496,.T.);
#4141=EDGE_CURVE('',#3389,#3390,#1497,.T.);
#4142=EDGE_CURVE('',#3390,#3391,#1498,.T.);
#4143=EDGE_CURVE('',#3392,#3391,#1499,.T.);
#4144=EDGE_CURVE('',#3361,#3392,#1500,.T.);
#4145=EDGE_CURVE('',#3393,#3394,#1501,.T.);
#4146=EDGE_CURVE('',#3394,#3395,#1502,.T.);
#4147=EDGE_CURVE('',#3395,#3396,#1503,.T.);
#4148=EDGE_CURVE('',#3396,#3393,#1504,.T.);
#4149=EDGE_CURVE('',#3392,#3342,#3148,.T.);
#4150=EDGE_CURVE('',#3397,#3312,#3149,.T.);
#4151=EDGE_CURVE('',#3397,#3398,#1505,.T.);
#4152=EDGE_CURVE('',#3399,#3398,#3150,.T.);
#4153=EDGE_CURVE('',#3399,#3400,#1506,.T.);
#4154=EDGE_CURVE('',#3401,#3400,#3151,.T.);
#4155=EDGE_CURVE('',#3401,#3402,#1507,.T.);
#4156=EDGE_CURVE('',#3403,#3402,#3152,.T.);
#4157=EDGE_CURVE('',#3403,#3297,#1508,.T.);
#4158=EDGE_CURVE('',#3349,#3404,#1509,.T.);
#4159=EDGE_CURVE('',#3404,#3405,#1510,.T.);
#4160=EDGE_CURVE('',#3405,#3340,#1511,.T.);
#4161=EDGE_CURVE('',#3346,#3343,#1512,.T.);
#4162=EDGE_CURVE('',#3391,#3388,#1513,.T.);
#4163=EDGE_CURVE('',#3387,#3384,#1514,.T.);
#4164=EDGE_CURVE('',#3382,#3406,#1515,.T.);
#4165=EDGE_CURVE('',#3406,#3407,#1516,.T.);
#4166=EDGE_CURVE('',#3407,#3381,#1517,.T.);
#4167=EDGE_CURVE('',#3369,#3366,#1518,.T.);
#4168=EDGE_CURVE('',#3379,#3376,#1519,.T.);
#4169=EDGE_CURVE('',#3276,#3403,#1520,.T.);
#4170=EDGE_CURVE('',#3402,#3271,#1521,.T.);
#4171=EDGE_CURVE('',#3272,#3401,#1522,.T.);
#4172=EDGE_CURVE('',#3400,#3295,#1523,.T.);
#4173=EDGE_CURVE('',#3294,#3399,#1524,.T.);
#4174=EDGE_CURVE('',#3398,#3292,#1525,.T.);
#4175=EDGE_CURVE('',#3290,#3397,#1526,.T.);
#4176=EDGE_CURVE('',#3334,#3333,#1527,.T.);
#4177=EDGE_CURVE('',#3408,#3408,#3153,.T.);
#4178=EDGE_CURVE('',#3409,#3409,#3154,.T.);
#4179=EDGE_CURVE('',#3410,#3410,#3155,.T.);
#4180=EDGE_CURVE('',#3410,#3408,#1528,.T.);
#4181=EDGE_CURVE('',#3411,#3411,#3156,.T.);
#4182=EDGE_CURVE('',#3411,#3409,#1529,.T.);
#4183=EDGE_CURVE('',#3393,#3412,#1530,.T.);
#4184=EDGE_CURVE('',#3413,#3412,#1531,.T.);
#4185=EDGE_CURVE('',#3394,#3413,#1532,.T.);
#4186=EDGE_CURVE('',#3414,#3413,#1533,.T.);
#4187=EDGE_CURVE('',#3395,#3414,#1534,.T.);
#4188=EDGE_CURVE('',#3415,#3414,#1535,.T.);
#4189=EDGE_CURVE('',#3396,#3415,#1536,.T.);
#4190=EDGE_CURVE('',#3412,#3415,#1537,.T.);
#4191=EDGE_CURVE('',#3416,#3417,#1538,.T.);
#4192=EDGE_CURVE('',#3417,#3418,#3157,.T.);
#4193=EDGE_CURVE('',#3418,#3419,#1539,.T.);
#4194=EDGE_CURVE('',#3419,#3420,#3158,.T.);
#4195=EDGE_CURVE('',#3420,#3421,#1540,.T.);
#4196=EDGE_CURVE('',#3421,#3422,#3159,.T.);
#4197=EDGE_CURVE('',#3422,#3423,#1541,.T.);
#4198=EDGE_CURVE('',#3423,#3416,#3160,.T.);
#4199=EDGE_CURVE('',#3304,#3418,#1542,.T.);
#4200=EDGE_CURVE('',#3303,#3419,#1543,.T.);
#4201=EDGE_CURVE('',#3302,#3420,#1544,.T.);
#4202=EDGE_CURVE('',#3301,#3421,#1545,.T.);
#4203=EDGE_CURVE('',#3300,#3422,#1546,.T.);
#4204=EDGE_CURVE('',#3299,#3423,#1547,.T.);
#4205=EDGE_CURVE('',#3306,#3416,#1548,.T.);
#4206=EDGE_CURVE('',#3305,#3417,#1549,.T.);
#4207=EDGE_CURVE('',#3378,#3424,#1550,.T.);
#4208=EDGE_CURVE('',#3379,#3424,#1551,.T.);
#4209=EDGE_CURVE('',#3376,#3425,#1552,.T.);
#4210=EDGE_CURVE('',#3424,#3425,#1553,.F.);
#4211=EDGE_CURVE('',#3377,#3425,#1554,.T.);
#4212=EDGE_CURVE('',#3426,#3427,#1555,.T.);
#4213=EDGE_CURVE('',#3407,#3426,#1556,.T.);
#4214=EDGE_CURVE('',#3407,#3427,#1557,.T.);
#4215=EDGE_CURVE('',#3406,#3428,#1558,.T.);
#4216=EDGE_CURVE('',#3427,#3428,#1559,.F.);
#4217=EDGE_CURVE('',#3429,#3406,#1560,.T.);
#4218=EDGE_CURVE('',#3429,#3428,#1561,.T.);
#4219=EDGE_CURVE('',#3426,#3429,#1562,.T.);
#4220=EDGE_CURVE('',#3385,#3430,#1563,.T.);
#4221=EDGE_CURVE('',#3384,#3430,#1564,.T.);
#4222=EDGE_CURVE('',#3387,#3431,#1565,.T.);
#4223=EDGE_CURVE('',#3430,#3431,#1566,.F.);
#4224=EDGE_CURVE('',#3386,#3431,#1567,.T.);
#4225=EDGE_CURVE('',#3367,#3432,#1568,.T.);
#4226=EDGE_CURVE('',#3366,#3432,#1569,.T.);
#4227=EDGE_CURVE('',#3369,#3433,#1570,.T.);
#4228=EDGE_CURVE('',#3432,#3433,#1571,.F.);
#4229=EDGE_CURVE('',#3368,#3433,#1572,.T.);
#4230=EDGE_CURVE('',#3345,#3434,#1573,.T.);
#4231=EDGE_CURVE('',#3346,#3434,#1574,.T.);
#4232=EDGE_CURVE('',#3343,#3435,#1575,.T.);
#4233=EDGE_CURVE('',#3434,#3435,#1576,.F.);
#4234=EDGE_CURVE('',#3344,#3435,#1577,.T.);
#4235=EDGE_CURVE('',#3390,#3436,#1578,.T.);
#4236=EDGE_CURVE('',#3391,#3436,#1579,.T.);
#4237=EDGE_CURVE('',#3388,#3437,#1580,.T.);
#4238=EDGE_CURVE('',#3436,#3437,#1581,.F.);
#4239=EDGE_CURVE('',#3389,#3437,#1582,.T.);
#4240=EDGE_CURVE('',#3438,#3439,#1583,.T.);
#4241=EDGE_CURVE('',#3404,#3439,#1584,.T.);
#4242=EDGE_CURVE('',#3438,#3404,#1585,.T.);
#4243=EDGE_CURVE('',#3405,#3440,#1586,.T.);
#4244=EDGE_CURVE('',#3439,#3440,#1587,.F.);
#4245=EDGE_CURVE('',#3441,#3440,#1588,.T.);
#4246=EDGE_CURVE('',#3405,#3441,#1589,.T.);
#4247=EDGE_CURVE('',#3441,#3438,#1590,.T.);
#4248=EDGE_CURVE('',#3442,#3443,#3161,.T.);
#4249=EDGE_CURVE('',#3443,#3444,#1591,.T.);
#4250=EDGE_CURVE('',#3444,#3445,#3162,.T.);
#4251=EDGE_CURVE('',#3445,#3442,#1592,.T.);
#4252=EDGE_CURVE('',#3446,#3447,#3163,.T.);
#4253=EDGE_CURVE('',#3447,#3448,#1593,.T.);
#4254=EDGE_CURVE('',#3448,#3442,#3164,.T.);
#4255=EDGE_CURVE('',#3442,#3446,#1594,.T.);
#4256=EDGE_CURVE('',#3448,#3443,#3165,.T.);
#4257=EDGE_CURVE('',#3449,#3450,#3166,.T.);
#4258=EDGE_CURVE('',#3450,#3451,#1595,.T.);
#4259=EDGE_CURVE('',#3451,#3446,#3167,.T.);
#4260=EDGE_CURVE('',#3446,#3449,#1596,.T.);
#4261=EDGE_CURVE('',#3451,#3447,#3168,.T.);
#4262=EDGE_CURVE('',#3452,#3453,#3169,.T.);
#4263=EDGE_CURVE('',#3453,#3454,#1597,.T.);
#4264=EDGE_CURVE('',#3454,#3449,#3170,.T.);
#4265=EDGE_CURVE('',#3449,#3452,#1598,.T.);
#4266=EDGE_CURVE('',#3455,#3456,#3171,.T.);
#4267=EDGE_CURVE('',#3456,#3453,#3172,.T.);
#4268=EDGE_CURVE('',#3452,#3455,#3173,.T.);
#4269=EDGE_CURVE('',#3457,#3458,#3174,.T.);
#4270=EDGE_CURVE('',#3458,#3456,#1599,.T.);
#4271=EDGE_CURVE('',#3455,#3457,#1600,.T.);
#4272=EDGE_CURVE('',#3459,#3460,#3175,.T.);
#4273=EDGE_CURVE('',#3460,#3458,#3176,.T.);
#4274=EDGE_CURVE('',#3457,#3459,#3177,.T.);
#4275=EDGE_CURVE('',#3461,#3462,#3178,.T.);
#4276=EDGE_CURVE('',#3462,#3460,#1601,.T.);
#4277=EDGE_CURVE('',#3459,#3461,#1602,.T.);
#4278=EDGE_CURVE('',#3454,#3450,#3179,.T.);
#4279=EDGE_CURVE('',#3463,#3464,#3180,.T.);
#4280=EDGE_CURVE('',#3464,#3465,#1603,.T.);
#4281=EDGE_CURVE('',#3465,#3461,#3181,.T.);
#4282=EDGE_CURVE('',#3461,#3463,#1604,.T.);
#4283=EDGE_CURVE('',#3465,#3462,#3182,.T.);
#4284=EDGE_CURVE('',#3445,#3466,#3183,.T.);
#4285=EDGE_CURVE('',#3466,#3467,#1605,.T.);
#4286=EDGE_CURVE('',#3467,#3463,#3184,.T.);
#4287=EDGE_CURVE('',#3463,#3445,#1606,.T.);
#4288=EDGE_CURVE('',#3467,#3464,#3185,.T.);
#4289=EDGE_CURVE('',#3444,#3466,#3186,.T.);
#4290=EDGE_CURVE('',#3456,#3468,#1607,.T.);
#4291=EDGE_CURVE('',#3468,#3469,#3187,.T.);
#4292=EDGE_CURVE('',#3469,#3453,#1608,.T.);
#4293=EDGE_CURVE('',#3470,#3458,#1609,.T.);
#4294=EDGE_CURVE('',#3470,#3468,#1610,.T.);
#4295=EDGE_CURVE('',#3460,#3471,#1611,.T.);
#4296=EDGE_CURVE('',#3471,#3470,#3188,.T.);
#4297=EDGE_CURVE('',#3472,#3462,#1612,.T.);
#4298=EDGE_CURVE('',#3472,#3471,#1613,.T.);
#4299=EDGE_CURVE('',#3465,#3473,#1614,.T.);
#4300=EDGE_CURVE('',#3473,#3472,#3189,.T.);
#4301=EDGE_CURVE('',#3474,#3464,#1615,.T.);
#4302=EDGE_CURVE('',#3474,#3473,#1616,.T.);
#4303=EDGE_CURVE('',#3467,#3475,#1617,.T.);
#4304=EDGE_CURVE('',#3475,#3474,#3190,.T.);
#4305=EDGE_CURVE('',#3476,#3466,#1618,.T.);
#4306=EDGE_CURVE('',#3476,#3475,#1619,.T.);
#4307=EDGE_CURVE('',#3477,#3478,#1620,.T.);
#4308=EDGE_CURVE('',#3478,#3479,#1621,.T.);
#4309=EDGE_CURVE('',#3479,#3480,#1622,.T.);
#4310=EDGE_CURVE('',#3480,#3481,#1623,.T.);
#4311=EDGE_CURVE('',#3481,#3482,#1624,.T.);
#4312=EDGE_CURVE('',#3482,#3483,#1625,.T.);
#4313=EDGE_CURVE('',#3483,#3484,#1626,.T.);
#4314=EDGE_CURVE('',#3484,#3477,#1627,.T.);
#4315=EDGE_CURVE('',#3485,#3486,#46,.T.);
#4316=EDGE_CURVE('',#3486,#3487,#47,.T.);
#4317=EDGE_CURVE('',#3487,#3488,#48,.T.);
#4318=EDGE_CURVE('',#3488,#3489,#49,.T.);
#4319=EDGE_CURVE('',#3489,#3490,#50,.T.);
#4320=EDGE_CURVE('',#3490,#3491,#51,.T.);
#4321=EDGE_CURVE('',#3491,#3492,#52,.T.);
#4322=EDGE_CURVE('',#3492,#3493,#53,.T.);
#4323=EDGE_CURVE('',#3493,#3494,#54,.T.);
#4324=EDGE_CURVE('',#3494,#3485,#55,.T.);
#4325=EDGE_CURVE('',#3495,#3496,#1628,.T.);
#4326=EDGE_CURVE('',#3496,#3497,#1629,.T.);
#4327=EDGE_CURVE('',#3497,#3498,#1630,.T.);
#4328=EDGE_CURVE('',#3498,#3499,#1631,.T.);
#4329=EDGE_CURVE('',#3499,#3500,#1632,.T.);
#4330=EDGE_CURVE('',#3500,#3501,#1633,.T.);
#4331=EDGE_CURVE('',#3501,#3502,#1634,.T.);
#4332=EDGE_CURVE('',#3502,#3495,#1635,.T.);
#4333=EDGE_CURVE('',#3503,#3504,#56,.T.);
#4334=EDGE_CURVE('',#3504,#3505,#1636,.T.);
#4335=EDGE_CURVE('',#3505,#3506,#1637,.T.);
#4336=EDGE_CURVE('',#3506,#3507,#1638,.T.);
#4337=EDGE_CURVE('',#3507,#3508,#57,.T.);
#4338=EDGE_CURVE('',#3508,#3509,#58,.T.);
#4339=EDGE_CURVE('',#3509,#3510,#59,.T.);
#4340=EDGE_CURVE('',#3510,#3511,#60,.T.);
#4341=EDGE_CURVE('',#3511,#3512,#61,.T.);
#4342=EDGE_CURVE('',#3512,#3513,#62,.T.);
#4343=EDGE_CURVE('',#3513,#3514,#1639,.T.);
#4344=EDGE_CURVE('',#3514,#3515,#1640,.T.);
#4345=EDGE_CURVE('',#3515,#3516,#1641,.T.);
#4346=EDGE_CURVE('',#3516,#3517,#63,.T.);
#4347=EDGE_CURVE('',#3517,#3518,#64,.T.);
#4348=EDGE_CURVE('',#3518,#3519,#65,.T.);
#4349=EDGE_CURVE('',#3519,#3520,#66,.T.);
#4350=EDGE_CURVE('',#3520,#3521,#67,.T.);
#4351=EDGE_CURVE('',#3521,#3522,#68,.T.);
#4352=EDGE_CURVE('',#3522,#3503,#69,.T.);
#4353=EDGE_CURVE('',#3523,#3524,#1642,.T.);
#4354=EDGE_CURVE('',#3524,#3525,#1643,.T.);
#4355=EDGE_CURVE('',#3525,#3526,#1644,.T.);
#4356=EDGE_CURVE('',#3526,#3523,#1645,.T.);
#4357=EDGE_CURVE('',#3527,#3528,#1646,.T.);
#4358=EDGE_CURVE('',#3528,#3529,#1647,.T.);
#4359=EDGE_CURVE('',#3529,#3530,#1648,.T.);
#4360=EDGE_CURVE('',#3530,#3527,#1649,.T.);
#4361=EDGE_CURVE('',#3531,#3531,#3191,.T.);
#4362=EDGE_CURVE('',#3532,#3532,#3192,.T.);
#4363=EDGE_CURVE('',#3444,#3533,#1650,.T.);
#4364=EDGE_CURVE('',#3533,#3476,#3193,.T.);
#4365=EDGE_CURVE('',#3534,#3533,#1651,.T.);
#4366=EDGE_CURVE('',#3535,#3534,#3194,.T.);
#4367=EDGE_CURVE('',#3536,#3535,#1652,.T.);
#4368=EDGE_CURVE('',#3537,#3536,#3195,.T.);
#4369=EDGE_CURVE('',#3538,#3537,#1653,.T.);
#4370=EDGE_CURVE('',#3539,#3538,#3196,.T.);
#4371=EDGE_CURVE('',#3469,#3539,#1654,.T.);
#4372=EDGE_CURVE('',#3540,#3541,#1655,.T.);
#4373=EDGE_CURVE('',#3541,#3542,#1656,.T.);
#4374=EDGE_CURVE('',#3542,#3543,#1657,.T.);
#4375=EDGE_CURVE('',#3543,#3544,#1658,.T.);
#4376=EDGE_CURVE('',#3544,#3545,#1659,.T.);
#4377=EDGE_CURVE('',#3545,#3546,#1660,.T.);
#4378=EDGE_CURVE('',#3546,#3547,#1661,.T.);
#4379=EDGE_CURVE('',#3547,#3548,#1662,.T.);
#4380=EDGE_CURVE('',#3548,#3549,#1663,.T.);
#4381=EDGE_CURVE('',#3549,#3550,#1664,.T.);
#4382=EDGE_CURVE('',#3550,#3551,#1665,.T.);
#4383=EDGE_CURVE('',#3551,#3552,#1666,.T.);
#4384=EDGE_CURVE('',#3552,#3553,#1667,.T.);
#4385=EDGE_CURVE('',#3553,#3554,#1668,.T.);
#4386=EDGE_CURVE('',#3554,#3555,#1669,.T.);
#4387=EDGE_CURVE('',#3555,#3556,#1670,.T.);
#4388=EDGE_CURVE('',#3556,#3557,#1671,.T.);
#4389=EDGE_CURVE('',#3557,#3558,#1672,.T.);
#4390=EDGE_CURVE('',#3558,#3559,#1673,.T.);
#4391=EDGE_CURVE('',#3559,#3560,#1674,.T.);
#4392=EDGE_CURVE('',#3560,#3561,#1675,.T.);
#4393=EDGE_CURVE('',#3561,#3540,#1676,.T.);
#4394=EDGE_CURVE('',#3534,#3443,#1677,.T.);
#4395=EDGE_CURVE('',#3448,#3535,#1678,.T.);
#4396=EDGE_CURVE('',#3451,#3537,#1679,.T.);
#4397=EDGE_CURVE('',#3536,#3447,#1680,.T.);
#4398=EDGE_CURVE('',#3538,#3450,#1681,.T.);
#4399=EDGE_CURVE('',#3454,#3539,#1682,.T.);
#4400=EDGE_CURVE('',#3532,#3562,#1683,.T.);
#4401=EDGE_CURVE('',#3562,#3562,#3197,.T.);
#4402=EDGE_CURVE('',#3531,#3563,#1684,.T.);
#4403=EDGE_CURVE('',#3563,#3563,#3198,.T.);
#4404=EDGE_CURVE('',#3564,#3565,#1685,.T.);
#4405=EDGE_CURVE('',#3528,#3564,#1686,.T.);
#4406=EDGE_CURVE('',#3527,#3565,#1687,.T.);
#4407=EDGE_CURVE('',#3565,#3566,#1688,.T.);
#4408=EDGE_CURVE('',#3530,#3566,#1689,.T.);
#4409=EDGE_CURVE('',#3566,#3567,#1690,.T.);
#4410=EDGE_CURVE('',#3529,#3567,#1691,.T.);
#4411=EDGE_CURVE('',#3567,#3564,#1692,.T.);
#4412=EDGE_CURVE('',#3568,#3569,#1693,.T.);
#4413=EDGE_CURVE('',#3568,#3570,#1694,.T.);
#4414=EDGE_CURVE('',#3570,#3571,#1695,.T.);
#4415=EDGE_CURVE('',#3569,#3571,#1696,.T.);
#4416=EDGE_CURVE('',#3572,#3568,#1697,.T.);
#4417=EDGE_CURVE('',#3572,#3573,#1698,.T.);
#4418=EDGE_CURVE('',#3573,#3570,#1699,.T.);
#4419=EDGE_CURVE('',#3569,#3572,#1700,.T.);
#4420=EDGE_CURVE('',#3571,#3573,#1701,.T.);
#4421=EDGE_CURVE('',#3477,#3574,#1702,.T.);
#4422=EDGE_CURVE('',#3574,#3575,#1703,.T.);
#4423=EDGE_CURVE('',#3478,#3575,#1704,.T.);
#4424=EDGE_CURVE('',#3484,#3576,#1705,.T.);
#4425=EDGE_CURVE('',#3576,#3574,#1706,.T.);
#4426=EDGE_CURVE('',#3483,#3577,#1707,.T.);
#4427=EDGE_CURVE('',#3577,#3576,#1708,.T.);
#4428=EDGE_CURVE('',#3482,#3578,#1709,.T.);
#4429=EDGE_CURVE('',#3578,#3577,#1710,.T.);
#4430=EDGE_CURVE('',#3481,#3579,#1711,.T.);
#4431=EDGE_CURVE('',#3579,#3578,#1712,.T.);
#4432=EDGE_CURVE('',#3480,#3580,#1713,.T.);
#4433=EDGE_CURVE('',#3580,#3579,#1714,.T.);
#4434=EDGE_CURVE('',#3479,#3581,#1715,.T.);
#4435=EDGE_CURVE('',#3581,#3580,#1716,.T.);
#4436=EDGE_CURVE('',#3575,#3581,#1717,.T.);
#4437=EDGE_CURVE('',#3582,#3583,#70,.T.);
#4438=EDGE_CURVE('',#3582,#3584,#1718,.T.);
#4439=EDGE_CURVE('',#3584,#3585,#71,.T.);
#4440=EDGE_CURVE('',#3583,#3585,#1719,.T.);
#4441=EDGE_CURVE('',#3586,#3582,#72,.T.);
#4442=EDGE_CURVE('',#3586,#3587,#1720,.T.);
#4443=EDGE_CURVE('',#3587,#3584,#73,.T.);
#4444=EDGE_CURVE('',#3588,#3586,#74,.T.);
#4445=EDGE_CURVE('',#3588,#3589,#1721,.T.);
#4446=EDGE_CURVE('',#3589,#3587,#75,.T.);
#4447=EDGE_CURVE('',#3590,#3588,#76,.T.);
#4448=EDGE_CURVE('',#3590,#3591,#1722,.T.);
#4449=EDGE_CURVE('',#3591,#3589,#77,.T.);
#4450=EDGE_CURVE('',#3592,#3590,#78,.T.);
#4451=EDGE_CURVE('',#3592,#3593,#1723,.T.);
#4452=EDGE_CURVE('',#3593,#3591,#79,.T.);
#4453=EDGE_CURVE('',#3594,#3592,#80,.T.);
#4454=EDGE_CURVE('',#3594,#3595,#1724,.T.);
#4455=EDGE_CURVE('',#3595,#3593,#81,.T.);
#4456=EDGE_CURVE('',#3596,#3594,#82,.T.);
#4457=EDGE_CURVE('',#3596,#3597,#1725,.T.);
#4458=EDGE_CURVE('',#3597,#3595,#83,.T.);
#4459=EDGE_CURVE('',#3583,#3596,#84,.T.);
#4460=EDGE_CURVE('',#3585,#3597,#85,.T.);
#4461=EDGE_CURVE('',#3485,#3598,#1726,.T.);
#4462=EDGE_CURVE('',#3598,#3599,#86,.T.);
#4463=EDGE_CURVE('',#3486,#3599,#1727,.T.);
#4464=EDGE_CURVE('',#3494,#3600,#1728,.T.);
#4465=EDGE_CURVE('',#3600,#3598,#87,.T.);
#4466=EDGE_CURVE('',#3493,#3601,#1729,.T.);
#4467=EDGE_CURVE('',#3601,#3600,#88,.T.);
#4468=EDGE_CURVE('',#3492,#3602,#1730,.T.);
#4469=EDGE_CURVE('',#3602,#3601,#89,.T.);
#4470=EDGE_CURVE('',#3491,#3603,#1731,.T.);
#4471=EDGE_CURVE('',#3603,#3602,#90,.T.);
#4472=EDGE_CURVE('',#3490,#3604,#1732,.T.);
#4473=EDGE_CURVE('',#3604,#3603,#91,.T.);
#4474=EDGE_CURVE('',#3489,#3605,#1733,.T.);
#4475=EDGE_CURVE('',#3605,#3604,#92,.T.);
#4476=EDGE_CURVE('',#3488,#3606,#1734,.T.);
#4477=EDGE_CURVE('',#3606,#3605,#93,.T.);
#4478=EDGE_CURVE('',#3487,#3607,#1735,.T.);
#4479=EDGE_CURVE('',#3607,#3606,#94,.T.);
#4480=EDGE_CURVE('',#3599,#3607,#95,.T.);
#4481=EDGE_CURVE('',#3495,#3608,#1736,.T.);
#4482=EDGE_CURVE('',#3608,#3609,#1737,.T.);
#4483=EDGE_CURVE('',#3496,#3609,#1738,.T.);
#4484=EDGE_CURVE('',#3502,#3610,#1739,.T.);
#4485=EDGE_CURVE('',#3610,#3608,#1740,.T.);
#4486=EDGE_CURVE('',#3501,#3611,#1741,.T.);
#4487=EDGE_CURVE('',#3611,#3610,#1742,.T.);
#4488=EDGE_CURVE('',#3500,#3612,#1743,.T.);
#4489=EDGE_CURVE('',#3612,#3611,#1744,.T.);
#4490=EDGE_CURVE('',#3499,#3613,#1745,.T.);
#4491=EDGE_CURVE('',#3613,#3612,#1746,.T.);
#4492=EDGE_CURVE('',#3498,#3614,#1747,.T.);
#4493=EDGE_CURVE('',#3614,#3613,#1748,.T.);
#4494=EDGE_CURVE('',#3497,#3615,#1749,.T.);
#4495=EDGE_CURVE('',#3615,#3614,#1750,.T.);
#4496=EDGE_CURVE('',#3609,#3615,#1751,.T.);
#4497=EDGE_CURVE('',#3503,#3616,#1752,.T.);
#4498=EDGE_CURVE('',#3616,#3617,#96,.T.);
#4499=EDGE_CURVE('',#3504,#3617,#1753,.T.);
#4500=EDGE_CURVE('',#3522,#3618,#1754,.T.);
#4501=EDGE_CURVE('',#3618,#3616,#97,.T.);
#4502=EDGE_CURVE('',#3521,#3619,#1755,.T.);
#4503=EDGE_CURVE('',#3619,#3618,#98,.T.);
#4504=EDGE_CURVE('',#3520,#3620,#1756,.T.);
#4505=EDGE_CURVE('',#3620,#3619,#99,.T.);
#4506=EDGE_CURVE('',#3519,#3621,#1757,.T.);
#4507=EDGE_CURVE('',#3621,#3620,#100,.T.);
#4508=EDGE_CURVE('',#3518,#3622,#1758,.T.);
#4509=EDGE_CURVE('',#3622,#3621,#101,.T.);
#4510=EDGE_CURVE('',#3517,#3623,#1759,.T.);
#4511=EDGE_CURVE('',#3623,#3622,#102,.T.);
#4512=EDGE_CURVE('',#3516,#3624,#1760,.T.);
#4513=EDGE_CURVE('',#3624,#3623,#103,.T.);
#4514=EDGE_CURVE('',#3515,#3625,#1761,.T.);
#4515=EDGE_CURVE('',#3625,#3624,#1762,.T.);
#4516=EDGE_CURVE('',#3514,#3626,#1763,.T.);
#4517=EDGE_CURVE('',#3626,#3625,#1764,.T.);
#4518=EDGE_CURVE('',#3513,#3627,#1765,.T.);
#4519=EDGE_CURVE('',#3627,#3626,#1766,.T.);
#4520=EDGE_CURVE('',#3512,#3628,#1767,.T.);
#4521=EDGE_CURVE('',#3628,#3627,#104,.T.);
#4522=EDGE_CURVE('',#3511,#3629,#1768,.T.);
#4523=EDGE_CURVE('',#3629,#3628,#105,.T.);
#4524=EDGE_CURVE('',#3510,#3630,#1769,.T.);
#4525=EDGE_CURVE('',#3630,#3629,#106,.T.);
#4526=EDGE_CURVE('',#3509,#3631,#1770,.T.);
#4527=EDGE_CURVE('',#3631,#3630,#107,.T.);
#4528=EDGE_CURVE('',#3508,#3632,#1771,.T.);
#4529=EDGE_CURVE('',#3632,#3631,#108,.T.);
#4530=EDGE_CURVE('',#3507,#3633,#1772,.T.);
#4531=EDGE_CURVE('',#3633,#3632,#109,.T.);
#4532=EDGE_CURVE('',#3506,#3634,#1773,.T.);
#4533=EDGE_CURVE('',#3634,#3633,#1774,.T.);
#4534=EDGE_CURVE('',#3505,#3635,#1775,.T.);
#4535=EDGE_CURVE('',#3635,#3634,#1776,.T.);
#4536=EDGE_CURVE('',#3617,#3635,#1777,.T.);
#4537=EDGE_CURVE('',#3523,#3636,#1778,.T.);
#4538=EDGE_CURVE('',#3636,#3637,#1779,.T.);
#4539=EDGE_CURVE('',#3524,#3637,#1780,.T.);
#4540=EDGE_CURVE('',#3526,#3638,#1781,.T.);
#4541=EDGE_CURVE('',#3638,#3636,#1782,.T.);
#4542=EDGE_CURVE('',#3525,#3639,#1783,.T.);
#4543=EDGE_CURVE('',#3639,#3638,#1784,.T.);
#4544=EDGE_CURVE('',#3637,#3639,#1785,.T.);
#4545=EDGE_CURVE('',#3640,#3641,#1786,.T.);
#4546=EDGE_CURVE('',#3641,#3642,#1787,.F.);
#4547=EDGE_CURVE('',#3642,#3640,#1788,.F.);
#4548=EDGE_CURVE('',#3643,#3644,#1789,.T.);
#4549=EDGE_CURVE('',#3644,#3645,#1790,.F.);
#4550=EDGE_CURVE('',#3645,#3643,#1791,.F.);
#4551=EDGE_CURVE('',#3646,#3647,#1792,.T.);
#4552=EDGE_CURVE('',#3647,#3648,#1793,.F.);
#4553=EDGE_CURVE('',#3648,#3646,#1794,.F.);
#4554=EDGE_CURVE('',#3649,#3650,#1795,.T.);
#4555=EDGE_CURVE('',#3650,#3651,#1796,.F.);
#4556=EDGE_CURVE('',#3651,#3649,#1797,.F.);
#4557=EDGE_CURVE('',#3652,#3653,#1798,.T.);
#4558=EDGE_CURVE('',#3653,#3654,#1799,.F.);
#4559=EDGE_CURVE('',#3654,#3652,#1800,.F.);
#4560=EDGE_CURVE('',#3655,#3656,#1801,.T.);
#4561=EDGE_CURVE('',#3656,#3657,#1802,.F.);
#4562=EDGE_CURVE('',#3657,#3655,#1803,.F.);
#4563=EDGE_CURVE('',#3658,#3659,#1804,.T.);
#4564=EDGE_CURVE('',#3659,#3660,#1805,.F.);
#4565=EDGE_CURVE('',#3660,#3658,#1806,.F.);
#4566=EDGE_CURVE('',#3661,#3662,#1807,.T.);
#4567=EDGE_CURVE('',#3662,#3663,#1808,.F.);
#4568=EDGE_CURVE('',#3663,#3661,#1809,.F.);
#4569=EDGE_CURVE('',#3664,#3665,#1810,.T.);
#4570=EDGE_CURVE('',#3665,#3666,#1811,.F.);
#4571=EDGE_CURVE('',#3666,#3664,#1812,.F.);
#4572=EDGE_CURVE('',#3667,#3668,#1813,.T.);
#4573=EDGE_CURVE('',#3668,#3669,#1814,.F.);
#4574=EDGE_CURVE('',#3669,#3667,#1815,.F.);
#4575=EDGE_CURVE('',#3670,#3671,#1816,.T.);
#4576=EDGE_CURVE('',#3671,#3672,#1817,.F.);
#4577=EDGE_CURVE('',#3672,#3670,#1818,.F.);
#4578=EDGE_CURVE('',#3673,#3674,#1819,.T.);
#4579=EDGE_CURVE('',#3674,#3675,#1820,.F.);
#4580=EDGE_CURVE('',#3675,#3673,#1821,.F.);
#4581=EDGE_CURVE('',#3676,#3677,#1822,.T.);
#4582=EDGE_CURVE('',#3677,#3678,#1823,.F.);
#4583=EDGE_CURVE('',#3678,#3676,#1824,.F.);
#4584=EDGE_CURVE('',#3679,#3680,#1825,.T.);
#4585=EDGE_CURVE('',#3680,#3681,#1826,.F.);
#4586=EDGE_CURVE('',#3681,#3679,#1827,.F.);
#4587=EDGE_CURVE('',#3682,#3683,#1828,.F.);
#4588=EDGE_CURVE('',#3684,#3683,#1829,.F.);
#4589=EDGE_CURVE('',#3685,#3684,#1830,.T.);
#4590=EDGE_CURVE('',#3682,#3685,#1831,.T.);
#4591=EDGE_CURVE('',#3683,#3686,#1832,.T.);
#4592=EDGE_CURVE('',#3686,#3687,#1833,.T.);
#4593=EDGE_CURVE('',#3684,#3687,#1834,.F.);
#4594=EDGE_CURVE('',#3676,#3680,#1835,.T.);
#4595=EDGE_CURVE('',#3678,#3687,#1836,.T.);
#4596=EDGE_CURVE('',#3681,#3686,#1837,.F.);
#4597=EDGE_CURVE('',#3688,#3682,#1838,.T.);
#4598=EDGE_CURVE('',#3688,#3681,#1839,.T.);
#4599=EDGE_CURVE('',#3678,#3689,#1840,.T.);
#4600=EDGE_CURVE('',#3685,#3689,#1841,.T.);
#4601=EDGE_CURVE('',#3679,#3690,#1842,.T.);
#4602=EDGE_CURVE('',#3691,#3688,#1843,.T.);
#4603=EDGE_CURVE('',#3690,#3691,#1844,.F.);
#4604=EDGE_CURVE('',#3692,#3693,#1845,.F.);
#4605=EDGE_CURVE('',#3694,#3693,#1846,.F.);
#4606=EDGE_CURVE('',#3695,#3694,#1847,.T.);
#4607=EDGE_CURVE('',#3692,#3695,#1848,.T.);
#4608=EDGE_CURVE('',#3693,#3696,#1849,.T.);
#4609=EDGE_CURVE('',#3696,#3697,#1850,.T.);
#4610=EDGE_CURVE('',#3694,#3697,#1851,.F.);
#4611=EDGE_CURVE('',#3698,#3692,#1852,.T.);
#4612=EDGE_CURVE('',#3698,#3675,#1853,.T.);
#4613=EDGE_CURVE('',#3675,#3696,#1854,.T.);
#4614=EDGE_CURVE('',#3670,#3674,#1855,.T.);
#4615=EDGE_CURVE('',#3672,#3697,#1856,.T.);
#4616=EDGE_CURVE('',#3672,#3699,#1857,.T.);
#4617=EDGE_CURVE('',#3695,#3699,#1858,.T.);
#4618=EDGE_CURVE('',#3673,#3700,#1859,.T.);
#4619=EDGE_CURVE('',#3701,#3698,#1860,.T.);
#4620=EDGE_CURVE('',#3700,#3701,#1861,.T.);
#4621=EDGE_CURVE('',#3667,#3671,#1862,.T.);
#4622=EDGE_CURVE('',#3702,#3669,#1863,.F.);
#4623=EDGE_CURVE('',#3699,#3702,#1864,.T.);
#4624=EDGE_CURVE('',#3703,#3704,#1865,.T.);
#4625=EDGE_CURVE('',#3705,#3703,#1866,.T.);
#4626=EDGE_CURVE('',#3705,#3706,#1867,.F.);
#4627=EDGE_CURVE('',#3704,#3706,#1868,.F.);
#4628=EDGE_CURVE('',#3706,#3707,#1869,.F.);
#4629=EDGE_CURVE('',#3708,#3705,#1870,.T.);
#4630=EDGE_CURVE('',#3708,#3666,#1871,.T.);
#4631=EDGE_CURVE('',#3666,#3707,#1872,.T.);
#4632=EDGE_CURVE('',#3661,#3665,#1873,.T.);
#4633=EDGE_CURVE('',#3663,#3709,#1874,.T.);
#4634=EDGE_CURVE('',#3707,#3709,#1875,.F.);
#4635=EDGE_CURVE('',#3704,#3709,#1876,.T.);
#4636=EDGE_CURVE('',#3663,#3710,#1877,.T.);
#4637=EDGE_CURVE('',#3703,#3710,#1878,.T.);
#4638=EDGE_CURVE('',#3664,#3711,#1879,.T.);
#4639=EDGE_CURVE('',#3712,#3708,#1880,.T.);
#4640=EDGE_CURVE('',#3711,#3712,#1881,.T.);
#4641=EDGE_CURVE('',#3713,#3662,#1882,.T.);
#4642=EDGE_CURVE('',#3713,#3714,#1883,.F.);
#4643=EDGE_CURVE('',#3710,#3714,#1884,.T.);
#4644=EDGE_CURVE('',#3715,#3716,#1885,.F.);
#4645=EDGE_CURVE('',#3717,#3716,#1886,.F.);
#4646=EDGE_CURVE('',#3718,#3717,#1887,.T.);
#4647=EDGE_CURVE('',#3715,#3718,#1888,.T.);
#4648=EDGE_CURVE('',#3716,#3719,#1889,.T.);
#4649=EDGE_CURVE('',#3719,#3720,#1890,.T.);
#4650=EDGE_CURVE('',#3717,#3720,#1891,.F.);
#4651=EDGE_CURVE('',#3721,#3715,#1892,.T.);
#4652=EDGE_CURVE('',#3721,#3660,#1893,.T.);
#4653=EDGE_CURVE('',#3660,#3719,#1894,.T.);
#4654=EDGE_CURVE('',#3655,#3659,#1895,.T.);
#4655=EDGE_CURVE('',#3657,#3720,#1896,.T.);
#4656=EDGE_CURVE('',#3657,#3722,#1897,.T.);
#4657=EDGE_CURVE('',#3718,#3722,#1898,.T.);
#4658=EDGE_CURVE('',#3658,#3713,#1899,.T.);
#4659=EDGE_CURVE('',#3714,#3721,#1900,.T.);
#4660=EDGE_CURVE('',#3700,#3656,#1901,.T.);
#4661=EDGE_CURVE('',#3722,#3701,#1902,.T.);
#4662=EDGE_CURVE('',#3723,#3724,#1903,.F.);
#4663=EDGE_CURVE('',#3725,#3724,#1904,.F.);
#4664=EDGE_CURVE('',#3726,#3725,#1905,.T.);
#4665=EDGE_CURVE('',#3723,#3726,#1906,.T.);
#4666=EDGE_CURVE('',#3724,#3727,#1907,.T.);
#4667=EDGE_CURVE('',#3728,#3727,#1908,.F.);
#4668=EDGE_CURVE('',#3725,#3728,#1909,.F.);
#4669=EDGE_CURVE('',#3654,#3729,#1910,.T.);
#4670=EDGE_CURVE('',#3726,#3729,#1911,.T.);
#4671=EDGE_CURVE('',#3654,#3728,#1912,.F.);
#4672=EDGE_CURVE('',#3652,#3668,#1913,.T.);
#4673=EDGE_CURVE('',#3669,#3727,#1914,.F.);
#4674=EDGE_CURVE('',#3702,#3723,#1915,.T.);
#4675=EDGE_CURVE('',#3730,#3653,#1916,.T.);
#4676=EDGE_CURVE('',#3730,#3731,#1917,.F.);
#4677=EDGE_CURVE('',#3729,#3731,#1918,.T.);
#4678=EDGE_CURVE('',#3732,#3733,#1919,.F.);
#4679=EDGE_CURVE('',#3734,#3733,#1920,.F.);
#4680=EDGE_CURVE('',#3735,#3734,#1921,.T.);
#4681=EDGE_CURVE('',#3732,#3735,#1922,.T.);
#4682=EDGE_CURVE('',#3733,#3736,#1923,.T.);
#4683=EDGE_CURVE('',#3737,#3736,#1924,.F.);
#4684=EDGE_CURVE('',#3734,#3737,#1925,.F.);
#4685=EDGE_CURVE('',#3651,#3738,#1926,.T.);
#4686=EDGE_CURVE('',#3735,#3738,#1927,.T.);
#4687=EDGE_CURVE('',#3651,#3737,#1928,.F.);
#4688=EDGE_CURVE('',#3649,#3647,#1929,.T.);
#4689=EDGE_CURVE('',#3648,#3736,#1930,.F.);
#4690=EDGE_CURVE('',#3739,#3732,#1931,.T.);
#4691=EDGE_CURVE('',#3739,#3648,#1932,.T.);
#4692=EDGE_CURVE('',#3740,#3650,#1933,.T.);
#4693=EDGE_CURVE('',#3740,#3741,#1934,.F.);
#4694=EDGE_CURVE('',#3738,#3741,#1935,.T.);
#4695=EDGE_CURVE('',#3646,#3742,#1936,.T.);
#4696=EDGE_CURVE('',#3743,#3739,#1937,.T.);
#4697=EDGE_CURVE('',#3742,#3743,#1938,.T.);
#4698=EDGE_CURVE('',#3744,#3745,#1939,.F.);
#4699=EDGE_CURVE('',#3746,#3745,#1940,.F.);
#4700=EDGE_CURVE('',#3747,#3746,#1941,.T.);
#4701=EDGE_CURVE('',#3744,#3747,#1942,.T.);
#4702=EDGE_CURVE('',#3745,#3748,#1943,.T.);
#4703=EDGE_CURVE('',#3749,#3748,#1944,.F.);
#4704=EDGE_CURVE('',#3746,#3749,#1945,.F.);
#4705=EDGE_CURVE('',#3645,#3750,#1946,.T.);
#4706=EDGE_CURVE('',#3747,#3750,#1947,.T.);
#4707=EDGE_CURVE('',#3645,#3749,#1948,.F.);
#4708=EDGE_CURVE('',#3643,#3641,#1949,.T.);
#4709=EDGE_CURVE('',#3642,#3748,#1950,.F.);
#4710=EDGE_CURVE('',#3751,#3744,#1951,.T.);
#4711=EDGE_CURVE('',#3751,#3642,#1952,.T.);
#4712=EDGE_CURVE('',#3640,#3730,#1953,.T.);
#4713=EDGE_CURVE('',#3731,#3751,#1954,.T.);
#4714=EDGE_CURVE('',#3742,#3644,#1955,.T.);
#4715=EDGE_CURVE('',#3750,#3743,#1956,.T.);
#4716=EDGE_CURVE('',#3690,#3740,#1957,.T.);
#4717=EDGE_CURVE('',#3741,#3691,#1958,.T.);
#4718=EDGE_CURVE('',#3752,#3677,#1959,.T.);
#4719=EDGE_CURVE('',#3752,#3753,#1960,.T.);
#4720=EDGE_CURVE('',#3689,#3753,#1961,.T.);
#4721=EDGE_CURVE('',#3711,#3752,#1962,.T.);
#4722=EDGE_CURVE('',#3753,#3712,#1963,.T.);
#4723=EDGE_CURVE('',#3754,#3755,#1964,.T.);
#4724=EDGE_CURVE('',#3754,#3756,#1965,.T.);
#4725=EDGE_CURVE('',#3756,#3757,#1966,.F.);
#4726=EDGE_CURVE('',#3757,#3755,#1967,.T.);
#4727=EDGE_CURVE('',#3757,#3758,#1968,.T.);
#4728=EDGE_CURVE('',#3759,#3758,#1969,.F.);
#4729=EDGE_CURVE('',#3755,#3759,#1970,.T.);
#4730=EDGE_CURVE('',#3545,#3759,#1971,.T.);
#4731=EDGE_CURVE('',#3546,#3758,#1972,.T.);
#4732=EDGE_CURVE('',#3760,#3545,#1973,.T.);
#4733=EDGE_CURVE('',#3760,#3754,#1974,.T.);
#4734=EDGE_CURVE('',#3546,#3761,#1975,.T.);
#4735=EDGE_CURVE('',#3756,#3761,#1976,.T.);
#4736=EDGE_CURVE('',#3544,#3762,#1977,.T.);
#4737=EDGE_CURVE('',#3760,#3762,#1978,.T.);
#4738=EDGE_CURVE('',#3763,#3764,#1979,.T.);
#4739=EDGE_CURVE('',#3763,#3765,#1980,.T.);
#4740=EDGE_CURVE('',#3765,#3766,#1981,.F.);
#4741=EDGE_CURVE('',#3766,#3764,#1982,.T.);
#4742=EDGE_CURVE('',#3766,#3767,#1983,.T.);
#4743=EDGE_CURVE('',#3768,#3767,#1984,.F.);
#4744=EDGE_CURVE('',#3764,#3768,#1985,.T.);
#4745=EDGE_CURVE('',#3555,#3768,#1986,.T.);
#4746=EDGE_CURVE('',#3769,#3555,#1987,.T.);
#4747=EDGE_CURVE('',#3769,#3763,#1988,.T.);
#4748=EDGE_CURVE('',#3556,#3767,#1989,.T.);
#4749=EDGE_CURVE('',#3765,#3770,#1990,.T.);
#4750=EDGE_CURVE('',#3556,#3770,#1991,.T.);
#4751=EDGE_CURVE('',#3554,#3771,#1992,.T.);
#4752=EDGE_CURVE('',#3769,#3771,#1993,.T.);
#4753=EDGE_CURVE('',#3772,#3770,#1994,.T.);
#4754=EDGE_CURVE('',#3772,#3557,#1995,.T.);
#4755=EDGE_CURVE('',#3773,#3774,#1996,.F.);
#4756=EDGE_CURVE('',#3774,#3775,#1997,.T.);
#4757=EDGE_CURVE('',#3776,#3775,#1998,.T.);
#4758=EDGE_CURVE('',#3776,#3773,#1999,.T.);
#4759=EDGE_CURVE('',#3762,#3777,#2000,.T.);
#4760=EDGE_CURVE('',#3777,#3778,#2001,.T.);
#4761=EDGE_CURVE('',#3779,#3778,#2002,.T.);
#4762=EDGE_CURVE('',#3780,#3779,#2003,.T.);
#4763=EDGE_CURVE('',#3781,#3780,#2004,.T.);
#4764=EDGE_CURVE('',#3781,#3782,#2005,.T.);
#4765=EDGE_CURVE('',#3782,#3783,#2006,.T.);
#4766=EDGE_CURVE('',#3784,#3783,#2007,.T.);
#4767=EDGE_CURVE('',#3785,#3784,#2008,.T.);
#4768=EDGE_CURVE('',#3786,#3785,#2009,.T.);
#4769=EDGE_CURVE('',#3786,#3787,#2010,.T.);
#4770=EDGE_CURVE('',#3787,#3788,#2011,.T.);
#4771=EDGE_CURVE('',#3789,#3788,#2012,.T.);
#4772=EDGE_CURVE('',#3790,#3789,#2013,.T.);
#4773=EDGE_CURVE('',#3772,#3790,#2014,.T.);
#4774=EDGE_CURVE('',#3771,#3791,#2015,.T.);
#4775=EDGE_CURVE('',#3792,#3791,#2016,.T.);
#4776=EDGE_CURVE('',#3793,#3792,#2017,.T.);
#4777=EDGE_CURVE('',#3794,#3793,#2018,.T.);
#4778=EDGE_CURVE('',#3794,#3795,#2019,.T.);
#4779=EDGE_CURVE('',#3795,#3796,#2020,.T.);
#4780=EDGE_CURVE('',#3773,#3796,#2021,.T.);
#4781=EDGE_CURVE('',#3797,#3776,#2022,.T.);
#4782=EDGE_CURVE('',#3797,#3798,#2023,.T.);
#4783=EDGE_CURVE('',#3798,#3799,#2024,.T.);
#4784=EDGE_CURVE('',#3799,#3761,#2025,.T.);
#4785=EDGE_CURVE('',#3775,#3800,#2026,.T.);
#4786=EDGE_CURVE('',#3549,#3800,#2027,.T.);
#4787=EDGE_CURVE('',#3797,#3549,#2028,.T.);
#4788=EDGE_CURVE('',#3550,#3801,#2029,.T.);
#4789=EDGE_CURVE('',#3800,#3801,#2030,.F.);
#4790=EDGE_CURVE('',#3774,#3801,#2031,.T.);
#4791=EDGE_CURVE('',#3550,#3796,#2032,.T.);
#4792=EDGE_CURVE('',#3548,#3798,#2033,.T.);
#4793=EDGE_CURVE('',#3551,#3795,#2034,.T.);
#4794=EDGE_CURVE('',#3793,#3802,#2035,.T.);
#4795=EDGE_CURVE('',#3792,#3803,#2036,.F.);
#4796=EDGE_CURVE('',#3803,#3802,#2037,.T.);
#4797=EDGE_CURVE('',#3803,#3804,#2038,.T.);
#4798=EDGE_CURVE('',#3805,#3804,#2039,.F.);
#4799=EDGE_CURVE('',#3802,#3805,#2040,.T.);
#4800=EDGE_CURVE('',#3552,#3805,#2041,.T.);
#4801=EDGE_CURVE('',#3794,#3552,#2042,.T.);
#4802=EDGE_CURVE('',#3553,#3804,#2043,.T.);
#4803=EDGE_CURVE('',#3553,#3791,#2044,.T.);
#4804=EDGE_CURVE('',#3790,#3806,#2045,.T.);
#4805=EDGE_CURVE('',#3789,#3807,#2046,.F.);
#4806=EDGE_CURVE('',#3807,#3806,#2047,.T.);
#4807=EDGE_CURVE('',#3807,#3808,#2048,.T.);
#4808=EDGE_CURVE('',#3808,#3809,#2049,.F.);
#4809=EDGE_CURVE('',#3806,#3809,#2050,.T.);
#4810=EDGE_CURVE('',#3558,#3788,#2051,.T.);
#4811=EDGE_CURVE('',#3558,#3808,#2052,.T.);
#4812=EDGE_CURVE('',#3557,#3809,#2053,.T.);
#4813=EDGE_CURVE('',#3559,#3787,#2054,.T.);
#4814=EDGE_CURVE('',#3780,#3810,#2055,.T.);
#4815=EDGE_CURVE('',#3779,#3811,#2056,.F.);
#4816=EDGE_CURVE('',#3811,#3810,#2057,.T.);
#4817=EDGE_CURVE('',#3811,#3812,#2058,.T.);
#4818=EDGE_CURVE('',#3812,#3813,#2059,.F.);
#4819=EDGE_CURVE('',#3810,#3813,#2060,.T.);
#4820=EDGE_CURVE('',#3542,#3778,#2061,.T.);
#4821=EDGE_CURVE('',#3542,#3812,#2062,.T.);
#4822=EDGE_CURVE('',#3541,#3813,#2063,.T.);
#4823=EDGE_CURVE('',#3781,#3541,#2064,.T.);
#4824=EDGE_CURVE('',#3543,#3777,#2065,.T.);
#4825=EDGE_CURVE('',#3540,#3782,#2066,.T.);
#4826=EDGE_CURVE('',#3785,#3814,#2067,.T.);
#4827=EDGE_CURVE('',#3784,#3815,#2068,.F.);
#4828=EDGE_CURVE('',#3815,#3814,#2069,.T.);
#4829=EDGE_CURVE('',#3815,#3816,#2070,.T.);
#4830=EDGE_CURVE('',#3816,#3817,#2071,.F.);
#4831=EDGE_CURVE('',#3814,#3817,#2072,.T.);
#4832=EDGE_CURVE('',#3561,#3783,#2073,.T.);
#4833=EDGE_CURVE('',#3561,#3816,#2074,.T.);
#4834=EDGE_CURVE('',#3560,#3817,#2075,.T.);
#4835=EDGE_CURVE('',#3786,#3560,#2076,.T.);
#4836=EDGE_CURVE('',#3547,#3799,#2077,.T.);
#4837=EDGE_CURVE('',#3818,#3819,#3199,.T.);
#4838=EDGE_CURVE('',#3818,#3820,#2078,.T.);
#4839=EDGE_CURVE('',#3821,#3820,#3200,.T.);
#4840=EDGE_CURVE('',#3819,#3821,#2079,.T.);
#4841=EDGE_CURVE('',#3822,#3823,#2080,.T.);
#4842=EDGE_CURVE('',#3823,#3824,#2081,.T.);
#4843=EDGE_CURVE('',#3825,#3824,#2082,.T.);
#4844=EDGE_CURVE('',#3822,#3825,#2083,.T.);
#4845=EDGE_CURVE('',#3826,#3822,#3201,.T.);
#4846=EDGE_CURVE('',#3827,#3825,#3202,.T.);
#4847=EDGE_CURVE('',#3826,#3827,#2084,.T.);
#4848=EDGE_CURVE('',#3828,#3826,#2085,.T.);
#4849=EDGE_CURVE('',#3829,#3827,#2086,.T.);
#4850=EDGE_CURVE('',#3828,#3829,#2087,.T.);
#4851=EDGE_CURVE('',#3830,#3828,#3203,.T.);
#4852=EDGE_CURVE('',#3831,#3829,#3204,.T.);
#4853=EDGE_CURVE('',#3830,#3831,#2088,.T.);
#4854=EDGE_CURVE('',#3832,#3830,#2089,.T.);
#4855=EDGE_CURVE('',#3833,#3831,#2090,.T.);
#4856=EDGE_CURVE('',#3832,#3833,#2091,.T.);
#4857=EDGE_CURVE('',#3834,#3832,#3205,.T.);
#4858=EDGE_CURVE('',#3835,#3833,#3206,.T.);
#4859=EDGE_CURVE('',#3834,#3835,#2092,.T.);
#4860=EDGE_CURVE('',#3836,#3834,#2093,.T.);
#4861=EDGE_CURVE('',#3837,#3835,#2094,.T.);
#4862=EDGE_CURVE('',#3836,#3837,#2095,.T.);
#4863=EDGE_CURVE('',#3823,#3836,#3207,.T.);
#4864=EDGE_CURVE('',#3824,#3837,#3208,.T.);
#4865=EDGE_CURVE('',#3838,#3839,#3209,.T.);
#4866=EDGE_CURVE('',#3838,#3840,#2096,.T.);
#4867=EDGE_CURVE('',#3841,#3840,#3210,.T.);
#4868=EDGE_CURVE('',#3839,#3841,#2097,.T.);
#4869=EDGE_CURVE('',#3842,#3843,#3211,.T.);
#4870=EDGE_CURVE('',#3842,#3844,#2098,.T.);
#4871=EDGE_CURVE('',#3845,#3844,#3212,.T.);
#4872=EDGE_CURVE('',#3843,#3845,#2099,.T.);
#4873=EDGE_CURVE('',#3846,#3847,#3213,.T.);
#4874=EDGE_CURVE('',#3846,#3848,#2100,.T.);
#4875=EDGE_CURVE('',#3849,#3848,#3214,.T.);
#4876=EDGE_CURVE('',#3847,#3849,#2101,.T.);
#4877=EDGE_CURVE('',#3820,#3849,#2102,.T.);
#4878=EDGE_CURVE('',#3848,#3845,#2103,.T.);
#4879=EDGE_CURVE('',#3844,#3841,#2104,.T.);
#4880=EDGE_CURVE('',#3840,#3821,#2105,.T.);
#4881=EDGE_CURVE('',#3850,#3846,#2106,.T.);
#4882=EDGE_CURVE('',#3847,#3850,#2107,.T.);
#4883=EDGE_CURVE('',#3851,#3852,#2108,.T.);
#4884=EDGE_CURVE('',#3851,#3853,#2109,.T.);
#4885=EDGE_CURVE('',#3843,#3853,#2110,.T.);
#4886=EDGE_CURVE('',#3852,#3850,#2111,.T.);
#4887=EDGE_CURVE('',#3853,#3842,#2112,.T.);
#4888=EDGE_CURVE('',#3854,#3851,#2113,.T.);
#4889=EDGE_CURVE('',#3854,#3855,#2114,.T.);
#4890=EDGE_CURVE('',#3839,#3855,#2115,.T.);
#4891=EDGE_CURVE('',#3855,#3838,#2116,.T.);
#4892=EDGE_CURVE('',#3852,#3856,#2117,.T.);
#4893=EDGE_CURVE('',#3857,#3818,#2118,.T.);
#4894=EDGE_CURVE('',#3856,#3857,#2119,.T.);
#4895=EDGE_CURVE('',#3856,#3854,#2120,.T.);
#4896=EDGE_CURVE('',#3819,#3857,#2121,.T.);
#4897=EDGE_CURVE('',#3858,#3859,#2122,.T.);
#4898=EDGE_CURVE('',#3858,#3860,#2123,.T.);
#4899=EDGE_CURVE('',#3860,#3861,#2124,.T.);
#4900=EDGE_CURVE('',#3861,#3859,#2125,.T.);
#4901=EDGE_CURVE('',#3862,#3863,#2126,.T.);
#4902=EDGE_CURVE('',#3862,#3864,#2127,.T.);
#4903=EDGE_CURVE('',#3864,#3865,#2128,.T.);
#4904=EDGE_CURVE('',#3865,#3863,#2129,.T.);
#4905=EDGE_CURVE('',#3859,#3862,#2130,.T.);
#4906=EDGE_CURVE('',#3863,#3858,#2131,.T.);
#4907=EDGE_CURVE('',#3866,#3866,#3215,.T.);
#4908=EDGE_CURVE('',#3866,#3867,#2132,.T.);
#4909=EDGE_CURVE('',#3867,#3867,#3216,.T.);
#4910=EDGE_CURVE('',#3868,#3868,#3217,.T.);
#4911=EDGE_CURVE('',#3869,#3869,#3218,.T.);
#4912=EDGE_CURVE('',#3869,#3870,#2133,.T.);
#4913=EDGE_CURVE('',#3870,#3870,#3219,.T.);
#4914=EDGE_CURVE('',#3871,#3871,#3220,.T.);
#4915=EDGE_CURVE('',#3868,#3872,#2134,.T.);
#4916=EDGE_CURVE('',#3872,#3872,#3221,.T.);
#4917=EDGE_CURVE('',#3871,#3873,#2135,.T.);
#4918=EDGE_CURVE('',#3873,#3873,#3222,.T.);
#4919=EDGE_CURVE('',#3864,#3874,#2136,.T.);
#4920=EDGE_CURVE('',#3875,#3861,#2137,.T.);
#4921=EDGE_CURVE('',#3875,#3876,#2138,.T.);
#4922=EDGE_CURVE('',#3876,#3877,#2139,.T.);
#4923=EDGE_CURVE('',#3877,#3874,#2140,.T.);
#4924=EDGE_CURVE('',#3878,#3878,#3223,.T.);
#4925=EDGE_CURVE('',#3879,#3880,#2141,.T.);
#4926=EDGE_CURVE('',#3879,#3877,#2142,.T.);
#4927=EDGE_CURVE('',#3880,#3876,#2143,.T.);
#4928=EDGE_CURVE('',#3878,#3881,#2144,.T.);
#4929=EDGE_CURVE('',#3881,#3881,#3224,.T.);
#4930=EDGE_CURVE('',#3882,#3875,#2145,.T.);
#4931=EDGE_CURVE('',#3880,#3882,#2146,.T.);
#4932=EDGE_CURVE('',#3883,#3865,#2147,.T.);
#4933=EDGE_CURVE('',#3883,#3879,#2148,.T.);
#4934=EDGE_CURVE('',#3860,#3882,#2149,.T.);
#4935=EDGE_CURVE('',#3874,#3883,#2150,.T.);
#4936=EDGE_CURVE('',#3884,#3885,#2151,.T.);
#4937=EDGE_CURVE('',#3884,#3886,#2152,.T.);
#4938=EDGE_CURVE('',#3886,#3887,#2153,.T.);
#4939=EDGE_CURVE('',#3887,#3885,#2154,.T.);
#4940=EDGE_CURVE('',#3888,#3889,#2155,.T.);
#4941=EDGE_CURVE('',#3888,#3890,#2156,.T.);
#4942=EDGE_CURVE('',#3890,#3891,#2157,.T.);
#4943=EDGE_CURVE('',#3891,#3889,#2158,.T.);
#4944=EDGE_CURVE('',#3885,#3888,#2159,.T.);
#4945=EDGE_CURVE('',#3889,#3884,#2160,.T.);
#4946=EDGE_CURVE('',#3892,#3892,#3225,.T.);
#4947=EDGE_CURVE('',#3892,#3893,#2161,.T.);
#4948=EDGE_CURVE('',#3893,#3893,#3226,.T.);
#4949=EDGE_CURVE('',#3894,#3894,#3227,.T.);
#4950=EDGE_CURVE('',#3894,#3895,#2162,.T.);
#4951=EDGE_CURVE('',#3895,#3895,#3228,.T.);
#4952=EDGE_CURVE('',#3896,#3897,#2163,.T.);
#4953=EDGE_CURVE('',#3896,#3891,#2164,.T.);
#4954=EDGE_CURVE('',#3897,#3890,#2165,.T.);
#4955=EDGE_CURVE('',#3898,#3899,#2166,.T.);
#4956=EDGE_CURVE('',#3898,#3887,#2167,.T.);
#4957=EDGE_CURVE('',#3899,#3886,#2168,.T.);
#4958=EDGE_CURVE('',#3896,#3900,#2169,.T.);
#4959=EDGE_CURVE('',#3900,#3901,#2170,.T.);
#4960=EDGE_CURVE('',#3901,#3899,#2171,.T.);
#4961=EDGE_CURVE('',#3902,#3902,#3229,.T.);
#4962=EDGE_CURVE('',#3902,#3903,#2172,.T.);
#4963=EDGE_CURVE('',#3903,#3903,#3230,.T.);
#4964=EDGE_CURVE('',#3904,#3897,#2173,.T.);
#4965=EDGE_CURVE('',#3904,#3900,#2174,.T.);
#4966=EDGE_CURVE('',#3905,#3901,#2175,.T.);
#4967=EDGE_CURVE('',#3898,#3905,#2176,.T.);
#4968=EDGE_CURVE('',#3904,#3905,#2177,.T.);
#4969=EDGE_CURVE('',#3906,#3907,#110,.F.);
#4970=EDGE_CURVE('',#3906,#3908,#3231,.T.);
#4971=EDGE_CURVE('',#3908,#3909,#3232,.T.);
#4972=EDGE_CURVE('',#3909,#3910,#3233,.T.);
#4973=EDGE_CURVE('',#3910,#3911,#3234,.T.);
#4974=EDGE_CURVE('',#3911,#3907,#3235,.T.);
#4975=EDGE_CURVE('',#3912,#3913,#3236,.T.);
#4976=EDGE_CURVE('',#3913,#3909,#2178,.T.);
#4977=EDGE_CURVE('',#3908,#3912,#2179,.T.);
#4978=EDGE_CURVE('',#3914,#3915,#111,.F.);
#4979=EDGE_CURVE('',#3914,#3916,#3237,.T.);
#4980=EDGE_CURVE('',#3916,#3917,#3238,.T.);
#4981=EDGE_CURVE('',#3917,#3913,#3239,.T.);
#4982=EDGE_CURVE('',#3912,#3915,#3240,.T.);
#4983=EDGE_CURVE('',#3918,#3919,#3241,.T.);
#4984=EDGE_CURVE('',#3919,#3917,#2180,.T.);
#4985=EDGE_CURVE('',#3916,#3918,#2181,.T.);
#4986=EDGE_CURVE('',#3920,#3921,#112,.F.);
#4987=EDGE_CURVE('',#3920,#3922,#3242,.T.);
#4988=EDGE_CURVE('',#3922,#3923,#3243,.T.);
#4989=EDGE_CURVE('',#3923,#3919,#3244,.T.);
#4990=EDGE_CURVE('',#3918,#3921,#3245,.T.);
#4991=EDGE_CURVE('',#3924,#3925,#3246,.T.);
#4992=EDGE_CURVE('',#3925,#3923,#2182,.T.);
#4993=EDGE_CURVE('',#3922,#3924,#2183,.T.);
#4994=EDGE_CURVE('',#3926,#3927,#113,.F.);
#4995=EDGE_CURVE('',#3926,#3928,#3247,.T.);
#4996=EDGE_CURVE('',#3928,#3929,#3248,.T.);
#4997=EDGE_CURVE('',#3929,#3925,#3249,.T.);
#4998=EDGE_CURVE('',#3924,#3927,#3250,.T.);
#4999=EDGE_CURVE('',#3928,#3911,#2184,.T.);
#5000=EDGE_CURVE('',#3910,#3929,#2185,.T.);
#5001=EDGE_CURVE('',#3915,#3906,#3251,.T.);
#5002=EDGE_CURVE('',#3921,#3914,#3252,.T.);
#5003=EDGE_CURVE('',#3930,#3926,#3253,.T.);
#5004=EDGE_CURVE('',#3907,#3930,#3254,.T.);
#5005=EDGE_CURVE('',#3931,#3925,#2186,.T.);
#5006=EDGE_CURVE('',#3932,#3931,#2187,.T.);
#5007=EDGE_CURVE('',#3923,#3932,#2188,.T.);
#5008=EDGE_CURVE('',#3929,#3933,#2189,.T.);
#5009=EDGE_CURVE('',#3933,#3931,#3255,.T.);
#5010=EDGE_CURVE('',#3934,#3910,#2190,.T.);
#5011=EDGE_CURVE('',#3933,#3934,#2191,.T.);
#5012=EDGE_CURVE('',#3909,#3935,#2192,.T.);
#5013=EDGE_CURVE('',#3935,#3934,#3256,.T.);
#5014=EDGE_CURVE('',#3936,#3937,#2193,.T.);
#5015=EDGE_CURVE('',#3937,#3938,#2194,.T.);
#5016=EDGE_CURVE('',#3938,#3939,#2195,.T.);
#5017=EDGE_CURVE('',#3939,#3936,#2196,.T.);
#5018=EDGE_CURVE('',#3927,#3920,#3257,.T.);
#5019=EDGE_CURVE('',#3940,#3940,#3258,.T.);
#5020=EDGE_CURVE('',#3940,#3941,#3259,.T.);
#5021=EDGE_CURVE('',#3941,#3942,#3260,.T.);
#5022=EDGE_CURVE('',#3942,#3941,#3261,.T.);
#5023=EDGE_CURVE('',#3943,#3943,#3262,.T.);
#5024=EDGE_CURVE('',#3942,#3930,#2197,.T.);
#5025=EDGE_CURVE('',#3943,#3944,#2198,.T.);
#5026=EDGE_CURVE('',#3944,#3944,#3263,.T.);
#5027=EDGE_CURVE('',#3932,#3945,#3264,.T.);
#5028=EDGE_CURVE('',#3945,#3919,#2199,.T.);
#5029=EDGE_CURVE('',#3946,#3945,#2200,.T.);
#5030=EDGE_CURVE('',#3917,#3946,#2201,.T.);
#5031=EDGE_CURVE('',#3935,#3947,#2202,.T.);
#5032=EDGE_CURVE('',#3946,#3947,#3265,.T.);
#5033=EDGE_CURVE('',#3948,#3949,#2203,.T.);
#5034=EDGE_CURVE('',#3950,#3948,#2204,.T.);
#5035=EDGE_CURVE('',#3951,#3950,#2205,.T.);
#5036=EDGE_CURVE('',#3949,#3951,#2206,.T.);
#5037=EDGE_CURVE('',#3947,#3913,#2207,.T.);
#5038=EDGE_CURVE('',#3948,#3937,#2208,.T.);
#5039=EDGE_CURVE('',#3950,#3936,#2209,.T.);
#5040=EDGE_CURVE('',#3951,#3939,#2210,.T.);
#5041=EDGE_CURVE('',#3949,#3938,#2211,.T.);
#5042=EDGE_CURVE('',#3952,#3952,#3266,.T.);
#5043=EDGE_CURVE('',#3952,#3953,#2212,.T.);
#5044=EDGE_CURVE('',#3953,#3953,#3267,.T.);
#5045=EDGE_CURVE('',#3954,#3954,#3268,.T.);
#5046=EDGE_CURVE('',#3954,#3955,#2213,.T.);
#5047=EDGE_CURVE('',#3955,#3955,#3269,.T.);
#5048=EDGE_CURVE('',#3956,#3957,#2214,.T.);
#5049=EDGE_CURVE('',#3957,#3958,#2215,.T.);
#5050=EDGE_CURVE('',#3959,#3958,#2216,.T.);
#5051=EDGE_CURVE('',#3956,#3959,#2217,.T.);
#5052=EDGE_CURVE('',#3960,#3956,#2218,.T.);
#5053=EDGE_CURVE('',#3961,#3959,#2219,.T.);
#5054=EDGE_CURVE('',#3960,#3961,#2220,.T.);
#5055=EDGE_CURVE('',#3962,#3960,#2221,.T.);
#5056=EDGE_CURVE('',#3963,#3961,#2222,.T.);
#5057=EDGE_CURVE('',#3962,#3963,#2223,.T.);
#5058=EDGE_CURVE('',#3957,#3962,#2224,.T.);
#5059=EDGE_CURVE('',#3958,#3963,#2225,.T.);
#5060=EDGE_CURVE('',#3964,#3965,#2226,.T.);
#5061=EDGE_CURVE('',#3964,#3966,#2227,.T.);
#5062=EDGE_CURVE('',#3967,#3966,#2228,.T.);
#5063=EDGE_CURVE('',#3965,#3967,#2229,.T.);
#5064=EDGE_CURVE('',#3965,#3968,#2230,.T.);
#5065=EDGE_CURVE('',#3969,#3967,#2231,.T.);
#5066=EDGE_CURVE('',#3968,#3969,#2232,.T.);
#5067=EDGE_CURVE('',#3968,#3970,#2233,.T.);
#5068=EDGE_CURVE('',#3971,#3969,#2234,.T.);
#5069=EDGE_CURVE('',#3970,#3971,#2235,.T.);
#5070=EDGE_CURVE('',#3970,#3964,#2236,.T.);
#5071=EDGE_CURVE('',#3966,#3971,#2237,.T.);
#5072=ORIENTED_EDGE('',*,*,#3972,.T.);
#5073=ORIENTED_EDGE('',*,*,#3973,.T.);
#5074=ORIENTED_EDGE('',*,*,#3974,.T.);
#5075=ORIENTED_EDGE('',*,*,#3975,.T.);
#5076=ORIENTED_EDGE('',*,*,#3976,.T.);
#5077=ORIENTED_EDGE('',*,*,#3977,.T.);
#5078=ORIENTED_EDGE('',*,*,#3978,.T.);
#5079=ORIENTED_EDGE('',*,*,#3979,.T.);
#5080=ORIENTED_EDGE('',*,*,#3978,.F.);
#5081=ORIENTED_EDGE('',*,*,#3980,.T.);
#5082=ORIENTED_EDGE('',*,*,#3972,.F.);
#5083=ORIENTED_EDGE('',*,*,#3981,.T.);
#5084=ORIENTED_EDGE('',*,*,#3982,.T.);
#5085=ORIENTED_EDGE('',*,*,#3983,.T.);
#5086=ORIENTED_EDGE('',*,*,#3984,.T.);
#5087=ORIENTED_EDGE('',*,*,#3983,.F.);
#5088=ORIENTED_EDGE('',*,*,#3985,.T.);
#5089=ORIENTED_EDGE('',*,*,#3976,.F.);
#5090=ORIENTED_EDGE('',*,*,#3986,.T.);
#5091=ORIENTED_EDGE('',*,*,#3987,.T.);
#5092=ORIENTED_EDGE('',*,*,#3988,.T.);
#5093=ORIENTED_EDGE('',*,*,#3989,.T.);
#5094=ORIENTED_EDGE('',*,*,#3988,.F.);
#5095=ORIENTED_EDGE('',*,*,#3990,.T.);
#5096=ORIENTED_EDGE('',*,*,#3981,.F.);
#5097=ORIENTED_EDGE('',*,*,#3991,.T.);
#5098=ORIENTED_EDGE('',*,*,#3992,.T.);
#5099=ORIENTED_EDGE('',*,*,#3993,.T.);
#5100=ORIENTED_EDGE('',*,*,#3994,.T.);
#5101=ORIENTED_EDGE('',*,*,#3993,.F.);
#5102=ORIENTED_EDGE('',*,*,#3995,.T.);
#5103=ORIENTED_EDGE('',*,*,#3986,.F.);
#5104=ORIENTED_EDGE('',*,*,#3996,.T.);
#5105=ORIENTED_EDGE('',*,*,#3997,.T.);
#5106=ORIENTED_EDGE('',*,*,#3998,.T.);
#5107=ORIENTED_EDGE('',*,*,#3999,.T.);
#5108=ORIENTED_EDGE('',*,*,#4000,.T.);
#5109=ORIENTED_EDGE('',*,*,#4001,.T.);
#5110=ORIENTED_EDGE('',*,*,#3996,.F.);
#5111=ORIENTED_EDGE('',*,*,#4002,.T.);
#5112=ORIENTED_EDGE('',*,*,#4003,.T.);
#5113=ORIENTED_EDGE('',*,*,#4004,.T.);
#5114=ORIENTED_EDGE('',*,*,#4000,.F.);
#5115=ORIENTED_EDGE('',*,*,#4005,.T.);
#5116=ORIENTED_EDGE('',*,*,#4006,.T.);
#5117=ORIENTED_EDGE('',*,*,#4007,.T.);
#5118=ORIENTED_EDGE('',*,*,#4003,.F.);
#5119=ORIENTED_EDGE('',*,*,#4008,.T.);
#5120=ORIENTED_EDGE('',*,*,#4009,.T.);
#5121=ORIENTED_EDGE('',*,*,#4010,.T.);
#5122=ORIENTED_EDGE('',*,*,#4006,.F.);
#5123=ORIENTED_EDGE('',*,*,#4011,.T.);
#5124=ORIENTED_EDGE('',*,*,#3998,.F.);
#5125=ORIENTED_EDGE('',*,*,#4012,.T.);
#5126=ORIENTED_EDGE('',*,*,#3991,.F.);
#5127=ORIENTED_EDGE('',*,*,#3974,.F.);
#5128=ORIENTED_EDGE('',*,*,#4013,.T.);
#5129=ORIENTED_EDGE('',*,*,#4009,.F.);
#5130=ORIENTED_EDGE('',*,*,#3985,.F.);
#5131=ORIENTED_EDGE('',*,*,#4014,.T.);
#5132=ORIENTED_EDGE('',*,*,#4015,.T.);
#5133=ORIENTED_EDGE('',*,*,#4016,.T.);
#5134=ORIENTED_EDGE('',*,*,#3982,.F.);
#5135=ORIENTED_EDGE('',*,*,#4017,.F.);
#5136=ORIENTED_EDGE('',*,*,#4018,.F.);
#5137=ORIENTED_EDGE('',*,*,#4014,.F.);
#5138=ORIENTED_EDGE('',*,*,#4019,.T.);
#5139=ORIENTED_EDGE('',*,*,#4020,.T.);
#5140=ORIENTED_EDGE('',*,*,#4021,.T.);
#5141=ORIENTED_EDGE('',*,*,#4022,.T.);
#5142=ORIENTED_EDGE('',*,*,#4023,.T.);
#5143=ORIENTED_EDGE('',*,*,#4024,.T.);
#5144=ORIENTED_EDGE('',*,*,#4025,.T.);
#5145=ORIENTED_EDGE('',*,*,#4026,.T.);
#5146=ORIENTED_EDGE('',*,*,#3990,.F.);
#5147=ORIENTED_EDGE('',*,*,#4027,.T.);
#5148=ORIENTED_EDGE('',*,*,#4028,.T.);
#5149=ORIENTED_EDGE('',*,*,#4017,.T.);
#5150=ORIENTED_EDGE('',*,*,#3987,.F.);
#5151=ORIENTED_EDGE('',*,*,#4029,.F.);
#5152=ORIENTED_EDGE('',*,*,#4030,.F.);
#5153=ORIENTED_EDGE('',*,*,#4027,.F.);
#5154=ORIENTED_EDGE('',*,*,#3995,.F.);
#5155=ORIENTED_EDGE('',*,*,#4031,.T.);
#5156=ORIENTED_EDGE('',*,*,#4032,.T.);
#5157=ORIENTED_EDGE('',*,*,#4029,.T.);
#5158=ORIENTED_EDGE('',*,*,#3992,.F.);
#5159=ORIENTED_EDGE('',*,*,#4033,.F.);
#5160=ORIENTED_EDGE('',*,*,#4034,.F.);
#5161=ORIENTED_EDGE('',*,*,#4031,.F.);
#5162=ORIENTED_EDGE('',*,*,#4012,.F.);
#5163=ORIENTED_EDGE('',*,*,#4035,.T.);
#5164=ORIENTED_EDGE('',*,*,#4036,.T.);
#5165=ORIENTED_EDGE('',*,*,#4033,.T.);
#5166=ORIENTED_EDGE('',*,*,#3997,.F.);
#5167=ORIENTED_EDGE('',*,*,#4037,.F.);
#5168=ORIENTED_EDGE('',*,*,#4038,.F.);
#5169=ORIENTED_EDGE('',*,*,#4035,.F.);
#5170=ORIENTED_EDGE('',*,*,#3975,.F.);
#5171=ORIENTED_EDGE('',*,*,#4011,.F.);
#5172=ORIENTED_EDGE('',*,*,#4008,.F.);
#5173=ORIENTED_EDGE('',*,*,#4005,.F.);
#5174=ORIENTED_EDGE('',*,*,#4002,.F.);
#5175=ORIENTED_EDGE('',*,*,#3999,.F.);
#5176=ORIENTED_EDGE('',*,*,#3994,.F.);
#5177=ORIENTED_EDGE('',*,*,#3989,.F.);
#5178=ORIENTED_EDGE('',*,*,#3984,.F.);
#5179=ORIENTED_EDGE('',*,*,#3979,.F.);
#5180=ORIENTED_EDGE('',*,*,#4039,.T.);
#5181=ORIENTED_EDGE('',*,*,#4040,.T.);
#5182=ORIENTED_EDGE('',*,*,#4041,.T.);
#5183=ORIENTED_EDGE('',*,*,#4042,.T.);
#5184=ORIENTED_EDGE('',*,*,#4042,.F.);
#5185=ORIENTED_EDGE('',*,*,#4043,.F.);
#5186=ORIENTED_EDGE('',*,*,#4044,.F.);
#5187=ORIENTED_EDGE('',*,*,#4045,.T.);
#5188=ORIENTED_EDGE('',*,*,#4041,.F.);
#5189=ORIENTED_EDGE('',*,*,#4046,.F.);
#5190=ORIENTED_EDGE('',*,*,#4047,.F.);
#5191=ORIENTED_EDGE('',*,*,#4048,.F.);
#5192=ORIENTED_EDGE('',*,*,#4049,.F.);
#5193=ORIENTED_EDGE('',*,*,#4050,.F.);
#5194=ORIENTED_EDGE('',*,*,#4051,.F.);
#5195=ORIENTED_EDGE('',*,*,#4052,.T.);
#5196=ORIENTED_EDGE('',*,*,#4053,.F.);
#5197=ORIENTED_EDGE('',*,*,#4054,.F.);
#5198=ORIENTED_EDGE('',*,*,#4055,.F.);
#5199=ORIENTED_EDGE('',*,*,#4056,.T.);
#5200=ORIENTED_EDGE('',*,*,#4057,.F.);
#5201=ORIENTED_EDGE('',*,*,#4043,.T.);
#5202=ORIENTED_EDGE('',*,*,#4057,.T.);
#5203=ORIENTED_EDGE('',*,*,#4058,.T.);
#5204=ORIENTED_EDGE('',*,*,#4059,.T.);
#5205=ORIENTED_EDGE('',*,*,#4044,.T.);
#5206=ORIENTED_EDGE('',*,*,#4058,.F.);
#5207=ORIENTED_EDGE('',*,*,#4056,.F.);
#5208=ORIENTED_EDGE('',*,*,#4060,.T.);
#5209=ORIENTED_EDGE('',*,*,#4061,.T.);
#5210=ORIENTED_EDGE('',*,*,#4047,.T.);
#5211=ORIENTED_EDGE('',*,*,#4062,.T.);
#5212=ORIENTED_EDGE('',*,*,#4063,.T.);
#5213=ORIENTED_EDGE('',*,*,#4064,.T.);
#5214=ORIENTED_EDGE('',*,*,#4040,.F.);
#5215=ORIENTED_EDGE('',*,*,#4065,.T.);
#5216=ORIENTED_EDGE('',*,*,#4062,.F.);
#5217=ORIENTED_EDGE('',*,*,#4046,.T.);
#5218=ORIENTED_EDGE('',*,*,#4066,.T.);
#5219=ORIENTED_EDGE('',*,*,#4067,.T.);
#5220=ORIENTED_EDGE('',*,*,#4049,.T.);
#5221=ORIENTED_EDGE('',*,*,#4068,.T.);
#5222=ORIENTED_EDGE('',*,*,#4067,.F.);
#5223=ORIENTED_EDGE('',*,*,#4069,.F.);
#5224=ORIENTED_EDGE('',*,*,#4070,.T.);
#5225=ORIENTED_EDGE('',*,*,#4050,.T.);
#5226=ORIENTED_EDGE('',*,*,#4071,.F.);
#5227=ORIENTED_EDGE('',*,*,#4072,.T.);
#5228=ORIENTED_EDGE('',*,*,#4073,.T.);
#5229=ORIENTED_EDGE('',*,*,#4074,.T.);
#5230=ORIENTED_EDGE('',*,*,#4072,.F.);
#5231=ORIENTED_EDGE('',*,*,#4075,.F.);
#5232=ORIENTED_EDGE('',*,*,#4076,.F.);
#5233=ORIENTED_EDGE('',*,*,#4077,.F.);
#5234=ORIENTED_EDGE('',*,*,#4078,.T.);
#5235=ORIENTED_EDGE('',*,*,#4079,.T.);
#5236=ORIENTED_EDGE('',*,*,#4080,.T.);
#5237=ORIENTED_EDGE('',*,*,#4081,.F.);
#5238=ORIENTED_EDGE('',*,*,#4082,.F.);
#5239=ORIENTED_EDGE('',*,*,#4083,.T.);
#5240=ORIENTED_EDGE('',*,*,#4084,.T.);
#5241=ORIENTED_EDGE('',*,*,#4085,.T.);
#5242=ORIENTED_EDGE('',*,*,#4071,.T.);
#5243=ORIENTED_EDGE('',*,*,#4086,.T.);
#5244=ORIENTED_EDGE('',*,*,#4082,.T.);
#5245=ORIENTED_EDGE('',*,*,#4087,.T.);
#5246=ORIENTED_EDGE('',*,*,#4088,.F.);
#5247=ORIENTED_EDGE('',*,*,#4089,.T.);
#5248=ORIENTED_EDGE('',*,*,#4090,.F.);
#5249=ORIENTED_EDGE('',*,*,#4091,.T.);
#5250=ORIENTED_EDGE('',*,*,#4092,.T.);
#5251=ORIENTED_EDGE('',*,*,#4093,.T.);
#5252=ORIENTED_EDGE('',*,*,#4094,.T.);
#5253=ORIENTED_EDGE('',*,*,#4095,.T.);
#5254=ORIENTED_EDGE('',*,*,#4096,.T.);
#5255=ORIENTED_EDGE('',*,*,#4097,.T.);
#5256=ORIENTED_EDGE('',*,*,#4098,.T.);
#5257=ORIENTED_EDGE('',*,*,#4075,.T.);
#5258=ORIENTED_EDGE('',*,*,#4099,.T.);
#5259=ORIENTED_EDGE('',*,*,#4100,.F.);
#5260=ORIENTED_EDGE('',*,*,#4087,.F.);
#5261=ORIENTED_EDGE('',*,*,#4085,.F.);
#5262=ORIENTED_EDGE('',*,*,#4101,.F.);
#5263=ORIENTED_EDGE('',*,*,#4102,.F.);
#5264=ORIENTED_EDGE('',*,*,#4051,.T.);
#5265=ORIENTED_EDGE('',*,*,#4070,.F.);
#5266=ORIENTED_EDGE('',*,*,#4092,.F.);
#5267=ORIENTED_EDGE('',*,*,#4103,.T.);
#5268=ORIENTED_EDGE('',*,*,#4104,.T.);
#5269=ORIENTED_EDGE('',*,*,#4105,.T.);
#5270=ORIENTED_EDGE('',*,*,#4105,.F.);
#5271=ORIENTED_EDGE('',*,*,#4106,.F.);
#5272=ORIENTED_EDGE('',*,*,#4107,.T.);
#5273=ORIENTED_EDGE('',*,*,#4108,.T.);
#5274=ORIENTED_EDGE('',*,*,#4109,.T.);
#5275=ORIENTED_EDGE('',*,*,#4110,.F.);
#5276=ORIENTED_EDGE('',*,*,#4111,.F.);
#5277=ORIENTED_EDGE('',*,*,#4093,.F.);
#5278=ORIENTED_EDGE('',*,*,#4112,.T.);
#5279=ORIENTED_EDGE('',*,*,#4113,.T.);
#5280=ORIENTED_EDGE('',*,*,#4052,.F.);
#5281=ORIENTED_EDGE('',*,*,#4102,.T.);
#5282=ORIENTED_EDGE('',*,*,#4114,.T.);
#5283=ORIENTED_EDGE('',*,*,#4115,.T.);
#5284=ORIENTED_EDGE('',*,*,#4088,.T.);
#5285=ORIENTED_EDGE('',*,*,#4100,.T.);
#5286=ORIENTED_EDGE('',*,*,#4115,.F.);
#5287=ORIENTED_EDGE('',*,*,#4116,.T.);
#5288=ORIENTED_EDGE('',*,*,#4117,.F.);
#5289=ORIENTED_EDGE('',*,*,#4089,.F.);
#5290=ORIENTED_EDGE('',*,*,#4118,.T.);
#5291=ORIENTED_EDGE('',*,*,#4119,.T.);
#5292=ORIENTED_EDGE('',*,*,#4054,.T.);
#5293=ORIENTED_EDGE('',*,*,#4120,.T.);
#5294=ORIENTED_EDGE('',*,*,#4113,.F.);
#5295=ORIENTED_EDGE('',*,*,#4121,.F.);
#5296=ORIENTED_EDGE('',*,*,#4122,.T.);
#5297=ORIENTED_EDGE('',*,*,#4123,.T.);
#5298=ORIENTED_EDGE('',*,*,#4124,.T.);
#5299=ORIENTED_EDGE('',*,*,#4125,.F.);
#5300=ORIENTED_EDGE('',*,*,#4120,.F.);
#5301=ORIENTED_EDGE('',*,*,#4053,.T.);
#5302=ORIENTED_EDGE('',*,*,#4126,.F.);
#5303=ORIENTED_EDGE('',*,*,#4127,.T.);
#5304=ORIENTED_EDGE('',*,*,#4090,.T.);
#5305=ORIENTED_EDGE('',*,*,#4117,.T.);
#5306=ORIENTED_EDGE('',*,*,#4055,.T.);
#5307=ORIENTED_EDGE('',*,*,#4119,.F.);
#5308=ORIENTED_EDGE('',*,*,#4128,.F.);
#5309=ORIENTED_EDGE('',*,*,#4103,.F.);
#5310=ORIENTED_EDGE('',*,*,#4091,.F.);
#5311=ORIENTED_EDGE('',*,*,#4127,.F.);
#5312=ORIENTED_EDGE('',*,*,#4129,.T.);
#5313=ORIENTED_EDGE('',*,*,#4060,.F.);
#5314=ORIENTED_EDGE('',*,*,#4094,.F.);
#5315=ORIENTED_EDGE('',*,*,#4111,.T.);
#5316=ORIENTED_EDGE('',*,*,#4130,.T.);
#5317=ORIENTED_EDGE('',*,*,#4131,.T.);
#5318=ORIENTED_EDGE('',*,*,#4096,.F.);
#5319=ORIENTED_EDGE('',*,*,#4132,.T.);
#5320=ORIENTED_EDGE('',*,*,#4133,.T.);
#5321=ORIENTED_EDGE('',*,*,#4134,.T.);
#5322=ORIENTED_EDGE('',*,*,#4134,.F.);
#5323=ORIENTED_EDGE('',*,*,#4135,.F.);
#5324=ORIENTED_EDGE('',*,*,#4136,.T.);
#5325=ORIENTED_EDGE('',*,*,#4137,.T.);
#5326=ORIENTED_EDGE('',*,*,#4138,.T.);
#5327=ORIENTED_EDGE('',*,*,#4139,.F.);
#5328=ORIENTED_EDGE('',*,*,#4140,.T.);
#5329=ORIENTED_EDGE('',*,*,#4141,.T.);
#5330=ORIENTED_EDGE('',*,*,#4142,.T.);
#5331=ORIENTED_EDGE('',*,*,#4143,.F.);
#5332=ORIENTED_EDGE('',*,*,#4144,.F.);
#5333=ORIENTED_EDGE('',*,*,#4097,.F.);
#5334=ORIENTED_EDGE('',*,*,#4145,.T.);
#5335=ORIENTED_EDGE('',*,*,#4146,.T.);
#5336=ORIENTED_EDGE('',*,*,#4147,.T.);
#5337=ORIENTED_EDGE('',*,*,#4148,.T.);
#5338=ORIENTED_EDGE('',*,*,#4098,.F.);
#5339=ORIENTED_EDGE('',*,*,#4144,.T.);
#5340=ORIENTED_EDGE('',*,*,#4149,.T.);
#5341=ORIENTED_EDGE('',*,*,#4076,.T.);
#5342=ORIENTED_EDGE('',*,*,#4015,.F.);
#5343=ORIENTED_EDGE('',*,*,#4018,.T.);
#5344=ORIENTED_EDGE('',*,*,#4028,.F.);
#5345=ORIENTED_EDGE('',*,*,#4030,.T.);
#5346=ORIENTED_EDGE('',*,*,#4032,.F.);
#5347=ORIENTED_EDGE('',*,*,#4034,.T.);
#5348=ORIENTED_EDGE('',*,*,#4036,.F.);
#5349=ORIENTED_EDGE('',*,*,#4038,.T.);
#5350=ORIENTED_EDGE('',*,*,#4150,.F.);
#5351=ORIENTED_EDGE('',*,*,#4151,.T.);
#5352=ORIENTED_EDGE('',*,*,#4152,.F.);
#5353=ORIENTED_EDGE('',*,*,#4153,.T.);
#5354=ORIENTED_EDGE('',*,*,#4154,.F.);
#5355=ORIENTED_EDGE('',*,*,#4155,.T.);
#5356=ORIENTED_EDGE('',*,*,#4156,.F.);
#5357=ORIENTED_EDGE('',*,*,#4157,.T.);
#5358=ORIENTED_EDGE('',*,*,#4112,.F.);
#5359=ORIENTED_EDGE('',*,*,#4101,.T.);
#5360=ORIENTED_EDGE('',*,*,#4084,.F.);
#5361=ORIENTED_EDGE('',*,*,#4158,.T.);
#5362=ORIENTED_EDGE('',*,*,#4159,.T.);
#5363=ORIENTED_EDGE('',*,*,#4160,.T.);
#5364=ORIENTED_EDGE('',*,*,#4073,.F.);
#5365=ORIENTED_EDGE('',*,*,#4081,.T.);
#5366=ORIENTED_EDGE('',*,*,#4161,.T.);
#5367=ORIENTED_EDGE('',*,*,#4077,.T.);
#5368=ORIENTED_EDGE('',*,*,#4149,.F.);
#5369=ORIENTED_EDGE('',*,*,#4143,.T.);
#5370=ORIENTED_EDGE('',*,*,#4162,.T.);
#5371=ORIENTED_EDGE('',*,*,#4139,.T.);
#5372=ORIENTED_EDGE('',*,*,#4163,.T.);
#5373=ORIENTED_EDGE('',*,*,#4135,.T.);
#5374=ORIENTED_EDGE('',*,*,#4133,.F.);
#5375=ORIENTED_EDGE('',*,*,#4164,.T.);
#5376=ORIENTED_EDGE('',*,*,#4165,.T.);
#5377=ORIENTED_EDGE('',*,*,#4166,.T.);
#5378=ORIENTED_EDGE('',*,*,#4130,.F.);
#5379=ORIENTED_EDGE('',*,*,#4110,.T.);
#5380=ORIENTED_EDGE('',*,*,#4167,.T.);
#5381=ORIENTED_EDGE('',*,*,#4106,.T.);
#5382=ORIENTED_EDGE('',*,*,#4104,.F.);
#5383=ORIENTED_EDGE('',*,*,#4128,.T.);
#5384=ORIENTED_EDGE('',*,*,#4118,.F.);
#5385=ORIENTED_EDGE('',*,*,#4125,.T.);
#5386=ORIENTED_EDGE('',*,*,#4168,.T.);
#5387=ORIENTED_EDGE('',*,*,#4121,.T.);
#5388=ORIENTED_EDGE('',*,*,#3980,.F.);
#5389=ORIENTED_EDGE('',*,*,#4169,.T.);
#5390=ORIENTED_EDGE('',*,*,#4156,.T.);
#5391=ORIENTED_EDGE('',*,*,#4170,.T.);
#5392=ORIENTED_EDGE('',*,*,#3973,.F.);
#5393=ORIENTED_EDGE('',*,*,#4170,.F.);
#5394=ORIENTED_EDGE('',*,*,#4155,.F.);
#5395=ORIENTED_EDGE('',*,*,#4171,.F.);
#5396=ORIENTED_EDGE('',*,*,#4013,.F.);
#5397=ORIENTED_EDGE('',*,*,#4171,.T.);
#5398=ORIENTED_EDGE('',*,*,#4154,.T.);
#5399=ORIENTED_EDGE('',*,*,#4172,.T.);
#5400=ORIENTED_EDGE('',*,*,#4010,.F.);
#5401=ORIENTED_EDGE('',*,*,#4172,.F.);
#5402=ORIENTED_EDGE('',*,*,#4153,.F.);
#5403=ORIENTED_EDGE('',*,*,#4173,.F.);
#5404=ORIENTED_EDGE('',*,*,#4007,.F.);
#5405=ORIENTED_EDGE('',*,*,#4173,.T.);
#5406=ORIENTED_EDGE('',*,*,#4152,.T.);
#5407=ORIENTED_EDGE('',*,*,#4174,.T.);
#5408=ORIENTED_EDGE('',*,*,#4001,.F.);
#5409=ORIENTED_EDGE('',*,*,#4175,.T.);
#5410=ORIENTED_EDGE('',*,*,#4150,.T.);
#5411=ORIENTED_EDGE('',*,*,#4037,.T.);
#5412=ORIENTED_EDGE('',*,*,#4004,.F.);
#5413=ORIENTED_EDGE('',*,*,#4174,.F.);
#5414=ORIENTED_EDGE('',*,*,#4151,.F.);
#5415=ORIENTED_EDGE('',*,*,#4175,.F.);
#5416=ORIENTED_EDGE('',*,*,#4064,.F.);
#5417=ORIENTED_EDGE('',*,*,#4176,.F.);
#5418=ORIENTED_EDGE('',*,*,#4068,.F.);
#5419=ORIENTED_EDGE('',*,*,#4048,.T.);
#5420=ORIENTED_EDGE('',*,*,#4039,.F.);
#5421=ORIENTED_EDGE('',*,*,#4045,.F.);
#5422=ORIENTED_EDGE('',*,*,#4059,.F.);
#5423=ORIENTED_EDGE('',*,*,#4061,.F.);
#5424=ORIENTED_EDGE('',*,*,#4129,.F.);
#5425=ORIENTED_EDGE('',*,*,#4126,.T.);
#5426=ORIENTED_EDGE('',*,*,#4116,.F.);
#5427=ORIENTED_EDGE('',*,*,#4114,.F.);
#5428=ORIENTED_EDGE('',*,*,#4099,.F.);
#5429=ORIENTED_EDGE('',*,*,#4069,.T.);
#5430=ORIENTED_EDGE('',*,*,#4066,.F.);
#5431=ORIENTED_EDGE('',*,*,#4176,.T.);
#5432=ORIENTED_EDGE('',*,*,#4063,.F.);
#5433=ORIENTED_EDGE('',*,*,#4065,.F.);
#5434=ORIENTED_EDGE('',*,*,#4177,.F.);
#5435=ORIENTED_EDGE('',*,*,#4178,.F.);
#5436=ORIENTED_EDGE('',*,*,#4179,.F.);
#5437=ORIENTED_EDGE('',*,*,#4180,.T.);
#5438=ORIENTED_EDGE('',*,*,#4177,.T.);
#5439=ORIENTED_EDGE('',*,*,#4180,.F.);
#5440=ORIENTED_EDGE('',*,*,#4181,.F.);
#5441=ORIENTED_EDGE('',*,*,#4182,.T.);
#5442=ORIENTED_EDGE('',*,*,#4178,.T.);
#5443=ORIENTED_EDGE('',*,*,#4182,.F.);
#5444=ORIENTED_EDGE('',*,*,#4145,.F.);
#5445=ORIENTED_EDGE('',*,*,#4183,.T.);
#5446=ORIENTED_EDGE('',*,*,#4184,.F.);
#5447=ORIENTED_EDGE('',*,*,#4185,.F.);
#5448=ORIENTED_EDGE('',*,*,#4146,.F.);
#5449=ORIENTED_EDGE('',*,*,#4185,.T.);
#5450=ORIENTED_EDGE('',*,*,#4186,.F.);
#5451=ORIENTED_EDGE('',*,*,#4187,.F.);
#5452=ORIENTED_EDGE('',*,*,#4147,.F.);
#5453=ORIENTED_EDGE('',*,*,#4187,.T.);
#5454=ORIENTED_EDGE('',*,*,#4188,.F.);
#5455=ORIENTED_EDGE('',*,*,#4189,.F.);
#5456=ORIENTED_EDGE('',*,*,#4148,.F.);
#5457=ORIENTED_EDGE('',*,*,#4189,.T.);
#5458=ORIENTED_EDGE('',*,*,#4190,.F.);
#5459=ORIENTED_EDGE('',*,*,#4183,.F.);
#5460=ORIENTED_EDGE('',*,*,#4190,.T.);
#5461=ORIENTED_EDGE('',*,*,#4188,.T.);
#5462=ORIENTED_EDGE('',*,*,#4186,.T.);
#5463=ORIENTED_EDGE('',*,*,#4184,.T.);
#5464=ORIENTED_EDGE('',*,*,#4181,.T.);
#5465=ORIENTED_EDGE('',*,*,#4191,.T.);
#5466=ORIENTED_EDGE('',*,*,#4192,.T.);
#5467=ORIENTED_EDGE('',*,*,#4193,.T.);
#5468=ORIENTED_EDGE('',*,*,#4194,.T.);
#5469=ORIENTED_EDGE('',*,*,#4195,.T.);
#5470=ORIENTED_EDGE('',*,*,#4196,.T.);
#5471=ORIENTED_EDGE('',*,*,#4197,.T.);
#5472=ORIENTED_EDGE('',*,*,#4198,.T.);
#5473=ORIENTED_EDGE('',*,*,#4179,.T.);
#5474=ORIENTED_EDGE('',*,*,#4199,.F.);
#5475=ORIENTED_EDGE('',*,*,#4023,.F.);
#5476=ORIENTED_EDGE('',*,*,#4200,.T.);
#5477=ORIENTED_EDGE('',*,*,#4193,.F.);
#5478=ORIENTED_EDGE('',*,*,#4200,.F.);
#5479=ORIENTED_EDGE('',*,*,#4022,.F.);
#5480=ORIENTED_EDGE('',*,*,#4201,.T.);
#5481=ORIENTED_EDGE('',*,*,#4194,.F.);
#5482=ORIENTED_EDGE('',*,*,#4201,.F.);
#5483=ORIENTED_EDGE('',*,*,#4021,.F.);
#5484=ORIENTED_EDGE('',*,*,#4202,.T.);
#5485=ORIENTED_EDGE('',*,*,#4195,.F.);
#5486=ORIENTED_EDGE('',*,*,#4202,.F.);
#5487=ORIENTED_EDGE('',*,*,#4020,.F.);
#5488=ORIENTED_EDGE('',*,*,#4203,.T.);
#5489=ORIENTED_EDGE('',*,*,#4196,.F.);
#5490=ORIENTED_EDGE('',*,*,#4203,.F.);
#5491=ORIENTED_EDGE('',*,*,#4019,.F.);
#5492=ORIENTED_EDGE('',*,*,#4204,.T.);
#5493=ORIENTED_EDGE('',*,*,#4197,.F.);
#5494=ORIENTED_EDGE('',*,*,#4204,.F.);
#5495=ORIENTED_EDGE('',*,*,#4026,.F.);
#5496=ORIENTED_EDGE('',*,*,#4205,.T.);
#5497=ORIENTED_EDGE('',*,*,#4198,.F.);
#5498=ORIENTED_EDGE('',*,*,#4205,.F.);
#5499=ORIENTED_EDGE('',*,*,#4025,.F.);
#5500=ORIENTED_EDGE('',*,*,#4206,.T.);
#5501=ORIENTED_EDGE('',*,*,#4191,.F.);
#5502=ORIENTED_EDGE('',*,*,#4206,.F.);
#5503=ORIENTED_EDGE('',*,*,#4024,.F.);
#5504=ORIENTED_EDGE('',*,*,#4199,.T.);
#5505=ORIENTED_EDGE('',*,*,#4192,.F.);
#5506=ORIENTED_EDGE('',*,*,#4207,.T.);
#5507=ORIENTED_EDGE('',*,*,#4208,.F.);
#5508=ORIENTED_EDGE('',*,*,#4124,.F.);
#5509=ORIENTED_EDGE('',*,*,#4209,.F.);
#5510=ORIENTED_EDGE('',*,*,#4168,.F.);
#5511=ORIENTED_EDGE('',*,*,#4208,.T.);
#5512=ORIENTED_EDGE('',*,*,#4210,.T.);
#5513=ORIENTED_EDGE('',*,*,#4209,.T.);
#5514=ORIENTED_EDGE('',*,*,#4211,.F.);
#5515=ORIENTED_EDGE('',*,*,#4122,.F.);
#5516=ORIENTED_EDGE('',*,*,#4207,.F.);
#5517=ORIENTED_EDGE('',*,*,#4123,.F.);
#5518=ORIENTED_EDGE('',*,*,#4211,.T.);
#5519=ORIENTED_EDGE('',*,*,#4210,.F.);
#5520=ORIENTED_EDGE('',*,*,#4212,.F.);
#5521=ORIENTED_EDGE('',*,*,#4213,.F.);
#5522=ORIENTED_EDGE('',*,*,#4214,.T.);
#5523=ORIENTED_EDGE('',*,*,#4215,.T.);
#5524=ORIENTED_EDGE('',*,*,#4216,.F.);
#5525=ORIENTED_EDGE('',*,*,#4214,.F.);
#5526=ORIENTED_EDGE('',*,*,#4165,.F.);
#5527=ORIENTED_EDGE('',*,*,#4215,.F.);
#5528=ORIENTED_EDGE('',*,*,#4217,.F.);
#5529=ORIENTED_EDGE('',*,*,#4218,.T.);
#5530=ORIENTED_EDGE('',*,*,#4212,.T.);
#5531=ORIENTED_EDGE('',*,*,#4216,.T.);
#5532=ORIENTED_EDGE('',*,*,#4218,.F.);
#5533=ORIENTED_EDGE('',*,*,#4219,.F.);
#5534=ORIENTED_EDGE('',*,*,#4220,.F.);
#5535=ORIENTED_EDGE('',*,*,#4136,.F.);
#5536=ORIENTED_EDGE('',*,*,#4221,.T.);
#5537=ORIENTED_EDGE('',*,*,#4222,.T.);
#5538=ORIENTED_EDGE('',*,*,#4223,.F.);
#5539=ORIENTED_EDGE('',*,*,#4221,.F.);
#5540=ORIENTED_EDGE('',*,*,#4163,.F.);
#5541=ORIENTED_EDGE('',*,*,#4222,.F.);
#5542=ORIENTED_EDGE('',*,*,#4138,.F.);
#5543=ORIENTED_EDGE('',*,*,#4224,.T.);
#5544=ORIENTED_EDGE('',*,*,#4220,.T.);
#5545=ORIENTED_EDGE('',*,*,#4223,.T.);
#5546=ORIENTED_EDGE('',*,*,#4224,.F.);
#5547=ORIENTED_EDGE('',*,*,#4137,.F.);
#5548=ORIENTED_EDGE('',*,*,#4225,.F.);
#5549=ORIENTED_EDGE('',*,*,#4107,.F.);
#5550=ORIENTED_EDGE('',*,*,#4226,.T.);
#5551=ORIENTED_EDGE('',*,*,#4227,.T.);
#5552=ORIENTED_EDGE('',*,*,#4228,.F.);
#5553=ORIENTED_EDGE('',*,*,#4226,.F.);
#5554=ORIENTED_EDGE('',*,*,#4167,.F.);
#5555=ORIENTED_EDGE('',*,*,#4227,.F.);
#5556=ORIENTED_EDGE('',*,*,#4109,.F.);
#5557=ORIENTED_EDGE('',*,*,#4229,.T.);
#5558=ORIENTED_EDGE('',*,*,#4225,.T.);
#5559=ORIENTED_EDGE('',*,*,#4228,.T.);
#5560=ORIENTED_EDGE('',*,*,#4229,.F.);
#5561=ORIENTED_EDGE('',*,*,#4108,.F.);
#5562=ORIENTED_EDGE('',*,*,#4230,.T.);
#5563=ORIENTED_EDGE('',*,*,#4231,.F.);
#5564=ORIENTED_EDGE('',*,*,#4080,.F.);
#5565=ORIENTED_EDGE('',*,*,#4232,.F.);
#5566=ORIENTED_EDGE('',*,*,#4161,.F.);
#5567=ORIENTED_EDGE('',*,*,#4231,.T.);
#5568=ORIENTED_EDGE('',*,*,#4233,.T.);
#5569=ORIENTED_EDGE('',*,*,#4232,.T.);
#5570=ORIENTED_EDGE('',*,*,#4234,.F.);
#5571=ORIENTED_EDGE('',*,*,#4078,.F.);
#5572=ORIENTED_EDGE('',*,*,#4230,.F.);
#5573=ORIENTED_EDGE('',*,*,#4079,.F.);
#5574=ORIENTED_EDGE('',*,*,#4234,.T.);
#5575=ORIENTED_EDGE('',*,*,#4233,.F.);
#5576=ORIENTED_EDGE('',*,*,#4235,.T.);
#5577=ORIENTED_EDGE('',*,*,#4236,.F.);
#5578=ORIENTED_EDGE('',*,*,#4142,.F.);
#5579=ORIENTED_EDGE('',*,*,#4237,.F.);
#5580=ORIENTED_EDGE('',*,*,#4162,.F.);
#5581=ORIENTED_EDGE('',*,*,#4236,.T.);
#5582=ORIENTED_EDGE('',*,*,#4238,.T.);
#5583=ORIENTED_EDGE('',*,*,#4237,.T.);
#5584=ORIENTED_EDGE('',*,*,#4239,.F.);
#5585=ORIENTED_EDGE('',*,*,#4140,.F.);
#5586=ORIENTED_EDGE('',*,*,#4235,.F.);
#5587=ORIENTED_EDGE('',*,*,#4141,.F.);
#5588=ORIENTED_EDGE('',*,*,#4239,.T.);
#5589=ORIENTED_EDGE('',*,*,#4238,.F.);
#5590=ORIENTED_EDGE('',*,*,#4240,.T.);
#5591=ORIENTED_EDGE('',*,*,#4241,.F.);
#5592=ORIENTED_EDGE('',*,*,#4242,.F.);
#5593=ORIENTED_EDGE('',*,*,#4243,.F.);
#5594=ORIENTED_EDGE('',*,*,#4159,.F.);
#5595=ORIENTED_EDGE('',*,*,#4241,.T.);
#5596=ORIENTED_EDGE('',*,*,#4244,.T.);
#5597=ORIENTED_EDGE('',*,*,#4243,.T.);
#5598=ORIENTED_EDGE('',*,*,#4245,.F.);
#5599=ORIENTED_EDGE('',*,*,#4246,.F.);
#5600=ORIENTED_EDGE('',*,*,#4240,.F.);
#5601=ORIENTED_EDGE('',*,*,#4247,.F.);
#5602=ORIENTED_EDGE('',*,*,#4245,.T.);
#5603=ORIENTED_EDGE('',*,*,#4244,.F.);
#5604=ORIENTED_EDGE('',*,*,#4074,.F.);
#5605=ORIENTED_EDGE('',*,*,#4160,.F.);
#5606=ORIENTED_EDGE('',*,*,#4246,.T.);
#5607=ORIENTED_EDGE('',*,*,#4247,.T.);
#5608=ORIENTED_EDGE('',*,*,#4242,.T.);
#5609=ORIENTED_EDGE('',*,*,#4158,.F.);
#5610=ORIENTED_EDGE('',*,*,#4083,.F.);
#5611=ORIENTED_EDGE('',*,*,#4086,.F.);
#5612=ORIENTED_EDGE('',*,*,#4131,.F.);
#5613=ORIENTED_EDGE('',*,*,#4166,.F.);
#5614=ORIENTED_EDGE('',*,*,#4213,.T.);
#5615=ORIENTED_EDGE('',*,*,#4219,.T.);
#5616=ORIENTED_EDGE('',*,*,#4217,.T.);
#5617=ORIENTED_EDGE('',*,*,#4164,.F.);
#5618=ORIENTED_EDGE('',*,*,#4132,.F.);
#5619=ORIENTED_EDGE('',*,*,#4095,.F.);
#5620=ORIENTED_EDGE('',*,*,#3977,.F.);
#5621=ORIENTED_EDGE('',*,*,#4016,.F.);
#5622=ORIENTED_EDGE('',*,*,#4157,.F.);
#5623=ORIENTED_EDGE('',*,*,#4169,.F.);
#5624=ORIENTED_EDGE('',*,*,#4248,.T.);
#5625=ORIENTED_EDGE('',*,*,#4249,.T.);
#5626=ORIENTED_EDGE('',*,*,#4250,.T.);
#5627=ORIENTED_EDGE('',*,*,#4251,.T.);
#5628=ORIENTED_EDGE('',*,*,#4252,.T.);
#5629=ORIENTED_EDGE('',*,*,#4253,.T.);
#5630=ORIENTED_EDGE('',*,*,#4254,.T.);
#5631=ORIENTED_EDGE('',*,*,#4255,.T.);
#5632=ORIENTED_EDGE('',*,*,#4254,.F.);
#5633=ORIENTED_EDGE('',*,*,#4256,.T.);
#5634=ORIENTED_EDGE('',*,*,#4248,.F.);
#5635=ORIENTED_EDGE('',*,*,#4257,.T.);
#5636=ORIENTED_EDGE('',*,*,#4258,.T.);
#5637=ORIENTED_EDGE('',*,*,#4259,.T.);
#5638=ORIENTED_EDGE('',*,*,#4260,.T.);
#5639=ORIENTED_EDGE('',*,*,#4259,.F.);
#5640=ORIENTED_EDGE('',*,*,#4261,.T.);
#5641=ORIENTED_EDGE('',*,*,#4252,.F.);
#5642=ORIENTED_EDGE('',*,*,#4262,.T.);
#5643=ORIENTED_EDGE('',*,*,#4263,.T.);
#5644=ORIENTED_EDGE('',*,*,#4264,.T.);
#5645=ORIENTED_EDGE('',*,*,#4265,.T.);
#5646=ORIENTED_EDGE('',*,*,#4266,.T.);
#5647=ORIENTED_EDGE('',*,*,#4267,.T.);
#5648=ORIENTED_EDGE('',*,*,#4262,.F.);
#5649=ORIENTED_EDGE('',*,*,#4268,.T.);
#5650=ORIENTED_EDGE('',*,*,#4269,.T.);
#5651=ORIENTED_EDGE('',*,*,#4270,.T.);
#5652=ORIENTED_EDGE('',*,*,#4266,.F.);
#5653=ORIENTED_EDGE('',*,*,#4271,.T.);
#5654=ORIENTED_EDGE('',*,*,#4272,.T.);
#5655=ORIENTED_EDGE('',*,*,#4273,.T.);
#5656=ORIENTED_EDGE('',*,*,#4269,.F.);
#5657=ORIENTED_EDGE('',*,*,#4274,.T.);
#5658=ORIENTED_EDGE('',*,*,#4275,.T.);
#5659=ORIENTED_EDGE('',*,*,#4276,.T.);
#5660=ORIENTED_EDGE('',*,*,#4272,.F.);
#5661=ORIENTED_EDGE('',*,*,#4277,.T.);
#5662=ORIENTED_EDGE('',*,*,#4264,.F.);
#5663=ORIENTED_EDGE('',*,*,#4278,.T.);
#5664=ORIENTED_EDGE('',*,*,#4257,.F.);
#5665=ORIENTED_EDGE('',*,*,#4279,.T.);
#5666=ORIENTED_EDGE('',*,*,#4280,.T.);
#5667=ORIENTED_EDGE('',*,*,#4281,.T.);
#5668=ORIENTED_EDGE('',*,*,#4282,.T.);
#5669=ORIENTED_EDGE('',*,*,#4281,.F.);
#5670=ORIENTED_EDGE('',*,*,#4283,.T.);
#5671=ORIENTED_EDGE('',*,*,#4275,.F.);
#5672=ORIENTED_EDGE('',*,*,#4284,.T.);
#5673=ORIENTED_EDGE('',*,*,#4285,.T.);
#5674=ORIENTED_EDGE('',*,*,#4286,.T.);
#5675=ORIENTED_EDGE('',*,*,#4287,.T.);
#5676=ORIENTED_EDGE('',*,*,#4286,.F.);
#5677=ORIENTED_EDGE('',*,*,#4288,.T.);
#5678=ORIENTED_EDGE('',*,*,#4279,.F.);
#5679=ORIENTED_EDGE('',*,*,#4250,.F.);
#5680=ORIENTED_EDGE('',*,*,#4289,.T.);
#5681=ORIENTED_EDGE('',*,*,#4284,.F.);
#5682=ORIENTED_EDGE('',*,*,#4267,.F.);
#5683=ORIENTED_EDGE('',*,*,#4290,.T.);
#5684=ORIENTED_EDGE('',*,*,#4291,.T.);
#5685=ORIENTED_EDGE('',*,*,#4292,.T.);
#5686=ORIENTED_EDGE('',*,*,#4270,.F.);
#5687=ORIENTED_EDGE('',*,*,#4293,.F.);
#5688=ORIENTED_EDGE('',*,*,#4294,.T.);
#5689=ORIENTED_EDGE('',*,*,#4290,.F.);
#5690=ORIENTED_EDGE('',*,*,#4273,.F.);
#5691=ORIENTED_EDGE('',*,*,#4295,.T.);
#5692=ORIENTED_EDGE('',*,*,#4296,.T.);
#5693=ORIENTED_EDGE('',*,*,#4293,.T.);
#5694=ORIENTED_EDGE('',*,*,#4276,.F.);
#5695=ORIENTED_EDGE('',*,*,#4297,.F.);
#5696=ORIENTED_EDGE('',*,*,#4298,.T.);
#5697=ORIENTED_EDGE('',*,*,#4295,.F.);
#5698=ORIENTED_EDGE('',*,*,#4283,.F.);
#5699=ORIENTED_EDGE('',*,*,#4299,.T.);
#5700=ORIENTED_EDGE('',*,*,#4300,.T.);
#5701=ORIENTED_EDGE('',*,*,#4297,.T.);
#5702=ORIENTED_EDGE('',*,*,#4280,.F.);
#5703=ORIENTED_EDGE('',*,*,#4301,.F.);
#5704=ORIENTED_EDGE('',*,*,#4302,.T.);
#5705=ORIENTED_EDGE('',*,*,#4299,.F.);
#5706=ORIENTED_EDGE('',*,*,#4288,.F.);
#5707=ORIENTED_EDGE('',*,*,#4303,.T.);
#5708=ORIENTED_EDGE('',*,*,#4304,.T.);
#5709=ORIENTED_EDGE('',*,*,#4301,.T.);
#5710=ORIENTED_EDGE('',*,*,#4285,.F.);
#5711=ORIENTED_EDGE('',*,*,#4305,.F.);
#5712=ORIENTED_EDGE('',*,*,#4306,.T.);
#5713=ORIENTED_EDGE('',*,*,#4303,.F.);
#5714=ORIENTED_EDGE('',*,*,#4251,.F.);
#5715=ORIENTED_EDGE('',*,*,#4287,.F.);
#5716=ORIENTED_EDGE('',*,*,#4282,.F.);
#5717=ORIENTED_EDGE('',*,*,#4277,.F.);
#5718=ORIENTED_EDGE('',*,*,#4274,.F.);
#5719=ORIENTED_EDGE('',*,*,#4271,.F.);
#5720=ORIENTED_EDGE('',*,*,#4268,.F.);
#5721=ORIENTED_EDGE('',*,*,#4265,.F.);
#5722=ORIENTED_EDGE('',*,*,#4260,.F.);
#5723=ORIENTED_EDGE('',*,*,#4255,.F.);
#5724=ORIENTED_EDGE('',*,*,#4307,.T.);
#5725=ORIENTED_EDGE('',*,*,#4308,.T.);
#5726=ORIENTED_EDGE('',*,*,#4309,.T.);
#5727=ORIENTED_EDGE('',*,*,#4310,.T.);
#5728=ORIENTED_EDGE('',*,*,#4311,.T.);
#5729=ORIENTED_EDGE('',*,*,#4312,.T.);
#5730=ORIENTED_EDGE('',*,*,#4313,.T.);
#5731=ORIENTED_EDGE('',*,*,#4314,.T.);
#5732=ORIENTED_EDGE('',*,*,#4315,.T.);
#5733=ORIENTED_EDGE('',*,*,#4316,.T.);
#5734=ORIENTED_EDGE('',*,*,#4317,.T.);
#5735=ORIENTED_EDGE('',*,*,#4318,.T.);
#5736=ORIENTED_EDGE('',*,*,#4319,.T.);
#5737=ORIENTED_EDGE('',*,*,#4320,.T.);
#5738=ORIENTED_EDGE('',*,*,#4321,.T.);
#5739=ORIENTED_EDGE('',*,*,#4322,.T.);
#5740=ORIENTED_EDGE('',*,*,#4323,.T.);
#5741=ORIENTED_EDGE('',*,*,#4324,.T.);
#5742=ORIENTED_EDGE('',*,*,#4325,.T.);
#5743=ORIENTED_EDGE('',*,*,#4326,.T.);
#5744=ORIENTED_EDGE('',*,*,#4327,.T.);
#5745=ORIENTED_EDGE('',*,*,#4328,.T.);
#5746=ORIENTED_EDGE('',*,*,#4329,.T.);
#5747=ORIENTED_EDGE('',*,*,#4330,.T.);
#5748=ORIENTED_EDGE('',*,*,#4331,.T.);
#5749=ORIENTED_EDGE('',*,*,#4332,.T.);
#5750=ORIENTED_EDGE('',*,*,#4333,.T.);
#5751=ORIENTED_EDGE('',*,*,#4334,.T.);
#5752=ORIENTED_EDGE('',*,*,#4335,.T.);
#5753=ORIENTED_EDGE('',*,*,#4336,.T.);
#5754=ORIENTED_EDGE('',*,*,#4337,.T.);
#5755=ORIENTED_EDGE('',*,*,#4338,.T.);
#5756=ORIENTED_EDGE('',*,*,#4339,.T.);
#5757=ORIENTED_EDGE('',*,*,#4340,.T.);
#5758=ORIENTED_EDGE('',*,*,#4341,.T.);
#5759=ORIENTED_EDGE('',*,*,#4342,.T.);
#5760=ORIENTED_EDGE('',*,*,#4343,.T.);
#5761=ORIENTED_EDGE('',*,*,#4344,.T.);
#5762=ORIENTED_EDGE('',*,*,#4345,.T.);
#5763=ORIENTED_EDGE('',*,*,#4346,.T.);
#5764=ORIENTED_EDGE('',*,*,#4347,.T.);
#5765=ORIENTED_EDGE('',*,*,#4348,.T.);
#5766=ORIENTED_EDGE('',*,*,#4349,.T.);
#5767=ORIENTED_EDGE('',*,*,#4350,.T.);
#5768=ORIENTED_EDGE('',*,*,#4351,.T.);
#5769=ORIENTED_EDGE('',*,*,#4352,.T.);
#5770=ORIENTED_EDGE('',*,*,#4353,.T.);
#5771=ORIENTED_EDGE('',*,*,#4354,.T.);
#5772=ORIENTED_EDGE('',*,*,#4355,.T.);
#5773=ORIENTED_EDGE('',*,*,#4356,.T.);
#5774=ORIENTED_EDGE('',*,*,#4357,.T.);
#5775=ORIENTED_EDGE('',*,*,#4358,.T.);
#5776=ORIENTED_EDGE('',*,*,#4359,.T.);
#5777=ORIENTED_EDGE('',*,*,#4360,.T.);
#5778=ORIENTED_EDGE('',*,*,#4361,.T.);
#5779=ORIENTED_EDGE('',*,*,#4362,.T.);
#5780=ORIENTED_EDGE('',*,*,#4289,.F.);
#5781=ORIENTED_EDGE('',*,*,#4363,.T.);
#5782=ORIENTED_EDGE('',*,*,#4364,.T.);
#5783=ORIENTED_EDGE('',*,*,#4305,.T.);
#5784=ORIENTED_EDGE('',*,*,#4364,.F.);
#5785=ORIENTED_EDGE('',*,*,#4365,.F.);
#5786=ORIENTED_EDGE('',*,*,#4366,.F.);
#5787=ORIENTED_EDGE('',*,*,#4367,.F.);
#5788=ORIENTED_EDGE('',*,*,#4368,.F.);
#5789=ORIENTED_EDGE('',*,*,#4369,.F.);
#5790=ORIENTED_EDGE('',*,*,#4370,.F.);
#5791=ORIENTED_EDGE('',*,*,#4371,.F.);
#5792=ORIENTED_EDGE('',*,*,#4291,.F.);
#5793=ORIENTED_EDGE('',*,*,#4294,.F.);
#5794=ORIENTED_EDGE('',*,*,#4296,.F.);
#5795=ORIENTED_EDGE('',*,*,#4298,.F.);
#5796=ORIENTED_EDGE('',*,*,#4300,.F.);
#5797=ORIENTED_EDGE('',*,*,#4302,.F.);
#5798=ORIENTED_EDGE('',*,*,#4304,.F.);
#5799=ORIENTED_EDGE('',*,*,#4306,.F.);
#5800=ORIENTED_EDGE('',*,*,#4372,.T.);
#5801=ORIENTED_EDGE('',*,*,#4373,.T.);
#5802=ORIENTED_EDGE('',*,*,#4374,.T.);
#5803=ORIENTED_EDGE('',*,*,#4375,.T.);
#5804=ORIENTED_EDGE('',*,*,#4376,.T.);
#5805=ORIENTED_EDGE('',*,*,#4377,.T.);
#5806=ORIENTED_EDGE('',*,*,#4378,.T.);
#5807=ORIENTED_EDGE('',*,*,#4379,.T.);
#5808=ORIENTED_EDGE('',*,*,#4380,.T.);
#5809=ORIENTED_EDGE('',*,*,#4381,.T.);
#5810=ORIENTED_EDGE('',*,*,#4382,.T.);
#5811=ORIENTED_EDGE('',*,*,#4383,.T.);
#5812=ORIENTED_EDGE('',*,*,#4384,.T.);
#5813=ORIENTED_EDGE('',*,*,#4385,.T.);
#5814=ORIENTED_EDGE('',*,*,#4386,.T.);
#5815=ORIENTED_EDGE('',*,*,#4387,.T.);
#5816=ORIENTED_EDGE('',*,*,#4388,.T.);
#5817=ORIENTED_EDGE('',*,*,#4389,.T.);
#5818=ORIENTED_EDGE('',*,*,#4390,.T.);
#5819=ORIENTED_EDGE('',*,*,#4391,.T.);
#5820=ORIENTED_EDGE('',*,*,#4392,.T.);
#5821=ORIENTED_EDGE('',*,*,#4393,.T.);
#5822=ORIENTED_EDGE('',*,*,#4249,.F.);
#5823=ORIENTED_EDGE('',*,*,#4394,.F.);
#5824=ORIENTED_EDGE('',*,*,#4365,.T.);
#5825=ORIENTED_EDGE('',*,*,#4363,.F.);
#5826=ORIENTED_EDGE('',*,*,#4256,.F.);
#5827=ORIENTED_EDGE('',*,*,#4395,.T.);
#5828=ORIENTED_EDGE('',*,*,#4366,.T.);
#5829=ORIENTED_EDGE('',*,*,#4394,.T.);
#5830=ORIENTED_EDGE('',*,*,#4261,.F.);
#5831=ORIENTED_EDGE('',*,*,#4396,.T.);
#5832=ORIENTED_EDGE('',*,*,#4368,.T.);
#5833=ORIENTED_EDGE('',*,*,#4397,.T.);
#5834=ORIENTED_EDGE('',*,*,#4258,.F.);
#5835=ORIENTED_EDGE('',*,*,#4398,.F.);
#5836=ORIENTED_EDGE('',*,*,#4369,.T.);
#5837=ORIENTED_EDGE('',*,*,#4396,.F.);
#5838=ORIENTED_EDGE('',*,*,#4278,.F.);
#5839=ORIENTED_EDGE('',*,*,#4399,.T.);
#5840=ORIENTED_EDGE('',*,*,#4370,.T.);
#5841=ORIENTED_EDGE('',*,*,#4398,.T.);
#5842=ORIENTED_EDGE('',*,*,#4263,.F.);
#5843=ORIENTED_EDGE('',*,*,#4292,.F.);
#5844=ORIENTED_EDGE('',*,*,#4371,.T.);
#5845=ORIENTED_EDGE('',*,*,#4399,.F.);
#5846=ORIENTED_EDGE('',*,*,#4362,.F.);
#5847=ORIENTED_EDGE('',*,*,#4400,.T.);
#5848=ORIENTED_EDGE('',*,*,#4401,.F.);
#5849=ORIENTED_EDGE('',*,*,#4400,.F.);
#5850=ORIENTED_EDGE('',*,*,#4361,.F.);
#5851=ORIENTED_EDGE('',*,*,#4402,.T.);
#5852=ORIENTED_EDGE('',*,*,#4403,.F.);
#5853=ORIENTED_EDGE('',*,*,#4402,.F.);
#5854=ORIENTED_EDGE('',*,*,#4404,.F.);
#5855=ORIENTED_EDGE('',*,*,#4405,.F.);
#5856=ORIENTED_EDGE('',*,*,#4357,.F.);
#5857=ORIENTED_EDGE('',*,*,#4406,.T.);
#5858=ORIENTED_EDGE('',*,*,#4407,.F.);
#5859=ORIENTED_EDGE('',*,*,#4406,.F.);
#5860=ORIENTED_EDGE('',*,*,#4360,.F.);
#5861=ORIENTED_EDGE('',*,*,#4408,.T.);
#5862=ORIENTED_EDGE('',*,*,#4409,.F.);
#5863=ORIENTED_EDGE('',*,*,#4408,.F.);
#5864=ORIENTED_EDGE('',*,*,#4359,.F.);
#5865=ORIENTED_EDGE('',*,*,#4410,.T.);
#5866=ORIENTED_EDGE('',*,*,#4411,.F.);
#5867=ORIENTED_EDGE('',*,*,#4410,.F.);
#5868=ORIENTED_EDGE('',*,*,#4358,.F.);
#5869=ORIENTED_EDGE('',*,*,#4405,.T.);
#5870=ORIENTED_EDGE('',*,*,#4412,.F.);
#5871=ORIENTED_EDGE('',*,*,#4413,.T.);
#5872=ORIENTED_EDGE('',*,*,#4414,.T.);
#5873=ORIENTED_EDGE('',*,*,#4415,.F.);
#5874=ORIENTED_EDGE('',*,*,#4416,.F.);
#5875=ORIENTED_EDGE('',*,*,#4417,.T.);
#5876=ORIENTED_EDGE('',*,*,#4418,.T.);
#5877=ORIENTED_EDGE('',*,*,#4413,.F.);
#5878=ORIENTED_EDGE('',*,*,#4419,.F.);
#5879=ORIENTED_EDGE('',*,*,#4415,.T.);
#5880=ORIENTED_EDGE('',*,*,#4420,.T.);
#5881=ORIENTED_EDGE('',*,*,#4417,.F.);
#5882=ORIENTED_EDGE('',*,*,#4307,.F.);
#5883=ORIENTED_EDGE('',*,*,#4421,.T.);
#5884=ORIENTED_EDGE('',*,*,#4422,.T.);
#5885=ORIENTED_EDGE('',*,*,#4423,.F.);
#5886=ORIENTED_EDGE('',*,*,#4314,.F.);
#5887=ORIENTED_EDGE('',*,*,#4424,.T.);
#5888=ORIENTED_EDGE('',*,*,#4425,.T.);
#5889=ORIENTED_EDGE('',*,*,#4421,.F.);
#5890=ORIENTED_EDGE('',*,*,#4313,.F.);
#5891=ORIENTED_EDGE('',*,*,#4426,.T.);
#5892=ORIENTED_EDGE('',*,*,#4427,.T.);
#5893=ORIENTED_EDGE('',*,*,#4424,.F.);
#5894=ORIENTED_EDGE('',*,*,#4312,.F.);
#5895=ORIENTED_EDGE('',*,*,#4428,.T.);
#5896=ORIENTED_EDGE('',*,*,#4429,.T.);
#5897=ORIENTED_EDGE('',*,*,#4426,.F.);
#5898=ORIENTED_EDGE('',*,*,#4311,.F.);
#5899=ORIENTED_EDGE('',*,*,#4430,.T.);
#5900=ORIENTED_EDGE('',*,*,#4431,.T.);
#5901=ORIENTED_EDGE('',*,*,#4428,.F.);
#5902=ORIENTED_EDGE('',*,*,#4310,.F.);
#5903=ORIENTED_EDGE('',*,*,#4432,.T.);
#5904=ORIENTED_EDGE('',*,*,#4433,.T.);
#5905=ORIENTED_EDGE('',*,*,#4430,.F.);
#5906=ORIENTED_EDGE('',*,*,#4309,.F.);
#5907=ORIENTED_EDGE('',*,*,#4434,.T.);
#5908=ORIENTED_EDGE('',*,*,#4435,.T.);
#5909=ORIENTED_EDGE('',*,*,#4432,.F.);
#5910=ORIENTED_EDGE('',*,*,#4308,.F.);
#5911=ORIENTED_EDGE('',*,*,#4423,.T.);
#5912=ORIENTED_EDGE('',*,*,#4436,.T.);
#5913=ORIENTED_EDGE('',*,*,#4434,.F.);
#5914=ORIENTED_EDGE('',*,*,#4436,.F.);
#5915=ORIENTED_EDGE('',*,*,#4422,.F.);
#5916=ORIENTED_EDGE('',*,*,#4425,.F.);
#5917=ORIENTED_EDGE('',*,*,#4427,.F.);
#5918=ORIENTED_EDGE('',*,*,#4429,.F.);
#5919=ORIENTED_EDGE('',*,*,#4431,.F.);
#5920=ORIENTED_EDGE('',*,*,#4433,.F.);
#5921=ORIENTED_EDGE('',*,*,#4435,.F.);
#5922=ORIENTED_EDGE('',*,*,#4420,.F.);
#5923=ORIENTED_EDGE('',*,*,#4414,.F.);
#5924=ORIENTED_EDGE('',*,*,#4418,.F.);
#5925=ORIENTED_EDGE('',*,*,#4437,.F.);
#5926=ORIENTED_EDGE('',*,*,#4438,.T.);
#5927=ORIENTED_EDGE('',*,*,#4439,.T.);
#5928=ORIENTED_EDGE('',*,*,#4440,.F.);
#5929=ORIENTED_EDGE('',*,*,#4441,.F.);
#5930=ORIENTED_EDGE('',*,*,#4442,.T.);
#5931=ORIENTED_EDGE('',*,*,#4443,.T.);
#5932=ORIENTED_EDGE('',*,*,#4438,.F.);
#5933=ORIENTED_EDGE('',*,*,#4444,.F.);
#5934=ORIENTED_EDGE('',*,*,#4445,.T.);
#5935=ORIENTED_EDGE('',*,*,#4446,.T.);
#5936=ORIENTED_EDGE('',*,*,#4442,.F.);
#5937=ORIENTED_EDGE('',*,*,#4447,.F.);
#5938=ORIENTED_EDGE('',*,*,#4448,.T.);
#5939=ORIENTED_EDGE('',*,*,#4449,.T.);
#5940=ORIENTED_EDGE('',*,*,#4445,.F.);
#5941=ORIENTED_EDGE('',*,*,#4450,.F.);
#5942=ORIENTED_EDGE('',*,*,#4451,.T.);
#5943=ORIENTED_EDGE('',*,*,#4452,.T.);
#5944=ORIENTED_EDGE('',*,*,#4448,.F.);
#5945=ORIENTED_EDGE('',*,*,#4453,.F.);
#5946=ORIENTED_EDGE('',*,*,#4454,.T.);
#5947=ORIENTED_EDGE('',*,*,#4455,.T.);
#5948=ORIENTED_EDGE('',*,*,#4451,.F.);
#5949=ORIENTED_EDGE('',*,*,#4456,.F.);
#5950=ORIENTED_EDGE('',*,*,#4457,.T.);
#5951=ORIENTED_EDGE('',*,*,#4458,.T.);
#5952=ORIENTED_EDGE('',*,*,#4454,.F.);
#5953=ORIENTED_EDGE('',*,*,#4459,.F.);
#5954=ORIENTED_EDGE('',*,*,#4440,.T.);
#5955=ORIENTED_EDGE('',*,*,#4460,.T.);
#5956=ORIENTED_EDGE('',*,*,#4457,.F.);
#5957=ORIENTED_EDGE('',*,*,#4315,.F.);
#5958=ORIENTED_EDGE('',*,*,#4461,.T.);
#5959=ORIENTED_EDGE('',*,*,#4462,.T.);
#5960=ORIENTED_EDGE('',*,*,#4463,.F.);
#5961=ORIENTED_EDGE('',*,*,#4324,.F.);
#5962=ORIENTED_EDGE('',*,*,#4464,.T.);
#5963=ORIENTED_EDGE('',*,*,#4465,.T.);
#5964=ORIENTED_EDGE('',*,*,#4461,.F.);
#5965=ORIENTED_EDGE('',*,*,#4323,.F.);
#5966=ORIENTED_EDGE('',*,*,#4466,.T.);
#5967=ORIENTED_EDGE('',*,*,#4467,.T.);
#5968=ORIENTED_EDGE('',*,*,#4464,.F.);
#5969=ORIENTED_EDGE('',*,*,#4322,.F.);
#5970=ORIENTED_EDGE('',*,*,#4468,.T.);
#5971=ORIENTED_EDGE('',*,*,#4469,.T.);
#5972=ORIENTED_EDGE('',*,*,#4466,.F.);
#5973=ORIENTED_EDGE('',*,*,#4321,.F.);
#5974=ORIENTED_EDGE('',*,*,#4470,.T.);
#5975=ORIENTED_EDGE('',*,*,#4471,.T.);
#5976=ORIENTED_EDGE('',*,*,#4468,.F.);
#5977=ORIENTED_EDGE('',*,*,#4320,.F.);
#5978=ORIENTED_EDGE('',*,*,#4472,.T.);
#5979=ORIENTED_EDGE('',*,*,#4473,.T.);
#5980=ORIENTED_EDGE('',*,*,#4470,.F.);
#5981=ORIENTED_EDGE('',*,*,#4319,.F.);
#5982=ORIENTED_EDGE('',*,*,#4474,.T.);
#5983=ORIENTED_EDGE('',*,*,#4475,.T.);
#5984=ORIENTED_EDGE('',*,*,#4472,.F.);
#5985=ORIENTED_EDGE('',*,*,#4318,.F.);
#5986=ORIENTED_EDGE('',*,*,#4476,.T.);
#5987=ORIENTED_EDGE('',*,*,#4477,.T.);
#5988=ORIENTED_EDGE('',*,*,#4474,.F.);
#5989=ORIENTED_EDGE('',*,*,#4317,.F.);
#5990=ORIENTED_EDGE('',*,*,#4478,.T.);
#5991=ORIENTED_EDGE('',*,*,#4479,.T.);
#5992=ORIENTED_EDGE('',*,*,#4476,.F.);
#5993=ORIENTED_EDGE('',*,*,#4316,.F.);
#5994=ORIENTED_EDGE('',*,*,#4463,.T.);
#5995=ORIENTED_EDGE('',*,*,#4480,.T.);
#5996=ORIENTED_EDGE('',*,*,#4478,.F.);
#5997=ORIENTED_EDGE('',*,*,#4480,.F.);
#5998=ORIENTED_EDGE('',*,*,#4462,.F.);
#5999=ORIENTED_EDGE('',*,*,#4465,.F.);
#6000=ORIENTED_EDGE('',*,*,#4467,.F.);
#6001=ORIENTED_EDGE('',*,*,#4469,.F.);
#6002=ORIENTED_EDGE('',*,*,#4471,.F.);
#6003=ORIENTED_EDGE('',*,*,#4473,.F.);
#6004=ORIENTED_EDGE('',*,*,#4475,.F.);
#6005=ORIENTED_EDGE('',*,*,#4477,.F.);
#6006=ORIENTED_EDGE('',*,*,#4479,.F.);
#6007=ORIENTED_EDGE('',*,*,#4460,.F.);
#6008=ORIENTED_EDGE('',*,*,#4439,.F.);
#6009=ORIENTED_EDGE('',*,*,#4443,.F.);
#6010=ORIENTED_EDGE('',*,*,#4446,.F.);
#6011=ORIENTED_EDGE('',*,*,#4449,.F.);
#6012=ORIENTED_EDGE('',*,*,#4452,.F.);
#6013=ORIENTED_EDGE('',*,*,#4455,.F.);
#6014=ORIENTED_EDGE('',*,*,#4458,.F.);
#6015=ORIENTED_EDGE('',*,*,#4325,.F.);
#6016=ORIENTED_EDGE('',*,*,#4481,.T.);
#6017=ORIENTED_EDGE('',*,*,#4482,.T.);
#6018=ORIENTED_EDGE('',*,*,#4483,.F.);
#6019=ORIENTED_EDGE('',*,*,#4332,.F.);
#6020=ORIENTED_EDGE('',*,*,#4484,.T.);
#6021=ORIENTED_EDGE('',*,*,#4485,.T.);
#6022=ORIENTED_EDGE('',*,*,#4481,.F.);
#6023=ORIENTED_EDGE('',*,*,#4331,.F.);
#6024=ORIENTED_EDGE('',*,*,#4486,.T.);
#6025=ORIENTED_EDGE('',*,*,#4487,.T.);
#6026=ORIENTED_EDGE('',*,*,#4484,.F.);
#6027=ORIENTED_EDGE('',*,*,#4330,.F.);
#6028=ORIENTED_EDGE('',*,*,#4488,.T.);
#6029=ORIENTED_EDGE('',*,*,#4489,.T.);
#6030=ORIENTED_EDGE('',*,*,#4486,.F.);
#6031=ORIENTED_EDGE('',*,*,#4329,.F.);
#6032=ORIENTED_EDGE('',*,*,#4490,.T.);
#6033=ORIENTED_EDGE('',*,*,#4491,.T.);
#6034=ORIENTED_EDGE('',*,*,#4488,.F.);
#6035=ORIENTED_EDGE('',*,*,#4328,.F.);
#6036=ORIENTED_EDGE('',*,*,#4492,.T.);
#6037=ORIENTED_EDGE('',*,*,#4493,.T.);
#6038=ORIENTED_EDGE('',*,*,#4490,.F.);
#6039=ORIENTED_EDGE('',*,*,#4327,.F.);
#6040=ORIENTED_EDGE('',*,*,#4494,.T.);
#6041=ORIENTED_EDGE('',*,*,#4495,.T.);
#6042=ORIENTED_EDGE('',*,*,#4492,.F.);
#6043=ORIENTED_EDGE('',*,*,#4326,.F.);
#6044=ORIENTED_EDGE('',*,*,#4483,.T.);
#6045=ORIENTED_EDGE('',*,*,#4496,.T.);
#6046=ORIENTED_EDGE('',*,*,#4494,.F.);
#6047=ORIENTED_EDGE('',*,*,#4496,.F.);
#6048=ORIENTED_EDGE('',*,*,#4482,.F.);
#6049=ORIENTED_EDGE('',*,*,#4485,.F.);
#6050=ORIENTED_EDGE('',*,*,#4487,.F.);
#6051=ORIENTED_EDGE('',*,*,#4489,.F.);
#6052=ORIENTED_EDGE('',*,*,#4491,.F.);
#6053=ORIENTED_EDGE('',*,*,#4493,.F.);
#6054=ORIENTED_EDGE('',*,*,#4495,.F.);
#6055=ORIENTED_EDGE('',*,*,#4333,.F.);
#6056=ORIENTED_EDGE('',*,*,#4497,.T.);
#6057=ORIENTED_EDGE('',*,*,#4498,.T.);
#6058=ORIENTED_EDGE('',*,*,#4499,.F.);
#6059=ORIENTED_EDGE('',*,*,#4352,.F.);
#6060=ORIENTED_EDGE('',*,*,#4500,.T.);
#6061=ORIENTED_EDGE('',*,*,#4501,.T.);
#6062=ORIENTED_EDGE('',*,*,#4497,.F.);
#6063=ORIENTED_EDGE('',*,*,#4351,.F.);
#6064=ORIENTED_EDGE('',*,*,#4502,.T.);
#6065=ORIENTED_EDGE('',*,*,#4503,.T.);
#6066=ORIENTED_EDGE('',*,*,#4500,.F.);
#6067=ORIENTED_EDGE('',*,*,#4350,.F.);
#6068=ORIENTED_EDGE('',*,*,#4504,.T.);
#6069=ORIENTED_EDGE('',*,*,#4505,.T.);
#6070=ORIENTED_EDGE('',*,*,#4502,.F.);
#6071=ORIENTED_EDGE('',*,*,#4349,.F.);
#6072=ORIENTED_EDGE('',*,*,#4506,.T.);
#6073=ORIENTED_EDGE('',*,*,#4507,.T.);
#6074=ORIENTED_EDGE('',*,*,#4504,.F.);
#6075=ORIENTED_EDGE('',*,*,#4348,.F.);
#6076=ORIENTED_EDGE('',*,*,#4508,.T.);
#6077=ORIENTED_EDGE('',*,*,#4509,.T.);
#6078=ORIENTED_EDGE('',*,*,#4506,.F.);
#6079=ORIENTED_EDGE('',*,*,#4347,.F.);
#6080=ORIENTED_EDGE('',*,*,#4510,.T.);
#6081=ORIENTED_EDGE('',*,*,#4511,.T.);
#6082=ORIENTED_EDGE('',*,*,#4508,.F.);
#6083=ORIENTED_EDGE('',*,*,#4346,.F.);
#6084=ORIENTED_EDGE('',*,*,#4512,.T.);
#6085=ORIENTED_EDGE('',*,*,#4513,.T.);
#6086=ORIENTED_EDGE('',*,*,#4510,.F.);
#6087=ORIENTED_EDGE('',*,*,#4345,.F.);
#6088=ORIENTED_EDGE('',*,*,#4514,.T.);
#6089=ORIENTED_EDGE('',*,*,#4515,.T.);
#6090=ORIENTED_EDGE('',*,*,#4512,.F.);
#6091=ORIENTED_EDGE('',*,*,#4344,.F.);
#6092=ORIENTED_EDGE('',*,*,#4516,.T.);
#6093=ORIENTED_EDGE('',*,*,#4517,.T.);
#6094=ORIENTED_EDGE('',*,*,#4514,.F.);
#6095=ORIENTED_EDGE('',*,*,#4343,.F.);
#6096=ORIENTED_EDGE('',*,*,#4518,.T.);
#6097=ORIENTED_EDGE('',*,*,#4519,.T.);
#6098=ORIENTED_EDGE('',*,*,#4516,.F.);
#6099=ORIENTED_EDGE('',*,*,#4342,.F.);
#6100=ORIENTED_EDGE('',*,*,#4520,.T.);
#6101=ORIENTED_EDGE('',*,*,#4521,.T.);
#6102=ORIENTED_EDGE('',*,*,#4518,.F.);
#6103=ORIENTED_EDGE('',*,*,#4341,.F.);
#6104=ORIENTED_EDGE('',*,*,#4522,.T.);
#6105=ORIENTED_EDGE('',*,*,#4523,.T.);
#6106=ORIENTED_EDGE('',*,*,#4520,.F.);
#6107=ORIENTED_EDGE('',*,*,#4340,.F.);
#6108=ORIENTED_EDGE('',*,*,#4524,.T.);
#6109=ORIENTED_EDGE('',*,*,#4525,.T.);
#6110=ORIENTED_EDGE('',*,*,#4522,.F.);
#6111=ORIENTED_EDGE('',*,*,#4339,.F.);
#6112=ORIENTED_EDGE('',*,*,#4526,.T.);
#6113=ORIENTED_EDGE('',*,*,#4527,.T.);
#6114=ORIENTED_EDGE('',*,*,#4524,.F.);
#6115=ORIENTED_EDGE('',*,*,#4338,.F.);
#6116=ORIENTED_EDGE('',*,*,#4528,.T.);
#6117=ORIENTED_EDGE('',*,*,#4529,.T.);
#6118=ORIENTED_EDGE('',*,*,#4526,.F.);
#6119=ORIENTED_EDGE('',*,*,#4337,.F.);
#6120=ORIENTED_EDGE('',*,*,#4530,.T.);
#6121=ORIENTED_EDGE('',*,*,#4531,.T.);
#6122=ORIENTED_EDGE('',*,*,#4528,.F.);
#6123=ORIENTED_EDGE('',*,*,#4336,.F.);
#6124=ORIENTED_EDGE('',*,*,#4532,.T.);
#6125=ORIENTED_EDGE('',*,*,#4533,.T.);
#6126=ORIENTED_EDGE('',*,*,#4530,.F.);
#6127=ORIENTED_EDGE('',*,*,#4335,.F.);
#6128=ORIENTED_EDGE('',*,*,#4534,.T.);
#6129=ORIENTED_EDGE('',*,*,#4535,.T.);
#6130=ORIENTED_EDGE('',*,*,#4532,.F.);
#6131=ORIENTED_EDGE('',*,*,#4334,.F.);
#6132=ORIENTED_EDGE('',*,*,#4499,.T.);
#6133=ORIENTED_EDGE('',*,*,#4536,.T.);
#6134=ORIENTED_EDGE('',*,*,#4534,.F.);
#6135=ORIENTED_EDGE('',*,*,#4536,.F.);
#6136=ORIENTED_EDGE('',*,*,#4498,.F.);
#6137=ORIENTED_EDGE('',*,*,#4501,.F.);
#6138=ORIENTED_EDGE('',*,*,#4503,.F.);
#6139=ORIENTED_EDGE('',*,*,#4505,.F.);
#6140=ORIENTED_EDGE('',*,*,#4507,.F.);
#6141=ORIENTED_EDGE('',*,*,#4509,.F.);
#6142=ORIENTED_EDGE('',*,*,#4511,.F.);
#6143=ORIENTED_EDGE('',*,*,#4513,.F.);
#6144=ORIENTED_EDGE('',*,*,#4515,.F.);
#6145=ORIENTED_EDGE('',*,*,#4517,.F.);
#6146=ORIENTED_EDGE('',*,*,#4519,.F.);
#6147=ORIENTED_EDGE('',*,*,#4521,.F.);
#6148=ORIENTED_EDGE('',*,*,#4523,.F.);
#6149=ORIENTED_EDGE('',*,*,#4525,.F.);
#6150=ORIENTED_EDGE('',*,*,#4527,.F.);
#6151=ORIENTED_EDGE('',*,*,#4529,.F.);
#6152=ORIENTED_EDGE('',*,*,#4531,.F.);
#6153=ORIENTED_EDGE('',*,*,#4533,.F.);
#6154=ORIENTED_EDGE('',*,*,#4535,.F.);
#6155=ORIENTED_EDGE('',*,*,#4353,.F.);
#6156=ORIENTED_EDGE('',*,*,#4537,.T.);
#6157=ORIENTED_EDGE('',*,*,#4538,.T.);
#6158=ORIENTED_EDGE('',*,*,#4539,.F.);
#6159=ORIENTED_EDGE('',*,*,#4356,.F.);
#6160=ORIENTED_EDGE('',*,*,#4540,.T.);
#6161=ORIENTED_EDGE('',*,*,#4541,.T.);
#6162=ORIENTED_EDGE('',*,*,#4537,.F.);
#6163=ORIENTED_EDGE('',*,*,#4355,.F.);
#6164=ORIENTED_EDGE('',*,*,#4542,.T.);
#6165=ORIENTED_EDGE('',*,*,#4543,.T.);
#6166=ORIENTED_EDGE('',*,*,#4540,.F.);
#6167=ORIENTED_EDGE('',*,*,#4354,.F.);
#6168=ORIENTED_EDGE('',*,*,#4539,.T.);
#6169=ORIENTED_EDGE('',*,*,#4544,.T.);
#6170=ORIENTED_EDGE('',*,*,#4542,.F.);
#6171=ORIENTED_EDGE('',*,*,#4544,.F.);
#6172=ORIENTED_EDGE('',*,*,#4538,.F.);
#6173=ORIENTED_EDGE('',*,*,#4541,.F.);
#6174=ORIENTED_EDGE('',*,*,#4543,.F.);
#6175=ORIENTED_EDGE('',*,*,#4437,.T.);
#6176=ORIENTED_EDGE('',*,*,#4459,.T.);
#6177=ORIENTED_EDGE('',*,*,#4456,.T.);
#6178=ORIENTED_EDGE('',*,*,#4453,.T.);
#6179=ORIENTED_EDGE('',*,*,#4450,.T.);
#6180=ORIENTED_EDGE('',*,*,#4447,.T.);
#6181=ORIENTED_EDGE('',*,*,#4444,.T.);
#6182=ORIENTED_EDGE('',*,*,#4441,.T.);
#6183=ORIENTED_EDGE('',*,*,#4412,.T.);
#6184=ORIENTED_EDGE('',*,*,#4419,.T.);
#6185=ORIENTED_EDGE('',*,*,#4416,.T.);
#6186=ORIENTED_EDGE('',*,*,#4545,.T.);
#6187=ORIENTED_EDGE('',*,*,#4546,.T.);
#6188=ORIENTED_EDGE('',*,*,#4547,.T.);
#6189=ORIENTED_EDGE('',*,*,#4548,.T.);
#6190=ORIENTED_EDGE('',*,*,#4549,.T.);
#6191=ORIENTED_EDGE('',*,*,#4550,.T.);
#6192=ORIENTED_EDGE('',*,*,#4551,.T.);
#6193=ORIENTED_EDGE('',*,*,#4552,.T.);
#6194=ORIENTED_EDGE('',*,*,#4553,.T.);
#6195=ORIENTED_EDGE('',*,*,#4554,.T.);
#6196=ORIENTED_EDGE('',*,*,#4555,.T.);
#6197=ORIENTED_EDGE('',*,*,#4556,.T.);
#6198=ORIENTED_EDGE('',*,*,#4557,.T.);
#6199=ORIENTED_EDGE('',*,*,#4558,.T.);
#6200=ORIENTED_EDGE('',*,*,#4559,.T.);
#6201=ORIENTED_EDGE('',*,*,#4560,.T.);
#6202=ORIENTED_EDGE('',*,*,#4561,.T.);
#6203=ORIENTED_EDGE('',*,*,#4562,.T.);
#6204=ORIENTED_EDGE('',*,*,#4563,.T.);
#6205=ORIENTED_EDGE('',*,*,#4564,.T.);
#6206=ORIENTED_EDGE('',*,*,#4565,.T.);
#6207=ORIENTED_EDGE('',*,*,#4566,.T.);
#6208=ORIENTED_EDGE('',*,*,#4567,.T.);
#6209=ORIENTED_EDGE('',*,*,#4568,.T.);
#6210=ORIENTED_EDGE('',*,*,#4569,.T.);
#6211=ORIENTED_EDGE('',*,*,#4570,.T.);
#6212=ORIENTED_EDGE('',*,*,#4571,.T.);
#6213=ORIENTED_EDGE('',*,*,#4572,.T.);
#6214=ORIENTED_EDGE('',*,*,#4573,.T.);
#6215=ORIENTED_EDGE('',*,*,#4574,.T.);
#6216=ORIENTED_EDGE('',*,*,#4575,.T.);
#6217=ORIENTED_EDGE('',*,*,#4576,.T.);
#6218=ORIENTED_EDGE('',*,*,#4577,.T.);
#6219=ORIENTED_EDGE('',*,*,#4578,.T.);
#6220=ORIENTED_EDGE('',*,*,#4579,.T.);
#6221=ORIENTED_EDGE('',*,*,#4580,.T.);
#6222=ORIENTED_EDGE('',*,*,#4581,.T.);
#6223=ORIENTED_EDGE('',*,*,#4582,.T.);
#6224=ORIENTED_EDGE('',*,*,#4583,.T.);
#6225=ORIENTED_EDGE('',*,*,#4584,.T.);
#6226=ORIENTED_EDGE('',*,*,#4585,.T.);
#6227=ORIENTED_EDGE('',*,*,#4586,.T.);
#6228=ORIENTED_EDGE('',*,*,#4587,.T.);
#6229=ORIENTED_EDGE('',*,*,#4588,.F.);
#6230=ORIENTED_EDGE('',*,*,#4589,.F.);
#6231=ORIENTED_EDGE('',*,*,#4590,.F.);
#6232=ORIENTED_EDGE('',*,*,#4588,.T.);
#6233=ORIENTED_EDGE('',*,*,#4591,.T.);
#6234=ORIENTED_EDGE('',*,*,#4592,.T.);
#6235=ORIENTED_EDGE('',*,*,#4593,.F.);
#6236=ORIENTED_EDGE('',*,*,#4594,.F.);
#6237=ORIENTED_EDGE('',*,*,#4583,.F.);
#6238=ORIENTED_EDGE('',*,*,#4595,.T.);
#6239=ORIENTED_EDGE('',*,*,#4592,.F.);
#6240=ORIENTED_EDGE('',*,*,#4596,.F.);
#6241=ORIENTED_EDGE('',*,*,#4585,.F.);
#6242=ORIENTED_EDGE('',*,*,#4596,.T.);
#6243=ORIENTED_EDGE('',*,*,#4591,.F.);
#6244=ORIENTED_EDGE('',*,*,#4587,.F.);
#6245=ORIENTED_EDGE('',*,*,#4597,.F.);
#6246=ORIENTED_EDGE('',*,*,#4598,.T.);
#6247=ORIENTED_EDGE('',*,*,#4599,.T.);
#6248=ORIENTED_EDGE('',*,*,#4600,.F.);
#6249=ORIENTED_EDGE('',*,*,#4589,.T.);
#6250=ORIENTED_EDGE('',*,*,#4593,.T.);
#6251=ORIENTED_EDGE('',*,*,#4595,.F.);
#6252=ORIENTED_EDGE('',*,*,#4601,.F.);
#6253=ORIENTED_EDGE('',*,*,#4586,.F.);
#6254=ORIENTED_EDGE('',*,*,#4598,.F.);
#6255=ORIENTED_EDGE('',*,*,#4602,.F.);
#6256=ORIENTED_EDGE('',*,*,#4603,.F.);
#6257=ORIENTED_EDGE('',*,*,#4604,.T.);
#6258=ORIENTED_EDGE('',*,*,#4605,.F.);
#6259=ORIENTED_EDGE('',*,*,#4606,.F.);
#6260=ORIENTED_EDGE('',*,*,#4607,.F.);
#6261=ORIENTED_EDGE('',*,*,#4605,.T.);
#6262=ORIENTED_EDGE('',*,*,#4608,.T.);
#6263=ORIENTED_EDGE('',*,*,#4609,.T.);
#6264=ORIENTED_EDGE('',*,*,#4610,.F.);
#6265=ORIENTED_EDGE('',*,*,#4608,.F.);
#6266=ORIENTED_EDGE('',*,*,#4604,.F.);
#6267=ORIENTED_EDGE('',*,*,#4611,.F.);
#6268=ORIENTED_EDGE('',*,*,#4612,.T.);
#6269=ORIENTED_EDGE('',*,*,#4613,.T.);
#6270=ORIENTED_EDGE('',*,*,#4614,.F.);
#6271=ORIENTED_EDGE('',*,*,#4577,.F.);
#6272=ORIENTED_EDGE('',*,*,#4615,.T.);
#6273=ORIENTED_EDGE('',*,*,#4609,.F.);
#6274=ORIENTED_EDGE('',*,*,#4613,.F.);
#6275=ORIENTED_EDGE('',*,*,#4579,.F.);
#6276=ORIENTED_EDGE('',*,*,#4610,.T.);
#6277=ORIENTED_EDGE('',*,*,#4615,.F.);
#6278=ORIENTED_EDGE('',*,*,#4616,.T.);
#6279=ORIENTED_EDGE('',*,*,#4617,.F.);
#6280=ORIENTED_EDGE('',*,*,#4606,.T.);
#6281=ORIENTED_EDGE('',*,*,#4618,.F.);
#6282=ORIENTED_EDGE('',*,*,#4580,.F.);
#6283=ORIENTED_EDGE('',*,*,#4612,.F.);
#6284=ORIENTED_EDGE('',*,*,#4619,.F.);
#6285=ORIENTED_EDGE('',*,*,#4620,.F.);
#6286=ORIENTED_EDGE('',*,*,#4621,.F.);
#6287=ORIENTED_EDGE('',*,*,#4574,.F.);
#6288=ORIENTED_EDGE('',*,*,#4622,.F.);
#6289=ORIENTED_EDGE('',*,*,#4623,.F.);
#6290=ORIENTED_EDGE('',*,*,#4616,.F.);
#6291=ORIENTED_EDGE('',*,*,#4576,.F.);
#6292=ORIENTED_EDGE('',*,*,#4624,.F.);
#6293=ORIENTED_EDGE('',*,*,#4625,.F.);
#6294=ORIENTED_EDGE('',*,*,#4626,.T.);
#6295=ORIENTED_EDGE('',*,*,#4627,.F.);
#6296=ORIENTED_EDGE('',*,*,#4628,.F.);
#6297=ORIENTED_EDGE('',*,*,#4626,.F.);
#6298=ORIENTED_EDGE('',*,*,#4629,.F.);
#6299=ORIENTED_EDGE('',*,*,#4630,.T.);
#6300=ORIENTED_EDGE('',*,*,#4631,.T.);
#6301=ORIENTED_EDGE('',*,*,#4632,.F.);
#6302=ORIENTED_EDGE('',*,*,#4568,.F.);
#6303=ORIENTED_EDGE('',*,*,#4633,.T.);
#6304=ORIENTED_EDGE('',*,*,#4634,.F.);
#6305=ORIENTED_EDGE('',*,*,#4631,.F.);
#6306=ORIENTED_EDGE('',*,*,#4570,.F.);
#6307=ORIENTED_EDGE('',*,*,#4635,.T.);
#6308=ORIENTED_EDGE('',*,*,#4633,.F.);
#6309=ORIENTED_EDGE('',*,*,#4636,.T.);
#6310=ORIENTED_EDGE('',*,*,#4637,.F.);
#6311=ORIENTED_EDGE('',*,*,#4624,.T.);
#6312=ORIENTED_EDGE('',*,*,#4627,.T.);
#6313=ORIENTED_EDGE('',*,*,#4628,.T.);
#6314=ORIENTED_EDGE('',*,*,#4634,.T.);
#6315=ORIENTED_EDGE('',*,*,#4635,.F.);
#6316=ORIENTED_EDGE('',*,*,#4638,.F.);
#6317=ORIENTED_EDGE('',*,*,#4571,.F.);
#6318=ORIENTED_EDGE('',*,*,#4630,.F.);
#6319=ORIENTED_EDGE('',*,*,#4639,.F.);
#6320=ORIENTED_EDGE('',*,*,#4640,.F.);
#6321=ORIENTED_EDGE('',*,*,#4641,.F.);
#6322=ORIENTED_EDGE('',*,*,#4642,.T.);
#6323=ORIENTED_EDGE('',*,*,#4643,.F.);
#6324=ORIENTED_EDGE('',*,*,#4636,.F.);
#6325=ORIENTED_EDGE('',*,*,#4567,.F.);
#6326=ORIENTED_EDGE('',*,*,#4644,.T.);
#6327=ORIENTED_EDGE('',*,*,#4645,.F.);
#6328=ORIENTED_EDGE('',*,*,#4646,.F.);
#6329=ORIENTED_EDGE('',*,*,#4647,.F.);
#6330=ORIENTED_EDGE('',*,*,#4645,.T.);
#6331=ORIENTED_EDGE('',*,*,#4648,.T.);
#6332=ORIENTED_EDGE('',*,*,#4649,.T.);
#6333=ORIENTED_EDGE('',*,*,#4650,.F.);
#6334=ORIENTED_EDGE('',*,*,#4648,.F.);
#6335=ORIENTED_EDGE('',*,*,#4644,.F.);
#6336=ORIENTED_EDGE('',*,*,#4651,.F.);
#6337=ORIENTED_EDGE('',*,*,#4652,.T.);
#6338=ORIENTED_EDGE('',*,*,#4653,.T.);
#6339=ORIENTED_EDGE('',*,*,#4654,.F.);
#6340=ORIENTED_EDGE('',*,*,#4562,.F.);
#6341=ORIENTED_EDGE('',*,*,#4655,.T.);
#6342=ORIENTED_EDGE('',*,*,#4649,.F.);
#6343=ORIENTED_EDGE('',*,*,#4653,.F.);
#6344=ORIENTED_EDGE('',*,*,#4564,.F.);
#6345=ORIENTED_EDGE('',*,*,#4650,.T.);
#6346=ORIENTED_EDGE('',*,*,#4655,.F.);
#6347=ORIENTED_EDGE('',*,*,#4656,.T.);
#6348=ORIENTED_EDGE('',*,*,#4657,.F.);
#6349=ORIENTED_EDGE('',*,*,#4646,.T.);
#6350=ORIENTED_EDGE('',*,*,#4658,.F.);
#6351=ORIENTED_EDGE('',*,*,#4565,.F.);
#6352=ORIENTED_EDGE('',*,*,#4652,.F.);
#6353=ORIENTED_EDGE('',*,*,#4659,.F.);
#6354=ORIENTED_EDGE('',*,*,#4642,.F.);
#6355=ORIENTED_EDGE('',*,*,#4660,.F.);
#6356=ORIENTED_EDGE('',*,*,#4620,.T.);
#6357=ORIENTED_EDGE('',*,*,#4661,.F.);
#6358=ORIENTED_EDGE('',*,*,#4656,.F.);
#6359=ORIENTED_EDGE('',*,*,#4561,.F.);
#6360=ORIENTED_EDGE('',*,*,#4662,.T.);
#6361=ORIENTED_EDGE('',*,*,#4663,.F.);
#6362=ORIENTED_EDGE('',*,*,#4664,.F.);
#6363=ORIENTED_EDGE('',*,*,#4665,.F.);
#6364=ORIENTED_EDGE('',*,*,#4663,.T.);
#6365=ORIENTED_EDGE('',*,*,#4666,.T.);
#6366=ORIENTED_EDGE('',*,*,#4667,.F.);
#6367=ORIENTED_EDGE('',*,*,#4668,.F.);
#6368=ORIENTED_EDGE('',*,*,#4669,.T.);
#6369=ORIENTED_EDGE('',*,*,#4670,.F.);
#6370=ORIENTED_EDGE('',*,*,#4664,.T.);
#6371=ORIENTED_EDGE('',*,*,#4668,.T.);
#6372=ORIENTED_EDGE('',*,*,#4671,.F.);
#6373=ORIENTED_EDGE('',*,*,#4672,.F.);
#6374=ORIENTED_EDGE('',*,*,#4559,.F.);
#6375=ORIENTED_EDGE('',*,*,#4671,.T.);
#6376=ORIENTED_EDGE('',*,*,#4667,.T.);
#6377=ORIENTED_EDGE('',*,*,#4673,.F.);
#6378=ORIENTED_EDGE('',*,*,#4573,.F.);
#6379=ORIENTED_EDGE('',*,*,#4673,.T.);
#6380=ORIENTED_EDGE('',*,*,#4666,.F.);
#6381=ORIENTED_EDGE('',*,*,#4662,.F.);
#6382=ORIENTED_EDGE('',*,*,#4674,.F.);
#6383=ORIENTED_EDGE('',*,*,#4622,.T.);
#6384=ORIENTED_EDGE('',*,*,#4675,.F.);
#6385=ORIENTED_EDGE('',*,*,#4676,.T.);
#6386=ORIENTED_EDGE('',*,*,#4677,.F.);
#6387=ORIENTED_EDGE('',*,*,#4669,.F.);
#6388=ORIENTED_EDGE('',*,*,#4558,.F.);
#6389=ORIENTED_EDGE('',*,*,#4678,.T.);
#6390=ORIENTED_EDGE('',*,*,#4679,.F.);
#6391=ORIENTED_EDGE('',*,*,#4680,.F.);
#6392=ORIENTED_EDGE('',*,*,#4681,.F.);
#6393=ORIENTED_EDGE('',*,*,#4679,.T.);
#6394=ORIENTED_EDGE('',*,*,#4682,.T.);
#6395=ORIENTED_EDGE('',*,*,#4683,.F.);
#6396=ORIENTED_EDGE('',*,*,#4684,.F.);
#6397=ORIENTED_EDGE('',*,*,#4685,.T.);
#6398=ORIENTED_EDGE('',*,*,#4686,.F.);
#6399=ORIENTED_EDGE('',*,*,#4680,.T.);
#6400=ORIENTED_EDGE('',*,*,#4684,.T.);
#6401=ORIENTED_EDGE('',*,*,#4687,.F.);
#6402=ORIENTED_EDGE('',*,*,#4688,.F.);
#6403=ORIENTED_EDGE('',*,*,#4556,.F.);
#6404=ORIENTED_EDGE('',*,*,#4687,.T.);
#6405=ORIENTED_EDGE('',*,*,#4683,.T.);
#6406=ORIENTED_EDGE('',*,*,#4689,.F.);
#6407=ORIENTED_EDGE('',*,*,#4552,.F.);
#6408=ORIENTED_EDGE('',*,*,#4689,.T.);
#6409=ORIENTED_EDGE('',*,*,#4682,.F.);
#6410=ORIENTED_EDGE('',*,*,#4678,.F.);
#6411=ORIENTED_EDGE('',*,*,#4690,.F.);
#6412=ORIENTED_EDGE('',*,*,#4691,.T.);
#6413=ORIENTED_EDGE('',*,*,#4692,.F.);
#6414=ORIENTED_EDGE('',*,*,#4693,.T.);
#6415=ORIENTED_EDGE('',*,*,#4694,.F.);
#6416=ORIENTED_EDGE('',*,*,#4685,.F.);
#6417=ORIENTED_EDGE('',*,*,#4555,.F.);
#6418=ORIENTED_EDGE('',*,*,#4695,.F.);
#6419=ORIENTED_EDGE('',*,*,#4553,.F.);
#6420=ORIENTED_EDGE('',*,*,#4691,.F.);
#6421=ORIENTED_EDGE('',*,*,#4696,.F.);
#6422=ORIENTED_EDGE('',*,*,#4697,.F.);
#6423=ORIENTED_EDGE('',*,*,#4698,.T.);
#6424=ORIENTED_EDGE('',*,*,#4699,.F.);
#6425=ORIENTED_EDGE('',*,*,#4700,.F.);
#6426=ORIENTED_EDGE('',*,*,#4701,.F.);
#6427=ORIENTED_EDGE('',*,*,#4699,.T.);
#6428=ORIENTED_EDGE('',*,*,#4702,.T.);
#6429=ORIENTED_EDGE('',*,*,#4703,.F.);
#6430=ORIENTED_EDGE('',*,*,#4704,.F.);
#6431=ORIENTED_EDGE('',*,*,#4705,.T.);
#6432=ORIENTED_EDGE('',*,*,#4706,.F.);
#6433=ORIENTED_EDGE('',*,*,#4700,.T.);
#6434=ORIENTED_EDGE('',*,*,#4704,.T.);
#6435=ORIENTED_EDGE('',*,*,#4707,.F.);
#6436=ORIENTED_EDGE('',*,*,#4708,.F.);
#6437=ORIENTED_EDGE('',*,*,#4550,.F.);
#6438=ORIENTED_EDGE('',*,*,#4707,.T.);
#6439=ORIENTED_EDGE('',*,*,#4703,.T.);
#6440=ORIENTED_EDGE('',*,*,#4709,.F.);
#6441=ORIENTED_EDGE('',*,*,#4546,.F.);
#6442=ORIENTED_EDGE('',*,*,#4709,.T.);
#6443=ORIENTED_EDGE('',*,*,#4702,.F.);
#6444=ORIENTED_EDGE('',*,*,#4698,.F.);
#6445=ORIENTED_EDGE('',*,*,#4710,.F.);
#6446=ORIENTED_EDGE('',*,*,#4711,.T.);
#6447=ORIENTED_EDGE('',*,*,#4712,.F.);
#6448=ORIENTED_EDGE('',*,*,#4547,.F.);
#6449=ORIENTED_EDGE('',*,*,#4711,.F.);
#6450=ORIENTED_EDGE('',*,*,#4713,.F.);
#6451=ORIENTED_EDGE('',*,*,#4676,.F.);
#6452=ORIENTED_EDGE('',*,*,#4714,.F.);
#6453=ORIENTED_EDGE('',*,*,#4697,.T.);
#6454=ORIENTED_EDGE('',*,*,#4715,.F.);
#6455=ORIENTED_EDGE('',*,*,#4705,.F.);
#6456=ORIENTED_EDGE('',*,*,#4549,.F.);
#6457=ORIENTED_EDGE('',*,*,#4716,.F.);
#6458=ORIENTED_EDGE('',*,*,#4603,.T.);
#6459=ORIENTED_EDGE('',*,*,#4717,.F.);
#6460=ORIENTED_EDGE('',*,*,#4693,.F.);
#6461=ORIENTED_EDGE('',*,*,#4718,.F.);
#6462=ORIENTED_EDGE('',*,*,#4719,.T.);
#6463=ORIENTED_EDGE('',*,*,#4720,.F.);
#6464=ORIENTED_EDGE('',*,*,#4599,.F.);
#6465=ORIENTED_EDGE('',*,*,#4582,.F.);
#6466=ORIENTED_EDGE('',*,*,#4721,.F.);
#6467=ORIENTED_EDGE('',*,*,#4640,.T.);
#6468=ORIENTED_EDGE('',*,*,#4722,.F.);
#6469=ORIENTED_EDGE('',*,*,#4719,.F.);
#6470=ORIENTED_EDGE('',*,*,#4545,.F.);
#6471=ORIENTED_EDGE('',*,*,#4712,.T.);
#6472=ORIENTED_EDGE('',*,*,#4675,.T.);
#6473=ORIENTED_EDGE('',*,*,#4557,.F.);
#6474=ORIENTED_EDGE('',*,*,#4672,.T.);
#6475=ORIENTED_EDGE('',*,*,#4572,.F.);
#6476=ORIENTED_EDGE('',*,*,#4621,.T.);
#6477=ORIENTED_EDGE('',*,*,#4575,.F.);
#6478=ORIENTED_EDGE('',*,*,#4614,.T.);
#6479=ORIENTED_EDGE('',*,*,#4578,.F.);
#6480=ORIENTED_EDGE('',*,*,#4618,.T.);
#6481=ORIENTED_EDGE('',*,*,#4660,.T.);
#6482=ORIENTED_EDGE('',*,*,#4560,.F.);
#6483=ORIENTED_EDGE('',*,*,#4654,.T.);
#6484=ORIENTED_EDGE('',*,*,#4563,.F.);
#6485=ORIENTED_EDGE('',*,*,#4658,.T.);
#6486=ORIENTED_EDGE('',*,*,#4641,.T.);
#6487=ORIENTED_EDGE('',*,*,#4566,.F.);
#6488=ORIENTED_EDGE('',*,*,#4632,.T.);
#6489=ORIENTED_EDGE('',*,*,#4569,.F.);
#6490=ORIENTED_EDGE('',*,*,#4638,.T.);
#6491=ORIENTED_EDGE('',*,*,#4721,.T.);
#6492=ORIENTED_EDGE('',*,*,#4718,.T.);
#6493=ORIENTED_EDGE('',*,*,#4581,.F.);
#6494=ORIENTED_EDGE('',*,*,#4594,.T.);
#6495=ORIENTED_EDGE('',*,*,#4584,.F.);
#6496=ORIENTED_EDGE('',*,*,#4601,.T.);
#6497=ORIENTED_EDGE('',*,*,#4716,.T.);
#6498=ORIENTED_EDGE('',*,*,#4692,.T.);
#6499=ORIENTED_EDGE('',*,*,#4554,.F.);
#6500=ORIENTED_EDGE('',*,*,#4688,.T.);
#6501=ORIENTED_EDGE('',*,*,#4551,.F.);
#6502=ORIENTED_EDGE('',*,*,#4695,.T.);
#6503=ORIENTED_EDGE('',*,*,#4714,.T.);
#6504=ORIENTED_EDGE('',*,*,#4548,.F.);
#6505=ORIENTED_EDGE('',*,*,#4708,.T.);
#6506=ORIENTED_EDGE('',*,*,#4401,.T.);
#6507=ORIENTED_EDGE('',*,*,#4403,.T.);
#6508=ORIENTED_EDGE('',*,*,#4404,.T.);
#6509=ORIENTED_EDGE('',*,*,#4407,.T.);
#6510=ORIENTED_EDGE('',*,*,#4409,.T.);
#6511=ORIENTED_EDGE('',*,*,#4411,.T.);
#6512=ORIENTED_EDGE('',*,*,#4723,.F.);
#6513=ORIENTED_EDGE('',*,*,#4724,.T.);
#6514=ORIENTED_EDGE('',*,*,#4725,.T.);
#6515=ORIENTED_EDGE('',*,*,#4726,.T.);
#6516=ORIENTED_EDGE('',*,*,#4726,.F.);
#6517=ORIENTED_EDGE('',*,*,#4727,.T.);
#6518=ORIENTED_EDGE('',*,*,#4728,.F.);
#6519=ORIENTED_EDGE('',*,*,#4729,.F.);
#6520=ORIENTED_EDGE('',*,*,#4730,.T.);
#6521=ORIENTED_EDGE('',*,*,#4728,.T.);
#6522=ORIENTED_EDGE('',*,*,#4731,.F.);
#6523=ORIENTED_EDGE('',*,*,#4377,.F.);
#6524=ORIENTED_EDGE('',*,*,#4730,.F.);
#6525=ORIENTED_EDGE('',*,*,#4732,.F.);
#6526=ORIENTED_EDGE('',*,*,#4733,.T.);
#6527=ORIENTED_EDGE('',*,*,#4723,.T.);
#6528=ORIENTED_EDGE('',*,*,#4729,.T.);
#6529=ORIENTED_EDGE('',*,*,#4734,.F.);
#6530=ORIENTED_EDGE('',*,*,#4731,.T.);
#6531=ORIENTED_EDGE('',*,*,#4727,.F.);
#6532=ORIENTED_EDGE('',*,*,#4725,.F.);
#6533=ORIENTED_EDGE('',*,*,#4735,.T.);
#6534=ORIENTED_EDGE('',*,*,#4732,.T.);
#6535=ORIENTED_EDGE('',*,*,#4376,.F.);
#6536=ORIENTED_EDGE('',*,*,#4736,.T.);
#6537=ORIENTED_EDGE('',*,*,#4737,.F.);
#6538=ORIENTED_EDGE('',*,*,#4738,.F.);
#6539=ORIENTED_EDGE('',*,*,#4739,.T.);
#6540=ORIENTED_EDGE('',*,*,#4740,.T.);
#6541=ORIENTED_EDGE('',*,*,#4741,.T.);
#6542=ORIENTED_EDGE('',*,*,#4741,.F.);
#6543=ORIENTED_EDGE('',*,*,#4742,.T.);
#6544=ORIENTED_EDGE('',*,*,#4743,.F.);
#6545=ORIENTED_EDGE('',*,*,#4744,.F.);
#6546=ORIENTED_EDGE('',*,*,#4744,.T.);
#6547=ORIENTED_EDGE('',*,*,#4745,.F.);
#6548=ORIENTED_EDGE('',*,*,#4746,.F.);
#6549=ORIENTED_EDGE('',*,*,#4747,.T.);
#6550=ORIENTED_EDGE('',*,*,#4738,.T.);
#6551=ORIENTED_EDGE('',*,*,#4748,.F.);
#6552=ORIENTED_EDGE('',*,*,#4387,.F.);
#6553=ORIENTED_EDGE('',*,*,#4745,.T.);
#6554=ORIENTED_EDGE('',*,*,#4743,.T.);
#6555=ORIENTED_EDGE('',*,*,#4748,.T.);
#6556=ORIENTED_EDGE('',*,*,#4742,.F.);
#6557=ORIENTED_EDGE('',*,*,#4740,.F.);
#6558=ORIENTED_EDGE('',*,*,#4749,.T.);
#6559=ORIENTED_EDGE('',*,*,#4750,.F.);
#6560=ORIENTED_EDGE('',*,*,#4746,.T.);
#6561=ORIENTED_EDGE('',*,*,#4386,.F.);
#6562=ORIENTED_EDGE('',*,*,#4751,.T.);
#6563=ORIENTED_EDGE('',*,*,#4752,.F.);
#6564=ORIENTED_EDGE('',*,*,#4750,.T.);
#6565=ORIENTED_EDGE('',*,*,#4753,.F.);
#6566=ORIENTED_EDGE('',*,*,#4754,.T.);
#6567=ORIENTED_EDGE('',*,*,#4388,.F.);
#6568=ORIENTED_EDGE('',*,*,#4755,.T.);
#6569=ORIENTED_EDGE('',*,*,#4756,.T.);
#6570=ORIENTED_EDGE('',*,*,#4757,.F.);
#6571=ORIENTED_EDGE('',*,*,#4758,.T.);
#6572=ORIENTED_EDGE('',*,*,#4733,.F.);
#6573=ORIENTED_EDGE('',*,*,#4737,.T.);
#6574=ORIENTED_EDGE('',*,*,#4759,.T.);
#6575=ORIENTED_EDGE('',*,*,#4760,.T.);
#6576=ORIENTED_EDGE('',*,*,#4761,.F.);
#6577=ORIENTED_EDGE('',*,*,#4762,.F.);
#6578=ORIENTED_EDGE('',*,*,#4763,.F.);
#6579=ORIENTED_EDGE('',*,*,#4764,.T.);
#6580=ORIENTED_EDGE('',*,*,#4765,.T.);
#6581=ORIENTED_EDGE('',*,*,#4766,.F.);
#6582=ORIENTED_EDGE('',*,*,#4767,.F.);
#6583=ORIENTED_EDGE('',*,*,#4768,.F.);
#6584=ORIENTED_EDGE('',*,*,#4769,.T.);
#6585=ORIENTED_EDGE('',*,*,#4770,.T.);
#6586=ORIENTED_EDGE('',*,*,#4771,.F.);
#6587=ORIENTED_EDGE('',*,*,#4772,.F.);
#6588=ORIENTED_EDGE('',*,*,#4773,.F.);
#6589=ORIENTED_EDGE('',*,*,#4753,.T.);
#6590=ORIENTED_EDGE('',*,*,#4749,.F.);
#6591=ORIENTED_EDGE('',*,*,#4739,.F.);
#6592=ORIENTED_EDGE('',*,*,#4747,.F.);
#6593=ORIENTED_EDGE('',*,*,#4752,.T.);
#6594=ORIENTED_EDGE('',*,*,#4774,.T.);
#6595=ORIENTED_EDGE('',*,*,#4775,.F.);
#6596=ORIENTED_EDGE('',*,*,#4776,.F.);
#6597=ORIENTED_EDGE('',*,*,#4777,.F.);
#6598=ORIENTED_EDGE('',*,*,#4778,.T.);
#6599=ORIENTED_EDGE('',*,*,#4779,.T.);
#6600=ORIENTED_EDGE('',*,*,#4780,.F.);
#6601=ORIENTED_EDGE('',*,*,#4758,.F.);
#6602=ORIENTED_EDGE('',*,*,#4781,.F.);
#6603=ORIENTED_EDGE('',*,*,#4782,.T.);
#6604=ORIENTED_EDGE('',*,*,#4783,.T.);
#6605=ORIENTED_EDGE('',*,*,#4784,.T.);
#6606=ORIENTED_EDGE('',*,*,#4735,.F.);
#6607=ORIENTED_EDGE('',*,*,#4724,.F.);
#6608=ORIENTED_EDGE('',*,*,#4701,.T.);
#6609=ORIENTED_EDGE('',*,*,#4706,.T.);
#6610=ORIENTED_EDGE('',*,*,#4715,.T.);
#6611=ORIENTED_EDGE('',*,*,#4696,.T.);
#6612=ORIENTED_EDGE('',*,*,#4690,.T.);
#6613=ORIENTED_EDGE('',*,*,#4681,.T.);
#6614=ORIENTED_EDGE('',*,*,#4686,.T.);
#6615=ORIENTED_EDGE('',*,*,#4694,.T.);
#6616=ORIENTED_EDGE('',*,*,#4717,.T.);
#6617=ORIENTED_EDGE('',*,*,#4602,.T.);
#6618=ORIENTED_EDGE('',*,*,#4597,.T.);
#6619=ORIENTED_EDGE('',*,*,#4590,.T.);
#6620=ORIENTED_EDGE('',*,*,#4600,.T.);
#6621=ORIENTED_EDGE('',*,*,#4720,.T.);
#6622=ORIENTED_EDGE('',*,*,#4722,.T.);
#6623=ORIENTED_EDGE('',*,*,#4639,.T.);
#6624=ORIENTED_EDGE('',*,*,#4629,.T.);
#6625=ORIENTED_EDGE('',*,*,#4625,.T.);
#6626=ORIENTED_EDGE('',*,*,#4637,.T.);
#6627=ORIENTED_EDGE('',*,*,#4643,.T.);
#6628=ORIENTED_EDGE('',*,*,#4659,.T.);
#6629=ORIENTED_EDGE('',*,*,#4651,.T.);
#6630=ORIENTED_EDGE('',*,*,#4647,.T.);
#6631=ORIENTED_EDGE('',*,*,#4657,.T.);
#6632=ORIENTED_EDGE('',*,*,#4661,.T.);
#6633=ORIENTED_EDGE('',*,*,#4619,.T.);
#6634=ORIENTED_EDGE('',*,*,#4611,.T.);
#6635=ORIENTED_EDGE('',*,*,#4607,.T.);
#6636=ORIENTED_EDGE('',*,*,#4617,.T.);
#6637=ORIENTED_EDGE('',*,*,#4623,.T.);
#6638=ORIENTED_EDGE('',*,*,#4674,.T.);
#6639=ORIENTED_EDGE('',*,*,#4665,.T.);
#6640=ORIENTED_EDGE('',*,*,#4670,.T.);
#6641=ORIENTED_EDGE('',*,*,#4677,.T.);
#6642=ORIENTED_EDGE('',*,*,#4713,.T.);
#6643=ORIENTED_EDGE('',*,*,#4710,.T.);
#6644=ORIENTED_EDGE('',*,*,#4785,.T.);
#6645=ORIENTED_EDGE('',*,*,#4786,.F.);
#6646=ORIENTED_EDGE('',*,*,#4787,.F.);
#6647=ORIENTED_EDGE('',*,*,#4781,.T.);
#6648=ORIENTED_EDGE('',*,*,#4757,.T.);
#6649=ORIENTED_EDGE('',*,*,#4788,.F.);
#6650=ORIENTED_EDGE('',*,*,#4381,.F.);
#6651=ORIENTED_EDGE('',*,*,#4786,.T.);
#6652=ORIENTED_EDGE('',*,*,#4789,.T.);
#6653=ORIENTED_EDGE('',*,*,#4788,.T.);
#6654=ORIENTED_EDGE('',*,*,#4790,.F.);
#6655=ORIENTED_EDGE('',*,*,#4755,.F.);
#6656=ORIENTED_EDGE('',*,*,#4780,.T.);
#6657=ORIENTED_EDGE('',*,*,#4791,.F.);
#6658=ORIENTED_EDGE('',*,*,#4756,.F.);
#6659=ORIENTED_EDGE('',*,*,#4790,.T.);
#6660=ORIENTED_EDGE('',*,*,#4789,.F.);
#6661=ORIENTED_EDGE('',*,*,#4785,.F.);
#6662=ORIENTED_EDGE('',*,*,#4787,.T.);
#6663=ORIENTED_EDGE('',*,*,#4380,.F.);
#6664=ORIENTED_EDGE('',*,*,#4792,.T.);
#6665=ORIENTED_EDGE('',*,*,#4782,.F.);
#6666=ORIENTED_EDGE('',*,*,#4791,.T.);
#6667=ORIENTED_EDGE('',*,*,#4779,.F.);
#6668=ORIENTED_EDGE('',*,*,#4793,.F.);
#6669=ORIENTED_EDGE('',*,*,#4382,.F.);
#6670=ORIENTED_EDGE('',*,*,#4794,.F.);
#6671=ORIENTED_EDGE('',*,*,#4776,.T.);
#6672=ORIENTED_EDGE('',*,*,#4795,.T.);
#6673=ORIENTED_EDGE('',*,*,#4796,.T.);
#6674=ORIENTED_EDGE('',*,*,#4796,.F.);
#6675=ORIENTED_EDGE('',*,*,#4797,.T.);
#6676=ORIENTED_EDGE('',*,*,#4798,.F.);
#6677=ORIENTED_EDGE('',*,*,#4799,.F.);
#6678=ORIENTED_EDGE('',*,*,#4799,.T.);
#6679=ORIENTED_EDGE('',*,*,#4800,.F.);
#6680=ORIENTED_EDGE('',*,*,#4801,.F.);
#6681=ORIENTED_EDGE('',*,*,#4777,.T.);
#6682=ORIENTED_EDGE('',*,*,#4794,.T.);
#6683=ORIENTED_EDGE('',*,*,#4802,.F.);
#6684=ORIENTED_EDGE('',*,*,#4384,.F.);
#6685=ORIENTED_EDGE('',*,*,#4800,.T.);
#6686=ORIENTED_EDGE('',*,*,#4798,.T.);
#6687=ORIENTED_EDGE('',*,*,#4802,.T.);
#6688=ORIENTED_EDGE('',*,*,#4797,.F.);
#6689=ORIENTED_EDGE('',*,*,#4795,.F.);
#6690=ORIENTED_EDGE('',*,*,#4775,.T.);
#6691=ORIENTED_EDGE('',*,*,#4803,.F.);
#6692=ORIENTED_EDGE('',*,*,#4801,.T.);
#6693=ORIENTED_EDGE('',*,*,#4383,.F.);
#6694=ORIENTED_EDGE('',*,*,#4793,.T.);
#6695=ORIENTED_EDGE('',*,*,#4778,.F.);
#6696=ORIENTED_EDGE('',*,*,#4803,.T.);
#6697=ORIENTED_EDGE('',*,*,#4774,.F.);
#6698=ORIENTED_EDGE('',*,*,#4751,.F.);
#6699=ORIENTED_EDGE('',*,*,#4385,.F.);
#6700=ORIENTED_EDGE('',*,*,#4804,.F.);
#6701=ORIENTED_EDGE('',*,*,#4772,.T.);
#6702=ORIENTED_EDGE('',*,*,#4805,.T.);
#6703=ORIENTED_EDGE('',*,*,#4806,.T.);
#6704=ORIENTED_EDGE('',*,*,#4806,.F.);
#6705=ORIENTED_EDGE('',*,*,#4807,.T.);
#6706=ORIENTED_EDGE('',*,*,#4808,.T.);
#6707=ORIENTED_EDGE('',*,*,#4809,.F.);
#6708=ORIENTED_EDGE('',*,*,#4810,.F.);
#6709=ORIENTED_EDGE('',*,*,#4811,.T.);
#6710=ORIENTED_EDGE('',*,*,#4807,.F.);
#6711=ORIENTED_EDGE('',*,*,#4805,.F.);
#6712=ORIENTED_EDGE('',*,*,#4771,.T.);
#6713=ORIENTED_EDGE('',*,*,#4812,.T.);
#6714=ORIENTED_EDGE('',*,*,#4808,.F.);
#6715=ORIENTED_EDGE('',*,*,#4811,.F.);
#6716=ORIENTED_EDGE('',*,*,#4389,.F.);
#6717=ORIENTED_EDGE('',*,*,#4812,.F.);
#6718=ORIENTED_EDGE('',*,*,#4754,.F.);
#6719=ORIENTED_EDGE('',*,*,#4773,.T.);
#6720=ORIENTED_EDGE('',*,*,#4804,.T.);
#6721=ORIENTED_EDGE('',*,*,#4809,.T.);
#6722=ORIENTED_EDGE('',*,*,#4810,.T.);
#6723=ORIENTED_EDGE('',*,*,#4770,.F.);
#6724=ORIENTED_EDGE('',*,*,#4813,.F.);
#6725=ORIENTED_EDGE('',*,*,#4390,.F.);
#6726=ORIENTED_EDGE('',*,*,#4814,.F.);
#6727=ORIENTED_EDGE('',*,*,#4762,.T.);
#6728=ORIENTED_EDGE('',*,*,#4815,.T.);
#6729=ORIENTED_EDGE('',*,*,#4816,.T.);
#6730=ORIENTED_EDGE('',*,*,#4816,.F.);
#6731=ORIENTED_EDGE('',*,*,#4817,.T.);
#6732=ORIENTED_EDGE('',*,*,#4818,.T.);
#6733=ORIENTED_EDGE('',*,*,#4819,.F.);
#6734=ORIENTED_EDGE('',*,*,#4820,.F.);
#6735=ORIENTED_EDGE('',*,*,#4821,.T.);
#6736=ORIENTED_EDGE('',*,*,#4817,.F.);
#6737=ORIENTED_EDGE('',*,*,#4815,.F.);
#6738=ORIENTED_EDGE('',*,*,#4761,.T.);
#6739=ORIENTED_EDGE('',*,*,#4822,.T.);
#6740=ORIENTED_EDGE('',*,*,#4818,.F.);
#6741=ORIENTED_EDGE('',*,*,#4821,.F.);
#6742=ORIENTED_EDGE('',*,*,#4373,.F.);
#6743=ORIENTED_EDGE('',*,*,#4822,.F.);
#6744=ORIENTED_EDGE('',*,*,#4823,.F.);
#6745=ORIENTED_EDGE('',*,*,#4763,.T.);
#6746=ORIENTED_EDGE('',*,*,#4814,.T.);
#6747=ORIENTED_EDGE('',*,*,#4819,.T.);
#6748=ORIENTED_EDGE('',*,*,#4820,.T.);
#6749=ORIENTED_EDGE('',*,*,#4760,.F.);
#6750=ORIENTED_EDGE('',*,*,#4824,.F.);
#6751=ORIENTED_EDGE('',*,*,#4374,.F.);
#6752=ORIENTED_EDGE('',*,*,#4823,.T.);
#6753=ORIENTED_EDGE('',*,*,#4372,.F.);
#6754=ORIENTED_EDGE('',*,*,#4825,.T.);
#6755=ORIENTED_EDGE('',*,*,#4764,.F.);
#6756=ORIENTED_EDGE('',*,*,#4826,.F.);
#6757=ORIENTED_EDGE('',*,*,#4767,.T.);
#6758=ORIENTED_EDGE('',*,*,#4827,.T.);
#6759=ORIENTED_EDGE('',*,*,#4828,.T.);
#6760=ORIENTED_EDGE('',*,*,#4828,.F.);
#6761=ORIENTED_EDGE('',*,*,#4829,.T.);
#6762=ORIENTED_EDGE('',*,*,#4830,.T.);
#6763=ORIENTED_EDGE('',*,*,#4831,.F.);
#6764=ORIENTED_EDGE('',*,*,#4832,.F.);
#6765=ORIENTED_EDGE('',*,*,#4833,.T.);
#6766=ORIENTED_EDGE('',*,*,#4829,.F.);
#6767=ORIENTED_EDGE('',*,*,#4827,.F.);
#6768=ORIENTED_EDGE('',*,*,#4766,.T.);
#6769=ORIENTED_EDGE('',*,*,#4834,.T.);
#6770=ORIENTED_EDGE('',*,*,#4830,.F.);
#6771=ORIENTED_EDGE('',*,*,#4833,.F.);
#6772=ORIENTED_EDGE('',*,*,#4392,.F.);
#6773=ORIENTED_EDGE('',*,*,#4834,.F.);
#6774=ORIENTED_EDGE('',*,*,#4835,.F.);
#6775=ORIENTED_EDGE('',*,*,#4768,.T.);
#6776=ORIENTED_EDGE('',*,*,#4826,.T.);
#6777=ORIENTED_EDGE('',*,*,#4831,.T.);
#6778=ORIENTED_EDGE('',*,*,#4835,.T.);
#6779=ORIENTED_EDGE('',*,*,#4391,.F.);
#6780=ORIENTED_EDGE('',*,*,#4813,.T.);
#6781=ORIENTED_EDGE('',*,*,#4769,.F.);
#6782=ORIENTED_EDGE('',*,*,#4832,.T.);
#6783=ORIENTED_EDGE('',*,*,#4765,.F.);
#6784=ORIENTED_EDGE('',*,*,#4825,.F.);
#6785=ORIENTED_EDGE('',*,*,#4393,.F.);
#6786=ORIENTED_EDGE('',*,*,#4375,.F.);
#6787=ORIENTED_EDGE('',*,*,#4824,.T.);
#6788=ORIENTED_EDGE('',*,*,#4759,.F.);
#6789=ORIENTED_EDGE('',*,*,#4736,.F.);
#6790=ORIENTED_EDGE('',*,*,#4734,.T.);
#6791=ORIENTED_EDGE('',*,*,#4784,.F.);
#6792=ORIENTED_EDGE('',*,*,#4836,.F.);
#6793=ORIENTED_EDGE('',*,*,#4378,.F.);
#6794=ORIENTED_EDGE('',*,*,#4379,.F.);
#6795=ORIENTED_EDGE('',*,*,#4836,.T.);
#6796=ORIENTED_EDGE('',*,*,#4783,.F.);
#6797=ORIENTED_EDGE('',*,*,#4792,.F.);
#6798=ORIENTED_EDGE('',*,*,#4253,.F.);
#6799=ORIENTED_EDGE('',*,*,#4397,.F.);
#6800=ORIENTED_EDGE('',*,*,#4367,.T.);
#6801=ORIENTED_EDGE('',*,*,#4395,.F.);
#6802=ORIENTED_EDGE('',*,*,#4837,.F.);
#6803=ORIENTED_EDGE('',*,*,#4838,.T.);
#6804=ORIENTED_EDGE('',*,*,#4839,.F.);
#6805=ORIENTED_EDGE('',*,*,#4840,.F.);
#6806=ORIENTED_EDGE('',*,*,#4841,.T.);
#6807=ORIENTED_EDGE('',*,*,#4842,.T.);
#6808=ORIENTED_EDGE('',*,*,#4843,.F.);
#6809=ORIENTED_EDGE('',*,*,#4844,.F.);
#6810=ORIENTED_EDGE('',*,*,#4845,.T.);
#6811=ORIENTED_EDGE('',*,*,#4844,.T.);
#6812=ORIENTED_EDGE('',*,*,#4846,.F.);
#6813=ORIENTED_EDGE('',*,*,#4847,.F.);
#6814=ORIENTED_EDGE('',*,*,#4848,.T.);
#6815=ORIENTED_EDGE('',*,*,#4847,.T.);
#6816=ORIENTED_EDGE('',*,*,#4849,.F.);
#6817=ORIENTED_EDGE('',*,*,#4850,.F.);
#6818=ORIENTED_EDGE('',*,*,#4851,.T.);
#6819=ORIENTED_EDGE('',*,*,#4850,.T.);
#6820=ORIENTED_EDGE('',*,*,#4852,.F.);
#6821=ORIENTED_EDGE('',*,*,#4853,.F.);
#6822=ORIENTED_EDGE('',*,*,#4854,.T.);
#6823=ORIENTED_EDGE('',*,*,#4853,.T.);
#6824=ORIENTED_EDGE('',*,*,#4855,.F.);
#6825=ORIENTED_EDGE('',*,*,#4856,.F.);
#6826=ORIENTED_EDGE('',*,*,#4857,.T.);
#6827=ORIENTED_EDGE('',*,*,#4856,.T.);
#6828=ORIENTED_EDGE('',*,*,#4858,.F.);
#6829=ORIENTED_EDGE('',*,*,#4859,.F.);
#6830=ORIENTED_EDGE('',*,*,#4860,.T.);
#6831=ORIENTED_EDGE('',*,*,#4859,.T.);
#6832=ORIENTED_EDGE('',*,*,#4861,.F.);
#6833=ORIENTED_EDGE('',*,*,#4862,.F.);
#6834=ORIENTED_EDGE('',*,*,#4863,.T.);
#6835=ORIENTED_EDGE('',*,*,#4862,.T.);
#6836=ORIENTED_EDGE('',*,*,#4864,.F.);
#6837=ORIENTED_EDGE('',*,*,#4842,.F.);
#6838=ORIENTED_EDGE('',*,*,#4865,.F.);
#6839=ORIENTED_EDGE('',*,*,#4866,.T.);
#6840=ORIENTED_EDGE('',*,*,#4867,.F.);
#6841=ORIENTED_EDGE('',*,*,#4868,.F.);
#6842=ORIENTED_EDGE('',*,*,#4869,.F.);
#6843=ORIENTED_EDGE('',*,*,#4870,.T.);
#6844=ORIENTED_EDGE('',*,*,#4871,.F.);
#6845=ORIENTED_EDGE('',*,*,#4872,.F.);
#6846=ORIENTED_EDGE('',*,*,#4873,.F.);
#6847=ORIENTED_EDGE('',*,*,#4874,.T.);
#6848=ORIENTED_EDGE('',*,*,#4875,.F.);
#6849=ORIENTED_EDGE('',*,*,#4876,.F.);
#6850=ORIENTED_EDGE('',*,*,#4839,.T.);
#6851=ORIENTED_EDGE('',*,*,#4877,.T.);
#6852=ORIENTED_EDGE('',*,*,#4875,.T.);
#6853=ORIENTED_EDGE('',*,*,#4878,.T.);
#6854=ORIENTED_EDGE('',*,*,#4871,.T.);
#6855=ORIENTED_EDGE('',*,*,#4879,.T.);
#6856=ORIENTED_EDGE('',*,*,#4867,.T.);
#6857=ORIENTED_EDGE('',*,*,#4880,.T.);
#6858=ORIENTED_EDGE('',*,*,#4864,.T.);
#6859=ORIENTED_EDGE('',*,*,#4861,.T.);
#6860=ORIENTED_EDGE('',*,*,#4858,.T.);
#6861=ORIENTED_EDGE('',*,*,#4855,.T.);
#6862=ORIENTED_EDGE('',*,*,#4852,.T.);
#6863=ORIENTED_EDGE('',*,*,#4849,.T.);
#6864=ORIENTED_EDGE('',*,*,#4846,.T.);
#6865=ORIENTED_EDGE('',*,*,#4843,.T.);
#6866=ORIENTED_EDGE('',*,*,#4881,.T.);
#6867=ORIENTED_EDGE('',*,*,#4873,.T.);
#6868=ORIENTED_EDGE('',*,*,#4882,.T.);
#6869=ORIENTED_EDGE('',*,*,#4883,.F.);
#6870=ORIENTED_EDGE('',*,*,#4884,.T.);
#6871=ORIENTED_EDGE('',*,*,#4885,.F.);
#6872=ORIENTED_EDGE('',*,*,#4872,.T.);
#6873=ORIENTED_EDGE('',*,*,#4878,.F.);
#6874=ORIENTED_EDGE('',*,*,#4874,.F.);
#6875=ORIENTED_EDGE('',*,*,#4881,.F.);
#6876=ORIENTED_EDGE('',*,*,#4886,.F.);
#6877=ORIENTED_EDGE('',*,*,#4887,.T.);
#6878=ORIENTED_EDGE('',*,*,#4869,.T.);
#6879=ORIENTED_EDGE('',*,*,#4885,.T.);
#6880=ORIENTED_EDGE('',*,*,#4888,.F.);
#6881=ORIENTED_EDGE('',*,*,#4889,.T.);
#6882=ORIENTED_EDGE('',*,*,#4890,.F.);
#6883=ORIENTED_EDGE('',*,*,#4868,.T.);
#6884=ORIENTED_EDGE('',*,*,#4879,.F.);
#6885=ORIENTED_EDGE('',*,*,#4870,.F.);
#6886=ORIENTED_EDGE('',*,*,#4887,.F.);
#6887=ORIENTED_EDGE('',*,*,#4884,.F.);
#6888=ORIENTED_EDGE('',*,*,#4891,.T.);
#6889=ORIENTED_EDGE('',*,*,#4865,.T.);
#6890=ORIENTED_EDGE('',*,*,#4890,.T.);
#6891=ORIENTED_EDGE('',*,*,#4892,.F.);
#6892=ORIENTED_EDGE('',*,*,#4886,.T.);
#6893=ORIENTED_EDGE('',*,*,#4882,.F.);
#6894=ORIENTED_EDGE('',*,*,#4876,.T.);
#6895=ORIENTED_EDGE('',*,*,#4877,.F.);
#6896=ORIENTED_EDGE('',*,*,#4838,.F.);
#6897=ORIENTED_EDGE('',*,*,#4893,.F.);
#6898=ORIENTED_EDGE('',*,*,#4894,.F.);
#6899=ORIENTED_EDGE('',*,*,#4895,.F.);
#6900=ORIENTED_EDGE('',*,*,#4894,.T.);
#6901=ORIENTED_EDGE('',*,*,#4896,.F.);
#6902=ORIENTED_EDGE('',*,*,#4840,.T.);
#6903=ORIENTED_EDGE('',*,*,#4880,.F.);
#6904=ORIENTED_EDGE('',*,*,#4866,.F.);
#6905=ORIENTED_EDGE('',*,*,#4891,.F.);
#6906=ORIENTED_EDGE('',*,*,#4889,.F.);
#6907=ORIENTED_EDGE('',*,*,#4896,.T.);
#6908=ORIENTED_EDGE('',*,*,#4893,.T.);
#6909=ORIENTED_EDGE('',*,*,#4837,.T.);
#6910=ORIENTED_EDGE('',*,*,#4895,.T.);
#6911=ORIENTED_EDGE('',*,*,#4888,.T.);
#6912=ORIENTED_EDGE('',*,*,#4883,.T.);
#6913=ORIENTED_EDGE('',*,*,#4892,.T.);
#6914=ORIENTED_EDGE('',*,*,#4863,.F.);
#6915=ORIENTED_EDGE('',*,*,#4841,.F.);
#6916=ORIENTED_EDGE('',*,*,#4845,.F.);
#6917=ORIENTED_EDGE('',*,*,#4848,.F.);
#6918=ORIENTED_EDGE('',*,*,#4851,.F.);
#6919=ORIENTED_EDGE('',*,*,#4854,.F.);
#6920=ORIENTED_EDGE('',*,*,#4857,.F.);
#6921=ORIENTED_EDGE('',*,*,#4860,.F.);
#6922=ORIENTED_EDGE('',*,*,#4897,.F.);
#6923=ORIENTED_EDGE('',*,*,#4898,.T.);
#6924=ORIENTED_EDGE('',*,*,#4899,.T.);
#6925=ORIENTED_EDGE('',*,*,#4900,.T.);
#6926=ORIENTED_EDGE('',*,*,#4901,.F.);
#6927=ORIENTED_EDGE('',*,*,#4902,.T.);
#6928=ORIENTED_EDGE('',*,*,#4903,.T.);
#6929=ORIENTED_EDGE('',*,*,#4904,.T.);
#6930=ORIENTED_EDGE('',*,*,#4897,.T.);
#6931=ORIENTED_EDGE('',*,*,#4905,.T.);
#6932=ORIENTED_EDGE('',*,*,#4901,.T.);
#6933=ORIENTED_EDGE('',*,*,#4906,.T.);
#6934=ORIENTED_EDGE('',*,*,#4907,.F.);
#6935=ORIENTED_EDGE('',*,*,#4908,.T.);
#6936=ORIENTED_EDGE('',*,*,#4909,.T.);
#6937=ORIENTED_EDGE('',*,*,#4908,.F.);
#6938=ORIENTED_EDGE('',*,*,#4909,.F.);
#6939=ORIENTED_EDGE('',*,*,#4910,.F.);
#6940=ORIENTED_EDGE('',*,*,#4911,.F.);
#6941=ORIENTED_EDGE('',*,*,#4912,.T.);
#6942=ORIENTED_EDGE('',*,*,#4913,.T.);
#6943=ORIENTED_EDGE('',*,*,#4912,.F.);
#6944=ORIENTED_EDGE('',*,*,#4913,.F.);
#6945=ORIENTED_EDGE('',*,*,#4914,.F.);
#6946=ORIENTED_EDGE('',*,*,#4910,.T.);
#6947=ORIENTED_EDGE('',*,*,#4915,.T.);
#6948=ORIENTED_EDGE('',*,*,#4916,.F.);
#6949=ORIENTED_EDGE('',*,*,#4915,.F.);
#6950=ORIENTED_EDGE('',*,*,#4914,.T.);
#6951=ORIENTED_EDGE('',*,*,#4917,.T.);
#6952=ORIENTED_EDGE('',*,*,#4918,.F.);
#6953=ORIENTED_EDGE('',*,*,#4917,.F.);
#6954=ORIENTED_EDGE('',*,*,#4919,.F.);
#6955=ORIENTED_EDGE('',*,*,#4902,.F.);
#6956=ORIENTED_EDGE('',*,*,#4905,.F.);
#6957=ORIENTED_EDGE('',*,*,#4900,.F.);
#6958=ORIENTED_EDGE('',*,*,#4920,.F.);
#6959=ORIENTED_EDGE('',*,*,#4921,.T.);
#6960=ORIENTED_EDGE('',*,*,#4922,.T.);
#6961=ORIENTED_EDGE('',*,*,#4923,.T.);
#6962=ORIENTED_EDGE('',*,*,#4924,.T.);
#6963=ORIENTED_EDGE('',*,*,#4925,.F.);
#6964=ORIENTED_EDGE('',*,*,#4926,.T.);
#6965=ORIENTED_EDGE('',*,*,#4922,.F.);
#6966=ORIENTED_EDGE('',*,*,#4927,.F.);
#6967=ORIENTED_EDGE('',*,*,#4907,.T.);
#6968=ORIENTED_EDGE('',*,*,#4911,.T.);
#6969=ORIENTED_EDGE('',*,*,#4924,.F.);
#6970=ORIENTED_EDGE('',*,*,#4928,.T.);
#6971=ORIENTED_EDGE('',*,*,#4929,.F.);
#6972=ORIENTED_EDGE('',*,*,#4928,.F.);
#6973=ORIENTED_EDGE('',*,*,#4930,.F.);
#6974=ORIENTED_EDGE('',*,*,#4931,.F.);
#6975=ORIENTED_EDGE('',*,*,#4927,.T.);
#6976=ORIENTED_EDGE('',*,*,#4921,.F.);
#6977=ORIENTED_EDGE('',*,*,#4932,.F.);
#6978=ORIENTED_EDGE('',*,*,#4933,.T.);
#6979=ORIENTED_EDGE('',*,*,#4925,.T.);
#6980=ORIENTED_EDGE('',*,*,#4931,.T.);
#6981=ORIENTED_EDGE('',*,*,#4934,.F.);
#6982=ORIENTED_EDGE('',*,*,#4898,.F.);
#6983=ORIENTED_EDGE('',*,*,#4906,.F.);
#6984=ORIENTED_EDGE('',*,*,#4904,.F.);
#6985=ORIENTED_EDGE('',*,*,#4929,.T.);
#6986=ORIENTED_EDGE('',*,*,#4935,.F.);
#6987=ORIENTED_EDGE('',*,*,#4923,.F.);
#6988=ORIENTED_EDGE('',*,*,#4926,.F.);
#6989=ORIENTED_EDGE('',*,*,#4933,.F.);
#6990=ORIENTED_EDGE('',*,*,#4935,.T.);
#6991=ORIENTED_EDGE('',*,*,#4932,.T.);
#6992=ORIENTED_EDGE('',*,*,#4903,.F.);
#6993=ORIENTED_EDGE('',*,*,#4919,.T.);
#6994=ORIENTED_EDGE('',*,*,#4918,.T.);
#6995=ORIENTED_EDGE('',*,*,#4930,.T.);
#6996=ORIENTED_EDGE('',*,*,#4920,.T.);
#6997=ORIENTED_EDGE('',*,*,#4899,.F.);
#6998=ORIENTED_EDGE('',*,*,#4934,.T.);
#6999=ORIENTED_EDGE('',*,*,#4916,.T.);
#7000=ORIENTED_EDGE('',*,*,#4936,.F.);
#7001=ORIENTED_EDGE('',*,*,#4937,.T.);
#7002=ORIENTED_EDGE('',*,*,#4938,.T.);
#7003=ORIENTED_EDGE('',*,*,#4939,.T.);
#7004=ORIENTED_EDGE('',*,*,#4940,.F.);
#7005=ORIENTED_EDGE('',*,*,#4941,.T.);
#7006=ORIENTED_EDGE('',*,*,#4942,.T.);
#7007=ORIENTED_EDGE('',*,*,#4943,.T.);
#7008=ORIENTED_EDGE('',*,*,#4936,.T.);
#7009=ORIENTED_EDGE('',*,*,#4944,.T.);
#7010=ORIENTED_EDGE('',*,*,#4940,.T.);
#7011=ORIENTED_EDGE('',*,*,#4945,.T.);
#7012=ORIENTED_EDGE('',*,*,#4946,.F.);
#7013=ORIENTED_EDGE('',*,*,#4947,.T.);
#7014=ORIENTED_EDGE('',*,*,#4948,.F.);
#7015=ORIENTED_EDGE('',*,*,#4947,.F.);
#7016=ORIENTED_EDGE('',*,*,#4949,.F.);
#7017=ORIENTED_EDGE('',*,*,#4950,.T.);
#7018=ORIENTED_EDGE('',*,*,#4951,.F.);
#7019=ORIENTED_EDGE('',*,*,#4950,.F.);
#7020=ORIENTED_EDGE('',*,*,#4952,.F.);
#7021=ORIENTED_EDGE('',*,*,#4953,.T.);
#7022=ORIENTED_EDGE('',*,*,#4942,.F.);
#7023=ORIENTED_EDGE('',*,*,#4954,.F.);
#7024=ORIENTED_EDGE('',*,*,#4949,.T.);
#7025=ORIENTED_EDGE('',*,*,#4955,.F.);
#7026=ORIENTED_EDGE('',*,*,#4956,.T.);
#7027=ORIENTED_EDGE('',*,*,#4938,.F.);
#7028=ORIENTED_EDGE('',*,*,#4957,.F.);
#7029=ORIENTED_EDGE('',*,*,#4946,.T.);
#7030=ORIENTED_EDGE('',*,*,#4953,.F.);
#7031=ORIENTED_EDGE('',*,*,#4958,.T.);
#7032=ORIENTED_EDGE('',*,*,#4959,.T.);
#7033=ORIENTED_EDGE('',*,*,#4960,.T.);
#7034=ORIENTED_EDGE('',*,*,#4957,.T.);
#7035=ORIENTED_EDGE('',*,*,#4937,.F.);
#7036=ORIENTED_EDGE('',*,*,#4945,.F.);
#7037=ORIENTED_EDGE('',*,*,#4943,.F.);
#7038=ORIENTED_EDGE('',*,*,#4961,.T.);
#7039=ORIENTED_EDGE('',*,*,#4961,.F.);
#7040=ORIENTED_EDGE('',*,*,#4962,.T.);
#7041=ORIENTED_EDGE('',*,*,#4963,.F.);
#7042=ORIENTED_EDGE('',*,*,#4962,.F.);
#7043=ORIENTED_EDGE('',*,*,#4952,.T.);
#7044=ORIENTED_EDGE('',*,*,#4964,.F.);
#7045=ORIENTED_EDGE('',*,*,#4965,.T.);
#7046=ORIENTED_EDGE('',*,*,#4958,.F.);
#7047=ORIENTED_EDGE('',*,*,#4955,.T.);
#7048=ORIENTED_EDGE('',*,*,#4960,.F.);
#7049=ORIENTED_EDGE('',*,*,#4966,.F.);
#7050=ORIENTED_EDGE('',*,*,#4967,.F.);
#7051=ORIENTED_EDGE('',*,*,#4968,.T.);
#7052=ORIENTED_EDGE('',*,*,#4966,.T.);
#7053=ORIENTED_EDGE('',*,*,#4959,.F.);
#7054=ORIENTED_EDGE('',*,*,#4965,.F.);
#7055=ORIENTED_EDGE('',*,*,#4948,.T.);
#7056=ORIENTED_EDGE('',*,*,#4951,.T.);
#7057=ORIENTED_EDGE('',*,*,#4956,.F.);
#7058=ORIENTED_EDGE('',*,*,#4967,.T.);
#7059=ORIENTED_EDGE('',*,*,#4968,.F.);
#7060=ORIENTED_EDGE('',*,*,#4964,.T.);
#7061=ORIENTED_EDGE('',*,*,#4954,.T.);
#7062=ORIENTED_EDGE('',*,*,#4941,.F.);
#7063=ORIENTED_EDGE('',*,*,#4944,.F.);
#7064=ORIENTED_EDGE('',*,*,#4939,.F.);
#7065=ORIENTED_EDGE('',*,*,#4963,.T.);
#7066=ORIENTED_EDGE('',*,*,#4969,.F.);
#7067=ORIENTED_EDGE('',*,*,#4970,.T.);
#7068=ORIENTED_EDGE('',*,*,#4971,.T.);
#7069=ORIENTED_EDGE('',*,*,#4972,.T.);
#7070=ORIENTED_EDGE('',*,*,#4973,.T.);
#7071=ORIENTED_EDGE('',*,*,#4974,.T.);
#7072=ORIENTED_EDGE('',*,*,#4975,.T.);
#7073=ORIENTED_EDGE('',*,*,#4976,.T.);
#7074=ORIENTED_EDGE('',*,*,#4971,.F.);
#7075=ORIENTED_EDGE('',*,*,#4977,.T.);
#7076=ORIENTED_EDGE('',*,*,#4978,.F.);
#7077=ORIENTED_EDGE('',*,*,#4979,.T.);
#7078=ORIENTED_EDGE('',*,*,#4980,.T.);
#7079=ORIENTED_EDGE('',*,*,#4981,.T.);
#7080=ORIENTED_EDGE('',*,*,#4975,.F.);
#7081=ORIENTED_EDGE('',*,*,#4982,.T.);
#7082=ORIENTED_EDGE('',*,*,#4983,.T.);
#7083=ORIENTED_EDGE('',*,*,#4984,.T.);
#7084=ORIENTED_EDGE('',*,*,#4980,.F.);
#7085=ORIENTED_EDGE('',*,*,#4985,.T.);
#7086=ORIENTED_EDGE('',*,*,#4986,.F.);
#7087=ORIENTED_EDGE('',*,*,#4987,.T.);
#7088=ORIENTED_EDGE('',*,*,#4988,.T.);
#7089=ORIENTED_EDGE('',*,*,#4989,.T.);
#7090=ORIENTED_EDGE('',*,*,#4983,.F.);
#7091=ORIENTED_EDGE('',*,*,#4990,.T.);
#7092=ORIENTED_EDGE('',*,*,#4991,.T.);
#7093=ORIENTED_EDGE('',*,*,#4992,.T.);
#7094=ORIENTED_EDGE('',*,*,#4988,.F.);
#7095=ORIENTED_EDGE('',*,*,#4993,.T.);
#7096=ORIENTED_EDGE('',*,*,#4994,.F.);
#7097=ORIENTED_EDGE('',*,*,#4995,.T.);
#7098=ORIENTED_EDGE('',*,*,#4996,.T.);
#7099=ORIENTED_EDGE('',*,*,#4997,.T.);
#7100=ORIENTED_EDGE('',*,*,#4991,.F.);
#7101=ORIENTED_EDGE('',*,*,#4998,.T.);
#7102=ORIENTED_EDGE('',*,*,#4996,.F.);
#7103=ORIENTED_EDGE('',*,*,#4999,.T.);
#7104=ORIENTED_EDGE('',*,*,#4973,.F.);
#7105=ORIENTED_EDGE('',*,*,#5000,.T.);
#7106=ORIENTED_EDGE('',*,*,#4982,.F.);
#7107=ORIENTED_EDGE('',*,*,#4977,.F.);
#7108=ORIENTED_EDGE('',*,*,#4970,.F.);
#7109=ORIENTED_EDGE('',*,*,#5001,.F.);
#7110=ORIENTED_EDGE('',*,*,#4990,.F.);
#7111=ORIENTED_EDGE('',*,*,#4985,.F.);
#7112=ORIENTED_EDGE('',*,*,#4979,.F.);
#7113=ORIENTED_EDGE('',*,*,#5002,.F.);
#7114=ORIENTED_EDGE('',*,*,#4995,.F.);
#7115=ORIENTED_EDGE('',*,*,#5003,.F.);
#7116=ORIENTED_EDGE('',*,*,#5004,.F.);
#7117=ORIENTED_EDGE('',*,*,#4974,.F.);
#7118=ORIENTED_EDGE('',*,*,#4999,.F.);
#7119=ORIENTED_EDGE('',*,*,#4992,.F.);
#7120=ORIENTED_EDGE('',*,*,#5005,.F.);
#7121=ORIENTED_EDGE('',*,*,#5006,.F.);
#7122=ORIENTED_EDGE('',*,*,#5007,.F.);
#7123=ORIENTED_EDGE('',*,*,#4997,.F.);
#7124=ORIENTED_EDGE('',*,*,#5008,.T.);
#7125=ORIENTED_EDGE('',*,*,#5009,.T.);
#7126=ORIENTED_EDGE('',*,*,#5005,.T.);
#7127=ORIENTED_EDGE('',*,*,#5000,.F.);
#7128=ORIENTED_EDGE('',*,*,#5010,.F.);
#7129=ORIENTED_EDGE('',*,*,#5011,.F.);
#7130=ORIENTED_EDGE('',*,*,#5008,.F.);
#7131=ORIENTED_EDGE('',*,*,#4972,.F.);
#7132=ORIENTED_EDGE('',*,*,#5012,.T.);
#7133=ORIENTED_EDGE('',*,*,#5013,.T.);
#7134=ORIENTED_EDGE('',*,*,#5010,.T.);
#7135=ORIENTED_EDGE('',*,*,#5014,.T.);
#7136=ORIENTED_EDGE('',*,*,#5015,.T.);
#7137=ORIENTED_EDGE('',*,*,#5016,.T.);
#7138=ORIENTED_EDGE('',*,*,#5017,.T.);
#7139=ORIENTED_EDGE('',*,*,#4987,.F.);
#7140=ORIENTED_EDGE('',*,*,#5018,.F.);
#7141=ORIENTED_EDGE('',*,*,#4998,.F.);
#7142=ORIENTED_EDGE('',*,*,#4993,.F.);
#7143=ORIENTED_EDGE('',*,*,#5019,.T.);
#7144=ORIENTED_EDGE('',*,*,#5020,.T.);
#7145=ORIENTED_EDGE('',*,*,#5021,.T.);
#7146=ORIENTED_EDGE('',*,*,#5022,.T.);
#7147=ORIENTED_EDGE('',*,*,#5020,.F.);
#7148=ORIENTED_EDGE('',*,*,#5019,.F.);
#7149=ORIENTED_EDGE('',*,*,#5023,.F.);
#7150=ORIENTED_EDGE('',*,*,#5022,.F.);
#7151=ORIENTED_EDGE('',*,*,#5024,.T.);
#7152=ORIENTED_EDGE('',*,*,#5003,.T.);
#7153=ORIENTED_EDGE('',*,*,#4994,.T.);
#7154=ORIENTED_EDGE('',*,*,#5018,.T.);
#7155=ORIENTED_EDGE('',*,*,#4986,.T.);
#7156=ORIENTED_EDGE('',*,*,#5002,.T.);
#7157=ORIENTED_EDGE('',*,*,#4978,.T.);
#7158=ORIENTED_EDGE('',*,*,#5001,.T.);
#7159=ORIENTED_EDGE('',*,*,#4969,.T.);
#7160=ORIENTED_EDGE('',*,*,#5004,.T.);
#7161=ORIENTED_EDGE('',*,*,#5024,.F.);
#7162=ORIENTED_EDGE('',*,*,#5021,.F.);
#7163=ORIENTED_EDGE('',*,*,#5023,.T.);
#7164=ORIENTED_EDGE('',*,*,#5025,.T.);
#7165=ORIENTED_EDGE('',*,*,#5026,.T.);
#7166=ORIENTED_EDGE('',*,*,#5025,.F.);
#7167=ORIENTED_EDGE('',*,*,#5026,.F.);
#7168=ORIENTED_EDGE('',*,*,#4989,.F.);
#7169=ORIENTED_EDGE('',*,*,#5007,.T.);
#7170=ORIENTED_EDGE('',*,*,#5027,.T.);
#7171=ORIENTED_EDGE('',*,*,#5028,.T.);
#7172=ORIENTED_EDGE('',*,*,#4984,.F.);
#7173=ORIENTED_EDGE('',*,*,#5028,.F.);
#7174=ORIENTED_EDGE('',*,*,#5029,.F.);
#7175=ORIENTED_EDGE('',*,*,#5030,.F.);
#7176=ORIENTED_EDGE('',*,*,#5027,.F.);
#7177=ORIENTED_EDGE('',*,*,#5006,.T.);
#7178=ORIENTED_EDGE('',*,*,#5009,.F.);
#7179=ORIENTED_EDGE('',*,*,#5011,.T.);
#7180=ORIENTED_EDGE('',*,*,#5013,.F.);
#7181=ORIENTED_EDGE('',*,*,#5031,.T.);
#7182=ORIENTED_EDGE('',*,*,#5032,.F.);
#7183=ORIENTED_EDGE('',*,*,#5029,.T.);
#7184=ORIENTED_EDGE('',*,*,#5033,.F.);
#7185=ORIENTED_EDGE('',*,*,#5034,.F.);
#7186=ORIENTED_EDGE('',*,*,#5035,.F.);
#7187=ORIENTED_EDGE('',*,*,#5036,.F.);
#7188=ORIENTED_EDGE('',*,*,#4981,.F.);
#7189=ORIENTED_EDGE('',*,*,#5030,.T.);
#7190=ORIENTED_EDGE('',*,*,#5032,.T.);
#7191=ORIENTED_EDGE('',*,*,#5037,.T.);
#7192=ORIENTED_EDGE('',*,*,#5034,.T.);
#7193=ORIENTED_EDGE('',*,*,#5038,.T.);
#7194=ORIENTED_EDGE('',*,*,#5014,.F.);
#7195=ORIENTED_EDGE('',*,*,#5039,.F.);
#7196=ORIENTED_EDGE('',*,*,#5035,.T.);
#7197=ORIENTED_EDGE('',*,*,#5039,.T.);
#7198=ORIENTED_EDGE('',*,*,#5017,.F.);
#7199=ORIENTED_EDGE('',*,*,#5040,.F.);
#7200=ORIENTED_EDGE('',*,*,#5036,.T.);
#7201=ORIENTED_EDGE('',*,*,#5040,.T.);
#7202=ORIENTED_EDGE('',*,*,#5016,.F.);
#7203=ORIENTED_EDGE('',*,*,#5041,.F.);
#7204=ORIENTED_EDGE('',*,*,#5033,.T.);
#7205=ORIENTED_EDGE('',*,*,#5041,.T.);
#7206=ORIENTED_EDGE('',*,*,#5015,.F.);
#7207=ORIENTED_EDGE('',*,*,#5038,.F.);
#7208=ORIENTED_EDGE('',*,*,#4976,.F.);
#7209=ORIENTED_EDGE('',*,*,#5037,.F.);
#7210=ORIENTED_EDGE('',*,*,#5031,.F.);
#7211=ORIENTED_EDGE('',*,*,#5012,.F.);
#7212=ORIENTED_EDGE('',*,*,#5042,.F.);
#7213=ORIENTED_EDGE('',*,*,#5043,.T.);
#7214=ORIENTED_EDGE('',*,*,#5044,.T.);
#7215=ORIENTED_EDGE('',*,*,#5043,.F.);
#7216=ORIENTED_EDGE('',*,*,#5045,.F.);
#7217=ORIENTED_EDGE('',*,*,#5046,.T.);
#7218=ORIENTED_EDGE('',*,*,#5047,.T.);
#7219=ORIENTED_EDGE('',*,*,#5046,.F.);
#7220=ORIENTED_EDGE('',*,*,#5045,.T.);
#7221=ORIENTED_EDGE('',*,*,#5042,.T.);
#7222=ORIENTED_EDGE('',*,*,#5047,.F.);
#7223=ORIENTED_EDGE('',*,*,#5044,.F.);
#7224=ORIENTED_EDGE('',*,*,#5048,.T.);
#7225=ORIENTED_EDGE('',*,*,#5049,.T.);
#7226=ORIENTED_EDGE('',*,*,#5050,.F.);
#7227=ORIENTED_EDGE('',*,*,#5051,.F.);
#7228=ORIENTED_EDGE('',*,*,#5052,.T.);
#7229=ORIENTED_EDGE('',*,*,#5051,.T.);
#7230=ORIENTED_EDGE('',*,*,#5053,.F.);
#7231=ORIENTED_EDGE('',*,*,#5054,.F.);
#7232=ORIENTED_EDGE('',*,*,#5055,.T.);
#7233=ORIENTED_EDGE('',*,*,#5054,.T.);
#7234=ORIENTED_EDGE('',*,*,#5056,.F.);
#7235=ORIENTED_EDGE('',*,*,#5057,.F.);
#7236=ORIENTED_EDGE('',*,*,#5058,.T.);
#7237=ORIENTED_EDGE('',*,*,#5057,.T.);
#7238=ORIENTED_EDGE('',*,*,#5059,.F.);
#7239=ORIENTED_EDGE('',*,*,#5049,.F.);
#7240=ORIENTED_EDGE('',*,*,#5060,.F.);
#7241=ORIENTED_EDGE('',*,*,#5061,.T.);
#7242=ORIENTED_EDGE('',*,*,#5062,.F.);
#7243=ORIENTED_EDGE('',*,*,#5063,.F.);
#7244=ORIENTED_EDGE('',*,*,#5064,.F.);
#7245=ORIENTED_EDGE('',*,*,#5063,.T.);
#7246=ORIENTED_EDGE('',*,*,#5065,.F.);
#7247=ORIENTED_EDGE('',*,*,#5066,.F.);
#7248=ORIENTED_EDGE('',*,*,#5067,.F.);
#7249=ORIENTED_EDGE('',*,*,#5066,.T.);
#7250=ORIENTED_EDGE('',*,*,#5068,.F.);
#7251=ORIENTED_EDGE('',*,*,#5069,.F.);
#7252=ORIENTED_EDGE('',*,*,#5070,.F.);
#7253=ORIENTED_EDGE('',*,*,#5069,.T.);
#7254=ORIENTED_EDGE('',*,*,#5071,.F.);
#7255=ORIENTED_EDGE('',*,*,#5061,.F.);
#7256=ORIENTED_EDGE('',*,*,#5071,.T.);
#7257=ORIENTED_EDGE('',*,*,#5068,.T.);
#7258=ORIENTED_EDGE('',*,*,#5065,.T.);
#7259=ORIENTED_EDGE('',*,*,#5062,.T.);
#7260=ORIENTED_EDGE('',*,*,#5059,.T.);
#7261=ORIENTED_EDGE('',*,*,#5056,.T.);
#7262=ORIENTED_EDGE('',*,*,#5053,.T.);
#7263=ORIENTED_EDGE('',*,*,#5050,.T.);
#7264=ORIENTED_EDGE('',*,*,#5070,.T.);
#7265=ORIENTED_EDGE('',*,*,#5060,.T.);
#7266=ORIENTED_EDGE('',*,*,#5064,.T.);
#7267=ORIENTED_EDGE('',*,*,#5067,.T.);
#7268=ORIENTED_EDGE('',*,*,#5058,.F.);
#7269=ORIENTED_EDGE('',*,*,#5048,.F.);
#7270=ORIENTED_EDGE('',*,*,#5052,.F.);
#7271=ORIENTED_EDGE('',*,*,#5055,.F.);
#7272=CYLINDRICAL_SURFACE('',#7795,2.);
#7273=CYLINDRICAL_SURFACE('',#7798,2.);
#7274=CYLINDRICAL_SURFACE('',#7803,2.);
#7275=CYLINDRICAL_SURFACE('',#7808,2.);
#7276=CYLINDRICAL_SURFACE('',#7813,2.);
#7277=CYLINDRICAL_SURFACE('',#7818,2.);
#7278=CYLINDRICAL_SURFACE('',#7825,2.);
#7279=CYLINDRICAL_SURFACE('',#7831,2.);
#7280=CYLINDRICAL_SURFACE('',#7837,2.);
#7281=CYLINDRICAL_SURFACE('',#7844,2.);
#7282=CYLINDRICAL_SURFACE('',#7847,2.);
#7283=CYLINDRICAL_SURFACE('',#7850,2.);
#7284=CYLINDRICAL_SURFACE('',#7854,2.);
#7285=CYLINDRICAL_SURFACE('',#7866,2.);
#7286=CYLINDRICAL_SURFACE('',#7868,2.);
#7287=CYLINDRICAL_SURFACE('',#7870,2.);
#7288=CYLINDRICAL_SURFACE('',#7873,2.);
#7289=CYLINDRICAL_SURFACE('',#7875,2.);
#7290=CYLINDRICAL_SURFACE('',#7877,2.);
#7291=CYLINDRICAL_SURFACE('',#7881,2.);
#7292=CYLINDRICAL_SURFACE('',#7892,2.);
#7293=CYLINDRICAL_SURFACE('',#7895,2.);
#7294=CYLINDRICAL_SURFACE('',#7897,2.);
#7295=CYLINDRICAL_SURFACE('',#7900,2.);
#7296=CYLINDRICAL_SURFACE('',#7903,2.);
#7297=CYLINDRICAL_SURFACE('',#7906,2.);
#7298=CYLINDRICAL_SURFACE('',#7908,2.);
#7299=CYLINDRICAL_SURFACE('',#7911,2.);
#7300=CYLINDRICAL_SURFACE('',#7918,2.);
#7301=CYLINDRICAL_SURFACE('',#7920,2.);
#7302=CYLINDRICAL_SURFACE('',#7922,2.);
#7303=CYLINDRICAL_SURFACE('',#7923,2.);
#7304=CYLINDRICAL_SURFACE('',#7931,0.999999999999996);
#7305=CYLINDRICAL_SURFACE('',#7933,0.999999999999996);
#7306=CYLINDRICAL_SURFACE('',#7945,1.30000000000003);
#7307=CYLINDRICAL_SURFACE('',#7947,1.30000000000001);
#7308=CYLINDRICAL_SURFACE('',#7949,1.29999999999997);
#7309=CYLINDRICAL_SURFACE('',#7951,1.29999999999999);
#7310=CYLINDRICAL_SURFACE('',#7983,2.);
#7311=CYLINDRICAL_SURFACE('',#7986,2.);
#7312=CYLINDRICAL_SURFACE('',#7991,2.);
#7313=CYLINDRICAL_SURFACE('',#7996,2.);
#7314=CYLINDRICAL_SURFACE('',#8003,2.);
#7315=CYLINDRICAL_SURFACE('',#8009,2.);
#7316=CYLINDRICAL_SURFACE('',#8013,2.);
#7317=CYLINDRICAL_SURFACE('',#8018,2.);
#7318=CYLINDRICAL_SURFACE('',#8025,2.);
#7319=CYLINDRICAL_SURFACE('',#8028,2.);
#7320=CYLINDRICAL_SURFACE('',#8031,2.);
#7321=CYLINDRICAL_SURFACE('',#8034,2.);
#7322=CYLINDRICAL_SURFACE('',#8040,2.);
#7323=CYLINDRICAL_SURFACE('',#8047,2.);
#7324=CYLINDRICAL_SURFACE('',#8048,2.);
#7325=CYLINDRICAL_SURFACE('',#8050,2.);
#7326=CYLINDRICAL_SURFACE('',#8052,2.575);
#7327=CYLINDRICAL_SURFACE('',#8054,6.65);
#7328=CYLINDRICAL_SURFACE('',#8213,3.3);
#7329=CYLINDRICAL_SURFACE('',#8217,1.3);
#7330=CYLINDRICAL_SURFACE('',#8221,1.29999999999999);
#7331=CYLINDRICAL_SURFACE('',#8225,1.30000000000001);
#7332=CYLINDRICAL_SURFACE('',#8229,1.29999999999999);
#7333=CYLINDRICAL_SURFACE('',#8232,3.29999999999998);
#7334=CYLINDRICAL_SURFACE('',#8235,3.3000000000005);
#7335=CYLINDRICAL_SURFACE('',#8238,3.29999999999998);
#7336=CYLINDRICAL_SURFACE('',#8254,2.10000000000001);
#7337=CYLINDRICAL_SURFACE('',#8259,2.10000000000001);
#7338=CYLINDRICAL_SURFACE('',#8264,1.09999999999999);
#7339=CYLINDRICAL_SURFACE('',#8266,1.09999999999999);
#7340=CYLINDRICAL_SURFACE('',#8271,1.00000000000001);
#7341=CYLINDRICAL_SURFACE('',#8281,1.09999999999999);
#7342=CYLINDRICAL_SURFACE('',#8284,1.09999999999999);
#7343=CYLINDRICAL_SURFACE('',#8291,0.999999999999979);
#7344=CYLINDRICAL_SURFACE('',#8303,1.);
#7345=CYLINDRICAL_SURFACE('',#8310,1.);
#7346=CYLINDRICAL_SURFACE('',#8317,1.);
#7347=CYLINDRICAL_SURFACE('',#8324,1.);
#7348=CYLINDRICAL_SURFACE('',#8333,2.);
#7349=CYLINDRICAL_SURFACE('',#8336,2.);
#7350=CYLINDRICAL_SURFACE('',#8348,5.42090859542938);
#7351=CYLINDRICAL_SURFACE('',#8352,2.);
#7352=CYLINDRICAL_SURFACE('',#8357,2.);
#7353=CYLINDRICAL_SURFACE('',#8363,6.6);
#7354=CYLINDRICAL_SURFACE('',#8366,8.59999999999999);
#7355=ADVANCED_FACE('',(#488),#7272,.T.);
#7356=ADVANCED_FACE('',(#489),#7273,.T.);
#7357=ADVANCED_FACE('',(#490),#476,.T.);
#7358=ADVANCED_FACE('',(#491),#7274,.T.);
#7359=ADVANCED_FACE('',(#492),#477,.T.);
#7360=ADVANCED_FACE('',(#493),#7275,.T.);
#7361=ADVANCED_FACE('',(#494),#478,.T.);
#7362=ADVANCED_FACE('',(#495),#7276,.T.);
#7363=ADVANCED_FACE('',(#496),#479,.T.);
#7364=ADVANCED_FACE('',(#497),#7277,.T.);
#7365=ADVANCED_FACE('',(#498),#467,.T.);
#7366=ADVANCED_FACE('',(#499),#7278,.T.);
#7367=ADVANCED_FACE('',(#500),#468,.T.);
#7368=ADVANCED_FACE('',(#501),#7279,.T.);
#7369=ADVANCED_FACE('',(#502),#480,.T.);
#7370=ADVANCED_FACE('',(#503),#481,.T.);
#7371=ADVANCED_FACE('',(#504),#7280,.T.);
#7372=ADVANCED_FACE('',(#505,#130),#173,.T.);
#7373=ADVANCED_FACE('',(#506),#7281,.T.);
#7374=ADVANCED_FACE('',(#507),#174,.T.);
#7375=ADVANCED_FACE('',(#508),#7282,.T.);
#7376=ADVANCED_FACE('',(#509),#175,.T.);
#7377=ADVANCED_FACE('',(#510),#7283,.T.);
#7378=ADVANCED_FACE('',(#511),#176,.T.);
#7379=ADVANCED_FACE('',(#512),#177,.F.);
#7380=ADVANCED_FACE('',(#513),#7284,.T.);
#7381=ADVANCED_FACE('',(#514),#178,.T.);
#7382=ADVANCED_FACE('',(#515),#179,.T.);
#7383=ADVANCED_FACE('',(#516),#7285,.T.);
#7384=ADVANCED_FACE('',(#517),#7286,.F.);
#7385=ADVANCED_FACE('',(#518),#7287,.T.);
#7386=ADVANCED_FACE('',(#519),#180,.T.);
#7387=ADVANCED_FACE('',(#520),#7288,.T.);
#7388=ADVANCED_FACE('',(#521),#7289,.F.);
#7389=ADVANCED_FACE('',(#522),#7290,.F.);
#7390=ADVANCED_FACE('',(#523),#181,.T.);
#7391=ADVANCED_FACE('',(#524),#7291,.F.);
#7392=ADVANCED_FACE('',(#525),#182,.T.);
#7393=ADVANCED_FACE('',(#526),#183,.T.);
#7394=ADVANCED_FACE('',(#527),#7292,.F.);
#7395=ADVANCED_FACE('',(#528),#184,.T.);
#7396=ADVANCED_FACE('',(#529),#7293,.T.);
#7397=ADVANCED_FACE('',(#530),#7294,.T.);
#7398=ADVANCED_FACE('',(#531),#185,.T.);
#7399=ADVANCED_FACE('',(#532),#7295,.T.);
#7400=ADVANCED_FACE('',(#533),#186,.T.);
#7401=ADVANCED_FACE('',(#534),#7296,.T.);
#7402=ADVANCED_FACE('',(#535),#187,.T.);
#7403=ADVANCED_FACE('',(#536),#7297,.F.);
#7404=ADVANCED_FACE('',(#537),#7298,.F.);
#7405=ADVANCED_FACE('',(#538,#131),#188,.T.);
#7406=ADVANCED_FACE('',(#539),#7299,.F.);
#7407=ADVANCED_FACE('',(#540,#132),#189,.T.);
#7408=ADVANCED_FACE('',(#541),#7300,.T.);
#7409=ADVANCED_FACE('',(#542),#190,.T.);
#7410=ADVANCED_FACE('',(#543),#7301,.T.);
#7411=ADVANCED_FACE('',(#544),#191,.T.);
#7412=ADVANCED_FACE('',(#545),#7302,.F.);
#7413=ADVANCED_FACE('',(#546),#7303,.F.);
#7414=ADVANCED_FACE('',(#547),#192,.T.);
#7415=ADVANCED_FACE('',(#548),#193,.T.);
#7416=ADVANCED_FACE('',(#549),#194,.T.);
#7417=ADVANCED_FACE('',(#550),#195,.T.);
#7418=ADVANCED_FACE('',(#551),#196,.T.);
#7419=ADVANCED_FACE('',(#552),#7304,.F.);
#7420=ADVANCED_FACE('',(#553),#7305,.F.);
#7421=ADVANCED_FACE('',(#554),#197,.T.);
#7422=ADVANCED_FACE('',(#555),#198,.T.);
#7423=ADVANCED_FACE('',(#556),#199,.T.);
#7424=ADVANCED_FACE('',(#557),#200,.T.);
#7425=ADVANCED_FACE('',(#558,#133,#134,#135),#201,.T.);
#7426=ADVANCED_FACE('',(#559),#202,.F.);
#7427=ADVANCED_FACE('',(#560),#7306,.F.);
#7428=ADVANCED_FACE('',(#561),#203,.F.);
#7429=ADVANCED_FACE('',(#562),#7307,.F.);
#7430=ADVANCED_FACE('',(#563),#204,.F.);
#7431=ADVANCED_FACE('',(#564),#7308,.F.);
#7432=ADVANCED_FACE('',(#565),#205,.F.);
#7433=ADVANCED_FACE('',(#566),#7309,.F.);
#7434=ADVANCED_FACE('',(#567),#206,.T.);
#7435=ADVANCED_FACE('',(#568),#207,.T.);
#7436=ADVANCED_FACE('',(#569),#208,.T.);
#7437=ADVANCED_FACE('',(#570),#209,.T.);
#7438=ADVANCED_FACE('',(#571),#210,.F.);
#7439=ADVANCED_FACE('',(#572),#211,.F.);
#7440=ADVANCED_FACE('',(#573),#212,.F.);
#7441=ADVANCED_FACE('',(#574),#213,.F.);
#7442=ADVANCED_FACE('',(#575),#214,.F.);
#7443=ADVANCED_FACE('',(#576),#215,.F.);
#7444=ADVANCED_FACE('',(#577),#216,.F.);
#7445=ADVANCED_FACE('',(#578),#217,.F.);
#7446=ADVANCED_FACE('',(#579),#218,.F.);
#7447=ADVANCED_FACE('',(#580),#219,.F.);
#7448=ADVANCED_FACE('',(#581),#220,.F.);
#7449=ADVANCED_FACE('',(#582),#221,.F.);
#7450=ADVANCED_FACE('',(#583),#222,.T.);
#7451=ADVANCED_FACE('',(#584),#223,.T.);
#7452=ADVANCED_FACE('',(#585),#224,.T.);
#7453=ADVANCED_FACE('',(#586),#225,.T.);
#7454=ADVANCED_FACE('',(#587),#226,.T.);
#7455=ADVANCED_FACE('',(#588),#227,.T.);
#7456=ADVANCED_FACE('',(#589),#228,.T.);
#7457=ADVANCED_FACE('',(#590),#229,.T.);
#7458=ADVANCED_FACE('',(#591),#230,.T.);
#7459=ADVANCED_FACE('',(#592),#231,.T.);
#7460=ADVANCED_FACE('',(#593),#232,.T.);
#7461=ADVANCED_FACE('',(#594),#233,.T.);
#7462=ADVANCED_FACE('',(#595),#234,.T.);
#7463=ADVANCED_FACE('',(#596),#235,.T.);
#7464=ADVANCED_FACE('',(#597),#236,.T.);
#7465=ADVANCED_FACE('',(#598),#7310,.T.);
#7466=ADVANCED_FACE('',(#599),#7311,.T.);
#7467=ADVANCED_FACE('',(#600),#482,.T.);
#7468=ADVANCED_FACE('',(#601),#7312,.T.);
#7469=ADVANCED_FACE('',(#602),#483,.T.);
#7470=ADVANCED_FACE('',(#603),#7313,.T.);
#7471=ADVANCED_FACE('',(#604),#469,.T.);
#7472=ADVANCED_FACE('',(#605),#7314,.T.);
#7473=ADVANCED_FACE('',(#606),#470,.T.);
#7474=ADVANCED_FACE('',(#607),#7315,.T.);
#7475=ADVANCED_FACE('',(#608),#484,.T.);
#7476=ADVANCED_FACE('',(#609),#7316,.T.);
#7477=ADVANCED_FACE('',(#610),#485,.T.);
#7478=ADVANCED_FACE('',(#611),#7317,.T.);
#7479=ADVANCED_FACE('',(#612),#486,.T.);
#7480=ADVANCED_FACE('',(#613),#487,.T.);
#7481=ADVANCED_FACE('',(#614),#7318,.F.);
#7482=ADVANCED_FACE('',(#615),#237,.T.);
#7483=ADVANCED_FACE('',(#616),#7319,.F.);
#7484=ADVANCED_FACE('',(#617),#238,.T.);
#7485=ADVANCED_FACE('',(#618),#7320,.T.);
#7486=ADVANCED_FACE('',(#619),#239,.T.);
#7487=ADVANCED_FACE('',(#620),#7321,.T.);
#7488=ADVANCED_FACE('',(#621),#240,.T.);
#7489=ADVANCED_FACE('',(#622,#136,#137,#138,#139,#140,#141,#142,#143),#241,
 .T.);
#7490=ADVANCED_FACE('',(#623),#7322,.T.);
#7491=ADVANCED_FACE('',(#624,#144),#242,.F.);
#7492=ADVANCED_FACE('',(#625),#243,.T.);
#7493=ADVANCED_FACE('',(#626),#7323,.T.);
#7494=ADVANCED_FACE('',(#627),#7324,.T.);
#7495=ADVANCED_FACE('',(#628),#244,.T.);
#7496=ADVANCED_FACE('',(#629),#7325,.T.);
#7497=ADVANCED_FACE('',(#630),#245,.T.);
#7498=ADVANCED_FACE('',(#631),#7326,.F.);
#7499=ADVANCED_FACE('',(#632),#7327,.F.);
#7500=ADVANCED_FACE('',(#633),#246,.F.);
#7501=ADVANCED_FACE('',(#634),#247,.F.);
#7502=ADVANCED_FACE('',(#635),#248,.F.);
#7503=ADVANCED_FACE('',(#636),#249,.F.);
#7504=ADVANCED_FACE('',(#637),#250,.F.);
#7505=ADVANCED_FACE('',(#638),#251,.F.);
#7506=ADVANCED_FACE('',(#639),#252,.F.);
#7507=ADVANCED_FACE('',(#640),#253,.F.);
#7508=ADVANCED_FACE('',(#641),#254,.F.);
#7509=ADVANCED_FACE('',(#642),#255,.F.);
#7510=ADVANCED_FACE('',(#643),#256,.F.);
#7511=ADVANCED_FACE('',(#644),#257,.F.);
#7512=ADVANCED_FACE('',(#645),#258,.F.);
#7513=ADVANCED_FACE('',(#646),#259,.F.);
#7514=ADVANCED_FACE('',(#647),#260,.F.);
#7515=ADVANCED_FACE('',(#648,#145),#261,.F.);
#7516=ADVANCED_FACE('',(#649),#14,.F.);
#7517=ADVANCED_FACE('',(#650),#15,.F.);
#7518=ADVANCED_FACE('',(#651),#16,.F.);
#7519=ADVANCED_FACE('',(#652),#17,.F.);
#7520=ADVANCED_FACE('',(#653),#18,.F.);
#7521=ADVANCED_FACE('',(#654),#19,.F.);
#7522=ADVANCED_FACE('',(#655),#20,.F.);
#7523=ADVANCED_FACE('',(#656),#21,.F.);
#7524=ADVANCED_FACE('',(#657),#22,.F.);
#7525=ADVANCED_FACE('',(#658),#23,.F.);
#7526=ADVANCED_FACE('',(#659),#24,.F.);
#7527=ADVANCED_FACE('',(#660),#25,.F.);
#7528=ADVANCED_FACE('',(#661),#26,.F.);
#7529=ADVANCED_FACE('',(#662),#27,.F.);
#7530=ADVANCED_FACE('',(#663),#28,.F.);
#7531=ADVANCED_FACE('',(#664),#29,.F.);
#7532=ADVANCED_FACE('',(#665),#30,.F.);
#7533=ADVANCED_FACE('',(#666),#31,.F.);
#7534=ADVANCED_FACE('',(#667,#146),#262,.T.);
#7535=ADVANCED_FACE('',(#668),#263,.F.);
#7536=ADVANCED_FACE('',(#669),#264,.F.);
#7537=ADVANCED_FACE('',(#670),#265,.F.);
#7538=ADVANCED_FACE('',(#671),#266,.F.);
#7539=ADVANCED_FACE('',(#672),#267,.F.);
#7540=ADVANCED_FACE('',(#673),#268,.F.);
#7541=ADVANCED_FACE('',(#674),#269,.F.);
#7542=ADVANCED_FACE('',(#675),#270,.F.);
#7543=ADVANCED_FACE('',(#676),#271,.F.);
#7544=ADVANCED_FACE('',(#677),#32,.F.);
#7545=ADVANCED_FACE('',(#678),#33,.F.);
#7546=ADVANCED_FACE('',(#679),#34,.F.);
#7547=ADVANCED_FACE('',(#680),#35,.F.);
#7548=ADVANCED_FACE('',(#681),#36,.F.);
#7549=ADVANCED_FACE('',(#682),#37,.F.);
#7550=ADVANCED_FACE('',(#683),#38,.F.);
#7551=ADVANCED_FACE('',(#684),#39,.F.);
#7552=ADVANCED_FACE('',(#685),#272,.F.);
#7553=ADVANCED_FACE('',(#686),#273,.F.);
#7554=ADVANCED_FACE('',(#687),#274,.F.);
#7555=ADVANCED_FACE('',(#688),#40,.F.);
#7556=ADVANCED_FACE('',(#689),#41,.F.);
#7557=ADVANCED_FACE('',(#690),#42,.F.);
#7558=ADVANCED_FACE('',(#691),#43,.F.);
#7559=ADVANCED_FACE('',(#692),#44,.F.);
#7560=ADVANCED_FACE('',(#693),#45,.F.);
#7561=ADVANCED_FACE('',(#694),#275,.F.);
#7562=ADVANCED_FACE('',(#695),#276,.F.);
#7563=ADVANCED_FACE('',(#696),#277,.F.);
#7564=ADVANCED_FACE('',(#697),#278,.T.);
#7565=ADVANCED_FACE('',(#698),#279,.F.);
#7566=ADVANCED_FACE('',(#699),#280,.F.);
#7567=ADVANCED_FACE('',(#700),#281,.F.);
#7568=ADVANCED_FACE('',(#701),#282,.F.);
#7569=ADVANCED_FACE('',(#702),#283,.F.);
#7570=ADVANCED_FACE('',(#703),#284,.T.);
#7571=ADVANCED_FACE('',(#704),#285,.T.);
#7572=ADVANCED_FACE('',(#705),#286,.F.);
#7573=ADVANCED_FACE('',(#706),#287,.F.);
#7574=ADVANCED_FACE('',(#707),#288,.F.);
#7575=ADVANCED_FACE('',(#708),#289,.F.);
#7576=ADVANCED_FACE('',(#709),#290,.F.);
#7577=ADVANCED_FACE('',(#710),#291,.T.);
#7578=ADVANCED_FACE('',(#711),#292,.T.);
#7579=ADVANCED_FACE('',(#712),#293,.T.);
#7580=ADVANCED_FACE('',(#713),#294,.T.);
#7581=ADVANCED_FACE('',(#714),#295,.F.);
#7582=ADVANCED_FACE('',(#715),#296,.T.);
#7583=ADVANCED_FACE('',(#716),#297,.T.);
#7584=ADVANCED_FACE('',(#717),#298,.F.);
#7585=ADVANCED_FACE('',(#718),#299,.F.);
#7586=ADVANCED_FACE('',(#719),#300,.F.);
#7587=ADVANCED_FACE('',(#720),#301,.T.);
#7588=ADVANCED_FACE('',(#721),#302,.T.);
#7589=ADVANCED_FACE('',(#722),#303,.T.);
#7590=ADVANCED_FACE('',(#723),#304,.T.);
#7591=ADVANCED_FACE('',(#724),#305,.F.);
#7592=ADVANCED_FACE('',(#725),#306,.F.);
#7593=ADVANCED_FACE('',(#726),#307,.F.);
#7594=ADVANCED_FACE('',(#727),#308,.F.);
#7595=ADVANCED_FACE('',(#728),#309,.F.);
#7596=ADVANCED_FACE('',(#729),#310,.F.);
#7597=ADVANCED_FACE('',(#730),#311,.F.);
#7598=ADVANCED_FACE('',(#731),#312,.F.);
#7599=ADVANCED_FACE('',(#732),#313,.F.);
#7600=ADVANCED_FACE('',(#733),#314,.F.);
#7601=ADVANCED_FACE('',(#734),#315,.F.);
#7602=ADVANCED_FACE('',(#735),#316,.F.);
#7603=ADVANCED_FACE('',(#736),#317,.F.);
#7604=ADVANCED_FACE('',(#737),#318,.F.);
#7605=ADVANCED_FACE('',(#738),#319,.F.);
#7606=ADVANCED_FACE('',(#739),#320,.F.);
#7607=ADVANCED_FACE('',(#740),#321,.F.);
#7608=ADVANCED_FACE('',(#741),#322,.F.);
#7609=ADVANCED_FACE('',(#742),#323,.F.);
#7610=ADVANCED_FACE('',(#743),#324,.F.);
#7611=ADVANCED_FACE('',(#744),#325,.F.);
#7612=ADVANCED_FACE('',(#745),#326,.F.);
#7613=ADVANCED_FACE('',(#746),#327,.F.);
#7614=ADVANCED_FACE('',(#747),#328,.T.);
#7615=ADVANCED_FACE('',(#748),#329,.T.);
#7616=ADVANCED_FACE('',(#749),#330,.T.);
#7617=ADVANCED_FACE('',(#750),#331,.T.);
#7618=ADVANCED_FACE('',(#751),#332,.F.);
#7619=ADVANCED_FACE('',(#752),#333,.F.);
#7620=ADVANCED_FACE('',(#753),#334,.T.);
#7621=ADVANCED_FACE('',(#754),#335,.T.);
#7622=ADVANCED_FACE('',(#755),#336,.T.);
#7623=ADVANCED_FACE('',(#756),#337,.T.);
#7624=ADVANCED_FACE('',(#757),#338,.F.);
#7625=ADVANCED_FACE('',(#758),#339,.F.);
#7626=ADVANCED_FACE('',(#759),#340,.F.);
#7627=ADVANCED_FACE('',(#760),#341,.T.);
#7628=ADVANCED_FACE('',(#761),#342,.T.);
#7629=ADVANCED_FACE('',(#762),#343,.T.);
#7630=ADVANCED_FACE('',(#763),#344,.T.);
#7631=ADVANCED_FACE('',(#764),#345,.F.);
#7632=ADVANCED_FACE('',(#765),#346,.F.);
#7633=ADVANCED_FACE('',(#766),#347,.F.);
#7634=ADVANCED_FACE('',(#767),#348,.F.);
#7635=ADVANCED_FACE('',(#768),#349,.F.);
#7636=ADVANCED_FACE('',(#769,#147,#148,#149),#350,.F.);
#7637=ADVANCED_FACE('',(#770),#351,.T.);
#7638=ADVANCED_FACE('',(#771),#352,.F.);
#7639=ADVANCED_FACE('',(#772),#353,.F.);
#7640=ADVANCED_FACE('',(#773),#354,.F.);
#7641=ADVANCED_FACE('',(#774),#355,.F.);
#7642=ADVANCED_FACE('',(#775),#356,.T.);
#7643=ADVANCED_FACE('',(#776),#357,.T.);
#7644=ADVANCED_FACE('',(#777),#358,.T.);
#7645=ADVANCED_FACE('',(#778),#359,.T.);
#7646=ADVANCED_FACE('',(#779),#360,.T.);
#7647=ADVANCED_FACE('',(#780),#361,.T.);
#7648=ADVANCED_FACE('',(#781),#362,.T.);
#7649=ADVANCED_FACE('',(#782),#363,.T.);
#7650=ADVANCED_FACE('',(#783),#364,.T.);
#7651=ADVANCED_FACE('',(#784,#150),#365,.T.);
#7652=ADVANCED_FACE('',(#785),#366,.T.);
#7653=ADVANCED_FACE('',(#786),#367,.T.);
#7654=ADVANCED_FACE('',(#787),#368,.T.);
#7655=ADVANCED_FACE('',(#788),#369,.T.);
#7656=ADVANCED_FACE('',(#789),#370,.T.);
#7657=ADVANCED_FACE('',(#790),#371,.T.);
#7658=ADVANCED_FACE('',(#791),#372,.T.);
#7659=ADVANCED_FACE('',(#792),#373,.T.);
#7660=ADVANCED_FACE('',(#793),#374,.T.);
#7661=ADVANCED_FACE('',(#794),#375,.T.);
#7662=ADVANCED_FACE('',(#795),#376,.T.);
#7663=ADVANCED_FACE('',(#796),#377,.T.);
#7664=ADVANCED_FACE('',(#797),#378,.T.);
#7665=ADVANCED_FACE('',(#798),#379,.T.);
#7666=ADVANCED_FACE('',(#799),#380,.F.);
#7667=ADVANCED_FACE('',(#800),#381,.F.);
#7668=ADVANCED_FACE('',(#801),#382,.F.);
#7669=ADVANCED_FACE('',(#802),#383,.F.);
#7670=ADVANCED_FACE('',(#803),#384,.T.);
#7671=ADVANCED_FACE('',(#804),#385,.T.);
#7672=ADVANCED_FACE('',(#805),#386,.F.);
#7673=ADVANCED_FACE('',(#806),#387,.F.);
#7674=ADVANCED_FACE('',(#807),#388,.F.);
#7675=ADVANCED_FACE('',(#808),#389,.F.);
#7676=ADVANCED_FACE('',(#809),#390,.T.);
#7677=ADVANCED_FACE('',(#810),#391,.T.);
#7678=ADVANCED_FACE('',(#811),#392,.T.);
#7679=ADVANCED_FACE('',(#812),#393,.F.);
#7680=ADVANCED_FACE('',(#813),#394,.F.);
#7681=ADVANCED_FACE('',(#814),#395,.F.);
#7682=ADVANCED_FACE('',(#815),#396,.F.);
#7683=ADVANCED_FACE('',(#816),#397,.T.);
#7684=ADVANCED_FACE('',(#817),#398,.T.);
#7685=ADVANCED_FACE('',(#818),#399,.T.);
#7686=ADVANCED_FACE('',(#819),#400,.T.);
#7687=ADVANCED_FACE('',(#820),#401,.T.);
#7688=ADVANCED_FACE('',(#821),#402,.T.);
#7689=ADVANCED_FACE('',(#822),#7328,.T.);
#7690=ADVANCED_FACE('',(#823),#403,.T.);
#7691=ADVANCED_FACE('',(#824),#7329,.F.);
#7692=ADVANCED_FACE('',(#825),#404,.T.);
#7693=ADVANCED_FACE('',(#826),#7330,.F.);
#7694=ADVANCED_FACE('',(#827),#405,.T.);
#7695=ADVANCED_FACE('',(#828),#7331,.F.);
#7696=ADVANCED_FACE('',(#829),#406,.T.);
#7697=ADVANCED_FACE('',(#830),#7332,.F.);
#7698=ADVANCED_FACE('',(#831),#7333,.T.);
#7699=ADVANCED_FACE('',(#832),#7334,.T.);
#7700=ADVANCED_FACE('',(#833),#7335,.T.);
#7701=ADVANCED_FACE('',(#834,#151),#407,.T.);
#7702=ADVANCED_FACE('',(#835),#408,.T.);
#7703=ADVANCED_FACE('',(#836),#409,.T.);
#7704=ADVANCED_FACE('',(#837),#410,.T.);
#7705=ADVANCED_FACE('',(#838),#411,.T.);
#7706=ADVANCED_FACE('',(#839),#412,.T.);
#7707=ADVANCED_FACE('',(#840),#413,.T.);
#7708=ADVANCED_FACE('',(#841),#414,.T.);
#7709=ADVANCED_FACE('',(#842),#415,.T.);
#7710=ADVANCED_FACE('',(#843,#152),#416,.F.);
#7711=ADVANCED_FACE('',(#844),#417,.T.);
#7712=ADVANCED_FACE('',(#845),#418,.T.);
#7713=ADVANCED_FACE('',(#846),#419,.T.);
#7714=ADVANCED_FACE('',(#847),#7336,.F.);
#7715=ADVANCED_FACE('',(#848,#153),#420,.T.);
#7716=ADVANCED_FACE('',(#849),#7337,.F.);
#7717=ADVANCED_FACE('',(#850,#154),#421,.T.);
#7718=ADVANCED_FACE('',(#851),#7338,.F.);
#7719=ADVANCED_FACE('',(#852),#7339,.F.);
#7720=ADVANCED_FACE('',(#853,#155),#422,.T.);
#7721=ADVANCED_FACE('',(#854,#156,#157),#423,.T.);
#7722=ADVANCED_FACE('',(#855),#7340,.F.);
#7723=ADVANCED_FACE('',(#856),#424,.T.);
#7724=ADVANCED_FACE('',(#857,#158),#425,.F.);
#7725=ADVANCED_FACE('',(#858),#426,.T.);
#7726=ADVANCED_FACE('',(#859,#159),#427,.T.);
#7727=ADVANCED_FACE('',(#860,#160),#428,.T.);
#7728=ADVANCED_FACE('',(#861),#429,.T.);
#7729=ADVANCED_FACE('',(#862),#430,.T.);
#7730=ADVANCED_FACE('',(#863),#431,.T.);
#7731=ADVANCED_FACE('',(#864),#7341,.F.);
#7732=ADVANCED_FACE('',(#865),#7342,.F.);
#7733=ADVANCED_FACE('',(#866,#161),#432,.F.);
#7734=ADVANCED_FACE('',(#867,#162),#433,.F.);
#7735=ADVANCED_FACE('',(#868,#163),#434,.T.);
#7736=ADVANCED_FACE('',(#869),#7343,.F.);
#7737=ADVANCED_FACE('',(#870),#435,.T.);
#7738=ADVANCED_FACE('',(#871),#436,.T.);
#7739=ADVANCED_FACE('',(#872,#164,#165),#437,.T.);
#7740=ADVANCED_FACE('',(#873,#166),#438,.F.);
#7741=ADVANCED_FACE('',(#874),#471,.F.);
#7742=ADVANCED_FACE('',(#875),#7344,.F.);
#7743=ADVANCED_FACE('',(#876),#472,.F.);
#7744=ADVANCED_FACE('',(#877),#7345,.F.);
#7745=ADVANCED_FACE('',(#878),#473,.F.);
#7746=ADVANCED_FACE('',(#879),#7346,.F.);
#7747=ADVANCED_FACE('',(#880),#474,.F.);
#7748=ADVANCED_FACE('',(#881),#7347,.F.);
#7749=ADVANCED_FACE('',(#882),#439,.F.);
#7750=ADVANCED_FACE('',(#883),#440,.F.);
#7751=ADVANCED_FACE('',(#884),#441,.F.);
#7752=ADVANCED_FACE('',(#885),#442,.T.);
#7753=ADVANCED_FACE('',(#886),#7348,.T.);
#7754=ADVANCED_FACE('',(#887),#443,.T.);
#7755=ADVANCED_FACE('',(#888),#7349,.T.);
#7756=ADVANCED_FACE('',(#889),#444,.F.);
#7757=ADVANCED_FACE('',(#890),#445,.F.);
#7758=ADVANCED_FACE('',(#891),#475,.T.);
#7759=ADVANCED_FACE('',(#892,#167),#446,.T.);
#7760=ADVANCED_FACE('',(#893),#7350,.T.);
#7761=ADVANCED_FACE('',(#894),#13,.F.);
#7762=ADVANCED_FACE('',(#895),#447,.T.);
#7763=ADVANCED_FACE('',(#896),#7351,.T.);
#7764=ADVANCED_FACE('',(#897),#448,.T.);
#7765=ADVANCED_FACE('',(#898,#168),#449,.F.);
#7766=ADVANCED_FACE('',(#899),#7352,.T.);
#7767=ADVANCED_FACE('',(#900),#450,.T.);
#7768=ADVANCED_FACE('',(#901),#451,.T.);
#7769=ADVANCED_FACE('',(#902),#452,.T.);
#7770=ADVANCED_FACE('',(#903),#453,.T.);
#7771=ADVANCED_FACE('',(#904),#454,.T.);
#7772=ADVANCED_FACE('',(#905),#7353,.F.);
#7773=ADVANCED_FACE('',(#906),#7354,.T.);
#7774=ADVANCED_FACE('',(#907,#169),#455,.T.);
#7775=ADVANCED_FACE('',(#908,#170),#456,.F.);
#7776=ADVANCED_FACE('',(#909),#457,.T.);
#7777=ADVANCED_FACE('',(#910),#458,.T.);
#7778=ADVANCED_FACE('',(#911),#459,.T.);
#7779=ADVANCED_FACE('',(#912),#460,.T.);
#7780=ADVANCED_FACE('',(#913),#461,.T.);
#7781=ADVANCED_FACE('',(#914),#462,.T.);
#7782=ADVANCED_FACE('',(#915),#463,.T.);
#7783=ADVANCED_FACE('',(#916),#464,.T.);
#7784=ADVANCED_FACE('',(#917,#171),#465,.T.);
#7785=ADVANCED_FACE('',(#918,#172),#466,.F.);
#7786=CLOSED_SHELL('',(#7355,#7356,#7357,#7358,#7359,#7360,#7361,#7362,
#7363,#7364,#7365,#7366,#7367,#7368,#7369,#7370,#7371,#7372,#7373,#7374,
#7375,#7376,#7377,#7378,#7379,#7380,#7381,#7382,#7383,#7384,#7385,#7386,
#7387,#7388,#7389,#7390,#7391,#7392,#7393,#7394,#7395,#7396,#7397,#7398,
#7399,#7400,#7401,#7402,#7403,#7404,#7405,#7406,#7407,#7408,#7409,#7410,
#7411,#7412,#7413,#7414,#7415,#7416,#7417,#7418,#7419,#7420,#7421,#7422,
#7423,#7424,#7425,#7426,#7427,#7428,#7429,#7430,#7431,#7432,#7433,#7434,
#7435,#7436,#7437,#7438,#7439,#7440,#7441,#7442,#7443,#7444,#7445,#7446,
#7447,#7448,#7449,#7450,#7451,#7452,#7453,#7454,#7455,#7456,#7457,#7458,
#7459,#7460,#7461,#7462,#7463,#7464));
#7787=CLOSED_SHELL('',(#7465,#7466,#7467,#7468,#7469,#7470,#7471,#7472,
#7473,#7474,#7475,#7476,#7477,#7478,#7479,#7480,#7481,#7482,#7483,#7484,
#7485,#7486,#7487,#7488,#7489,#7490,#7491,#7492,#7493,#7494,#7495,#7496,
#7497,#7498,#7499,#7500,#7501,#7502,#7503,#7504,#7505,#7506,#7507,#7508,
#7509,#7510,#7511,#7512,#7513,#7514,#7515,#7516,#7517,#7518,#7519,#7520,
#7521,#7522,#7523,#7524,#7525,#7526,#7527,#7528,#7529,#7530,#7531,#7532,
#7533,#7534,#7535,#7536,#7537,#7538,#7539,#7540,#7541,#7542,#7543,#7544,
#7545,#7546,#7547,#7548,#7549,#7550,#7551,#7552,#7553,#7554,#7555,#7556,
#7557,#7558,#7559,#7560,#7561,#7562,#7563,#7564,#7565,#7566,#7567,#7568,
#7569,#7570,#7571,#7572,#7573,#7574,#7575,#7576,#7577,#7578,#7579,#7580,
#7581,#7582,#7583,#7584,#7585,#7586,#7587,#7588,#7589,#7590,#7591,#7592,
#7593,#7594,#7595,#7596,#7597,#7598,#7599,#7600,#7601,#7602,#7603,#7604,
#7605,#7606,#7607,#7608,#7609,#7610,#7611,#7612,#7613,#7614,#7615,#7616,
#7617,#7618,#7619,#7620,#7621,#7622,#7623,#7624,#7625,#7626,#7627,#7628,
#7629,#7630,#7631,#7632,#7633,#7634,#7635,#7636,#7637,#7638,#7639,#7640,
#7641,#7642,#7643,#7644,#7645,#7646,#7647,#7648,#7649,#7650,#7651,#7652,
#7653,#7654,#7655,#7656,#7657,#7658,#7659,#7660,#7661,#7662,#7663,#7664,
#7665,#7666,#7667,#7668,#7669,#7670,#7671,#7672,#7673,#7674,#7675,#7676,
#7677,#7678,#7679,#7680,#7681,#7682,#7683,#7684,#7685,#7686,#7687,#7688));
#7788=CLOSED_SHELL('',(#7689,#7690,#7691,#7692,#7693,#7694,#7695,#7696,
#7697,#7698,#7699,#7700,#7701,#7702,#7703,#7704,#7705,#7706,#7707,#7708,
#7709,#7710));
#7789=CLOSED_SHELL('',(#7711,#7712,#7713,#7714,#7715,#7716,#7717,#7718,
#7719,#7720,#7721,#7722,#7723,#7724,#7725,#7726,#7727));
#7790=CLOSED_SHELL('',(#7728,#7729,#7730,#7731,#7732,#7733,#7734,#7735,
#7736,#7737,#7738,#7739,#7740));
#7791=CLOSED_SHELL('',(#7741,#7742,#7743,#7744,#7745,#7746,#7747,#7748,
#7749,#7750,#7751,#7752,#7753,#7754,#7755,#7756,#7757,#7758,#7759,#7760,
#7761,#7762,#7763,#7764,#7765,#7766,#7767,#7768,#7769,#7770,#7771));
#7792=CLOSED_SHELL('',(#7772,#7773,#7774,#7775));
#7793=CLOSED_SHELL('',(#7776,#7777,#7778,#7779,#7780,#7781,#7782,#7783,
#7784,#7785));
#7794=AXIS2_PLACEMENT_3D('',#10400,#8381,#8382);
#7795=AXIS2_PLACEMENT_3D('',#10401,#8383,#8384);
#7796=AXIS2_PLACEMENT_3D('',#10404,#8385,#8386);
#7797=AXIS2_PLACEMENT_3D('',#10408,#8388,#8389);
#7798=AXIS2_PLACEMENT_3D('',#10410,#8391,#8392);
#7799=AXIS2_PLACEMENT_3D('',#10413,#8393,#8394);
#7800=AXIS2_PLACEMENT_3D('',#10416,#8396,#8397);
#7801=AXIS2_PLACEMENT_3D('',#10418,#8399,#8400);
#7802=AXIS2_PLACEMENT_3D('',#10419,#8401,#8402);
#7803=AXIS2_PLACEMENT_3D('',#10420,#8403,#8404);
#7804=AXIS2_PLACEMENT_3D('',#10423,#8405,#8406);
#7805=AXIS2_PLACEMENT_3D('',#10426,#8408,#8409);
#7806=AXIS2_PLACEMENT_3D('',#10428,#8411,#8412);
#7807=AXIS2_PLACEMENT_3D('',#10429,#8413,#8414);
#7808=AXIS2_PLACEMENT_3D('',#10430,#8415,#8416);
#7809=AXIS2_PLACEMENT_3D('',#10433,#8417,#8418);
#7810=AXIS2_PLACEMENT_3D('',#10436,#8420,#8421);
#7811=AXIS2_PLACEMENT_3D('',#10438,#8423,#8424);
#7812=AXIS2_PLACEMENT_3D('',#10439,#8425,#8426);
#7813=AXIS2_PLACEMENT_3D('',#10440,#8427,#8428);
#7814=AXIS2_PLACEMENT_3D('',#10443,#8429,#8430);
#7815=AXIS2_PLACEMENT_3D('',#10446,#8432,#8433);
#7816=AXIS2_PLACEMENT_3D('',#10448,#8435,#8436);
#7817=AXIS2_PLACEMENT_3D('',#10449,#8437,#8438);
#7818=AXIS2_PLACEMENT_3D('',#10450,#8439,#8440);
#7819=AXIS2_PLACEMENT_3D('',#10453,#8441,#8442);
#7820=AXIS2_PLACEMENT_3D('',#10456,#8444,#8445);
#7821=AXIS2_PLACEMENT_3D('',#10458,#8447,#8448);
#7822=AXIS2_PLACEMENT_3D('',#10461,#8449,#8450);
#7823=AXIS2_PLACEMENT_3D('',#10462,#8451,#8452);
#7824=AXIS2_PLACEMENT_3D('',#10463,#8453,#8454);
#7825=AXIS2_PLACEMENT_3D('',#10464,#8455,#8456);
#7826=AXIS2_PLACEMENT_3D('',#10467,#8457,#8458);
#7827=AXIS2_PLACEMENT_3D('',#10470,#8461,#8462);
#7828=AXIS2_PLACEMENT_3D('',#10473,#8463,#8464);
#7829=AXIS2_PLACEMENT_3D('',#10474,#8465,#8466);
#7830=AXIS2_PLACEMENT_3D('',#10475,#8467,#8468);
#7831=AXIS2_PLACEMENT_3D('',#10476,#8469,#8470);
#7832=AXIS2_PLACEMENT_3D('',#10478,#8471,#8472);
#7833=AXIS2_PLACEMENT_3D('',#10481,#8475,#8476);
#7834=AXIS2_PLACEMENT_3D('',#10482,#8477,#8478);
#7835=AXIS2_PLACEMENT_3D('',#10483,#8479,#8480);
#7836=AXIS2_PLACEMENT_3D('',#10484,#8481,#8482);
#7837=AXIS2_PLACEMENT_3D('',#10485,#8483,#8484);
#7838=AXIS2_PLACEMENT_3D('',#10489,#8486,#8487);
#7839=AXIS2_PLACEMENT_3D('',#10491,#8489,#8490);
#7840=AXIS2_PLACEMENT_3D('',#10499,#8494,#8495);
#7841=AXIS2_PLACEMENT_3D('',#10503,#8497,#8498);
#7842=AXIS2_PLACEMENT_3D('',#10507,#8500,#8501);
#7843=AXIS2_PLACEMENT_3D('',#10510,#8503,#8504);
#7844=AXIS2_PLACEMENT_3D('',#10511,#8505,#8506);
#7845=AXIS2_PLACEMENT_3D('',#10514,#8508,#8509);
#7846=AXIS2_PLACEMENT_3D('',#10515,#8510,#8511);
#7847=AXIS2_PLACEMENT_3D('',#10519,#8514,#8515);
#7848=AXIS2_PLACEMENT_3D('',#10522,#8517,#8518);
#7849=AXIS2_PLACEMENT_3D('',#10523,#8519,#8520);
#7850=AXIS2_PLACEMENT_3D('',#10527,#8523,#8524);
#7851=AXIS2_PLACEMENT_3D('',#10530,#8526,#8527);
#7852=AXIS2_PLACEMENT_3D('',#10531,#8528,#8529);
#7853=AXIS2_PLACEMENT_3D('',#10535,#8532,#8533);
#7854=AXIS2_PLACEMENT_3D('',#10536,#8534,#8535);
#7855=AXIS2_PLACEMENT_3D('',#10539,#8536,#8537);
#7856=AXIS2_PLACEMENT_3D('',#10543,#8539,#8540);
#7857=AXIS2_PLACEMENT_3D('',#10545,#8542,#8543);
#7858=AXIS2_PLACEMENT_3D('',#10551,#8547,#8548);
#7859=AXIS2_PLACEMENT_3D('',#10555,#8550,#8551);
#7860=AXIS2_PLACEMENT_3D('',#10559,#8553,#8554);
#7861=AXIS2_PLACEMENT_3D('',#10561,#8555,#8556);
#7862=AXIS2_PLACEMENT_3D('',#10565,#8558,#8559);
#7863=AXIS2_PLACEMENT_3D('',#10569,#8561,#8562);
#7864=AXIS2_PLACEMENT_3D('',#10573,#8564,#8565);
#7865=AXIS2_PLACEMENT_3D('',#10574,#8566,#8567);
#7866=AXIS2_PLACEMENT_3D('',#10575,#8568,#8569);
#7867=AXIS2_PLACEMENT_3D('',#10578,#8571,#8572);
#7868=AXIS2_PLACEMENT_3D('',#10579,#8573,#8574);
#7869=AXIS2_PLACEMENT_3D('',#10582,#8576,#8577);
#7870=AXIS2_PLACEMENT_3D('',#10583,#8578,#8579);
#7871=AXIS2_PLACEMENT_3D('',#10587,#8581,#8582);
#7872=AXIS2_PLACEMENT_3D('',#10589,#8584,#8585);
#7873=AXIS2_PLACEMENT_3D('',#10591,#8587,#8588);
#7874=AXIS2_PLACEMENT_3D('',#10594,#8589,#8590);
#7875=AXIS2_PLACEMENT_3D('',#10597,#8593,#8594);
#7876=AXIS2_PLACEMENT_3D('',#10599,#8595,#8596);
#7877=AXIS2_PLACEMENT_3D('',#10601,#8598,#8599);
#7878=AXIS2_PLACEMENT_3D('',#10604,#8600,#8601);
#7879=AXIS2_PLACEMENT_3D('',#10608,#8603,#8604);
#7880=AXIS2_PLACEMENT_3D('',#10610,#8606,#8607);
#7881=AXIS2_PLACEMENT_3D('',#10624,#8615,#8616);
#7882=AXIS2_PLACEMENT_3D('',#10627,#8617,#8618);
#7883=AXIS2_PLACEMENT_3D('',#10631,#8620,#8621);
#7884=AXIS2_PLACEMENT_3D('',#10633,#8623,#8624);
#7885=AXIS2_PLACEMENT_3D('',#10638,#8627,#8628);
#7886=AXIS2_PLACEMENT_3D('',#10642,#8630,#8631);
#7887=AXIS2_PLACEMENT_3D('',#10646,#8633,#8634);
#7888=AXIS2_PLACEMENT_3D('',#10650,#8636,#8637);
#7889=AXIS2_PLACEMENT_3D('',#10654,#8639,#8640);
#7890=AXIS2_PLACEMENT_3D('',#10657,#8642,#8643);
#7891=AXIS2_PLACEMENT_3D('',#10658,#8644,#8645);
#7892=AXIS2_PLACEMENT_3D('',#10665,#8650,#8651);
#7893=AXIS2_PLACEMENT_3D('',#10669,#8653,#8654);
#7894=AXIS2_PLACEMENT_3D('',#10671,#8656,#8657);
#7895=AXIS2_PLACEMENT_3D('',#10683,#8664,#8665);
#7896=AXIS2_PLACEMENT_3D('',#10685,#8666,#8667);
#7897=AXIS2_PLACEMENT_3D('',#10687,#8669,#8670);
#7898=AXIS2_PLACEMENT_3D('',#10689,#8671,#8672);
#7899=AXIS2_PLACEMENT_3D('',#10691,#8674,#8675);
#7900=AXIS2_PLACEMENT_3D('',#10695,#8678,#8679);
#7901=AXIS2_PLACEMENT_3D('',#10698,#8680,#8681);
#7902=AXIS2_PLACEMENT_3D('',#10701,#8684,#8685);
#7903=AXIS2_PLACEMENT_3D('',#10711,#8691,#8692);
#7904=AXIS2_PLACEMENT_3D('',#10713,#8693,#8694);
#7905=AXIS2_PLACEMENT_3D('',#10715,#8696,#8697);
#7906=AXIS2_PLACEMENT_3D('',#10718,#8700,#8701);
#7907=AXIS2_PLACEMENT_3D('',#10720,#8702,#8703);
#7908=AXIS2_PLACEMENT_3D('',#10722,#8705,#8706);
#7909=AXIS2_PLACEMENT_3D('',#10726,#8708,#8709);
#7910=AXIS2_PLACEMENT_3D('',#10728,#8711,#8712);
#7911=AXIS2_PLACEMENT_3D('',#10756,#8727,#8728);
#7912=AXIS2_PLACEMENT_3D('',#10757,#8729,#8730);
#7913=AXIS2_PLACEMENT_3D('',#10758,#8731,#8732);
#7914=AXIS2_PLACEMENT_3D('',#10760,#8733,#8734);
#7915=AXIS2_PLACEMENT_3D('',#10764,#8736,#8737);
#7916=AXIS2_PLACEMENT_3D('',#10768,#8739,#8740);
#7917=AXIS2_PLACEMENT_3D('',#10772,#8742,#8743);
#7918=AXIS2_PLACEMENT_3D('',#10789,#8756,#8757);
#7919=AXIS2_PLACEMENT_3D('',#10792,#8760,#8761);
#7920=AXIS2_PLACEMENT_3D('',#10794,#8763,#8764);
#7921=AXIS2_PLACEMENT_3D('',#10796,#8766,#8767);
#7922=AXIS2_PLACEMENT_3D('',#10798,#8769,#8770);
#7923=AXIS2_PLACEMENT_3D('',#10800,#8772,#8773);
#7924=AXIS2_PLACEMENT_3D('',#10802,#8775,#8776);
#7925=AXIS2_PLACEMENT_3D('',#10803,#8777,#8778);
#7926=AXIS2_PLACEMENT_3D('',#10805,#8780,#8781);
#7927=AXIS2_PLACEMENT_3D('',#10806,#8782,#8783);
#7928=AXIS2_PLACEMENT_3D('',#10808,#8784,#8785);
#7929=AXIS2_PLACEMENT_3D('',#10809,#8786,#8787);
#7930=AXIS2_PLACEMENT_3D('',#10811,#8788,#8789);
#7931=AXIS2_PLACEMENT_3D('',#10812,#8790,#8791);
#7932=AXIS2_PLACEMENT_3D('',#10814,#8792,#8793);
#7933=AXIS2_PLACEMENT_3D('',#10816,#8795,#8796);
#7934=AXIS2_PLACEMENT_3D('',#10818,#8797,#8798);
#7935=AXIS2_PLACEMENT_3D('',#10820,#8800,#8801);
#7936=AXIS2_PLACEMENT_3D('',#10826,#8805,#8806);
#7937=AXIS2_PLACEMENT_3D('',#10830,#8809,#8810);
#7938=AXIS2_PLACEMENT_3D('',#10834,#8813,#8814);
#7939=AXIS2_PLACEMENT_3D('',#10836,#8816,#8817);
#7940=AXIS2_PLACEMENT_3D('',#10841,#8819,#8820);
#7941=AXIS2_PLACEMENT_3D('',#10845,#8822,#8823);
#7942=AXIS2_PLACEMENT_3D('',#10849,#8825,#8826);
#7943=AXIS2_PLACEMENT_3D('',#10852,#8828,#8829);
#7944=AXIS2_PLACEMENT_3D('',#10853,#8830,#8831);
#7945=AXIS2_PLACEMENT_3D('',#10856,#8834,#8835);
#7946=AXIS2_PLACEMENT_3D('',#10858,#8837,#8838);
#7947=AXIS2_PLACEMENT_3D('',#10860,#8840,#8841);
#7948=AXIS2_PLACEMENT_3D('',#10862,#8843,#8844);
#7949=AXIS2_PLACEMENT_3D('',#10864,#8846,#8847);
#7950=AXIS2_PLACEMENT_3D('',#10866,#8849,#8850);
#7951=AXIS2_PLACEMENT_3D('',#10868,#8852,#8853);
#7952=AXIS2_PLACEMENT_3D('',#10869,#8854,#8855);
#7953=AXIS2_PLACEMENT_3D('',#10873,#8858,#8859);
#7954=AXIS2_PLACEMENT_3D('',#10877,#8862,#8863);
#7955=AXIS2_PLACEMENT_3D('',#10879,#8865,#8866);
#7956=AXIS2_PLACEMENT_3D('',#10880,#8867,#8868);
#7957=AXIS2_PLACEMENT_3D('',#10886,#8872,#8873);
#7958=AXIS2_PLACEMENT_3D('',#10890,#8876,#8877);
#7959=AXIS2_PLACEMENT_3D('',#10894,#8880,#8881);
#7960=AXIS2_PLACEMENT_3D('',#10896,#8883,#8884);
#7961=AXIS2_PLACEMENT_3D('',#10900,#8887,#8888);
#7962=AXIS2_PLACEMENT_3D('',#10904,#8891,#8892);
#7963=AXIS2_PLACEMENT_3D('',#10906,#8894,#8895);
#7964=AXIS2_PLACEMENT_3D('',#10907,#8896,#8897);
#7965=AXIS2_PLACEMENT_3D('',#10911,#8900,#8901);
#7966=AXIS2_PLACEMENT_3D('',#10915,#8904,#8905);
#7967=AXIS2_PLACEMENT_3D('',#10917,#8907,#8908);
#7968=AXIS2_PLACEMENT_3D('',#10918,#8909,#8910);
#7969=AXIS2_PLACEMENT_3D('',#10922,#8913,#8914);
#7970=AXIS2_PLACEMENT_3D('',#10926,#8917,#8918);
#7971=AXIS2_PLACEMENT_3D('',#10928,#8920,#8921);
#7972=AXIS2_PLACEMENT_3D('',#10929,#8922,#8923);
#7973=AXIS2_PLACEMENT_3D('',#10933,#8926,#8927);
#7974=AXIS2_PLACEMENT_3D('',#10937,#8930,#8931);
#7975=AXIS2_PLACEMENT_3D('',#10939,#8933,#8934);
#7976=AXIS2_PLACEMENT_3D('',#10940,#8935,#8936);
#7977=AXIS2_PLACEMENT_3D('',#10946,#8940,#8941);
#7978=AXIS2_PLACEMENT_3D('',#10950,#8944,#8945);
#7979=AXIS2_PLACEMENT_3D('',#10954,#8948,#8949);
#7980=AXIS2_PLACEMENT_3D('',#10956,#8951,#8952);
#7981=AXIS2_PLACEMENT_3D('',#10957,#8953,#8954);
#7982=AXIS2_PLACEMENT_3D('',#10958,#8955,#8956);
#7983=AXIS2_PLACEMENT_3D('',#10959,#8957,#8958);
#7984=AXIS2_PLACEMENT_3D('',#10962,#8959,#8960);
#7985=AXIS2_PLACEMENT_3D('',#10966,#8962,#8963);
#7986=AXIS2_PLACEMENT_3D('',#10968,#8965,#8966);
#7987=AXIS2_PLACEMENT_3D('',#10971,#8967,#8968);
#7988=AXIS2_PLACEMENT_3D('',#10974,#8970,#8971);
#7989=AXIS2_PLACEMENT_3D('',#10976,#8973,#8974);
#7990=AXIS2_PLACEMENT_3D('',#10977,#8975,#8976);
#7991=AXIS2_PLACEMENT_3D('',#10978,#8977,#8978);
#7992=AXIS2_PLACEMENT_3D('',#10981,#8979,#8980);
#7993=AXIS2_PLACEMENT_3D('',#10984,#8982,#8983);
#7994=AXIS2_PLACEMENT_3D('',#10986,#8985,#8986);
#7995=AXIS2_PLACEMENT_3D('',#10987,#8987,#8988);
#7996=AXIS2_PLACEMENT_3D('',#10988,#8989,#8990);
#7997=AXIS2_PLACEMENT_3D('',#10991,#8991,#8992);
#7998=AXIS2_PLACEMENT_3D('',#10994,#8994,#8995);
#7999=AXIS2_PLACEMENT_3D('',#10996,#8997,#8998);
#8000=AXIS2_PLACEMENT_3D('',#10999,#8999,#9000);
#8001=AXIS2_PLACEMENT_3D('',#11000,#9001,#9002);
#8002=AXIS2_PLACEMENT_3D('',#11001,#9003,#9004);
#8003=AXIS2_PLACEMENT_3D('',#11002,#9005,#9006);
#8004=AXIS2_PLACEMENT_3D('',#11005,#9007,#9008);
#8005=AXIS2_PLACEMENT_3D('',#11008,#9011,#9012);
#8006=AXIS2_PLACEMENT_3D('',#11011,#9013,#9014);
#8007=AXIS2_PLACEMENT_3D('',#11012,#9015,#9016);
#8008=AXIS2_PLACEMENT_3D('',#11013,#9017,#9018);
#8009=AXIS2_PLACEMENT_3D('',#11014,#9019,#9020);
#8010=AXIS2_PLACEMENT_3D('',#11017,#9021,#9022);
#8011=AXIS2_PLACEMENT_3D('',#11020,#9025,#9026);
#8012=AXIS2_PLACEMENT_3D('',#11021,#9027,#9028);
#8013=AXIS2_PLACEMENT_3D('',#11022,#9029,#9030);
#8014=AXIS2_PLACEMENT_3D('',#11025,#9031,#9032);
#8015=AXIS2_PLACEMENT_3D('',#11028,#9034,#9035);
#8016=AXIS2_PLACEMENT_3D('',#11030,#9037,#9038);
#8017=AXIS2_PLACEMENT_3D('',#11031,#9039,#9040);
#8018=AXIS2_PLACEMENT_3D('',#11032,#9041,#9042);
#8019=AXIS2_PLACEMENT_3D('',#11034,#9043,#9044);
#8020=AXIS2_PLACEMENT_3D('',#11037,#9046,#9047);
#8021=AXIS2_PLACEMENT_3D('',#11039,#9049,#9050);
#8022=AXIS2_PLACEMENT_3D('',#11040,#9051,#9052);
#8023=AXIS2_PLACEMENT_3D('',#11041,#9053,#9054);
#8024=AXIS2_PLACEMENT_3D('',#11042,#9055,#9056);
#8025=AXIS2_PLACEMENT_3D('',#11043,#9057,#9058);
#8026=AXIS2_PLACEMENT_3D('',#11047,#9060,#9061);
#8027=AXIS2_PLACEMENT_3D('',#11049,#9063,#9064);
#8028=AXIS2_PLACEMENT_3D('',#11053,#9067,#9068);
#8029=AXIS2_PLACEMENT_3D('',#11056,#9070,#9071);
#8030=AXIS2_PLACEMENT_3D('',#11057,#9072,#9073);
#8031=AXIS2_PLACEMENT_3D('',#11061,#9076,#9077);
#8032=AXIS2_PLACEMENT_3D('',#11064,#9079,#9080);
#8033=AXIS2_PLACEMENT_3D('',#11065,#9081,#9082);
#8034=AXIS2_PLACEMENT_3D('',#11069,#9085,#9086);
#8035=AXIS2_PLACEMENT_3D('',#11072,#9088,#9089);
#8036=AXIS2_PLACEMENT_3D('',#11073,#9090,#9091);
#8037=AXIS2_PLACEMENT_3D('',#11077,#9094,#9095);
#8038=AXIS2_PLACEMENT_3D('',#11283,#9126,#9127);
#8039=AXIS2_PLACEMENT_3D('',#11285,#9128,#9129);
#8040=AXIS2_PLACEMENT_3D('',#11286,#9130,#9131);
#8041=AXIS2_PLACEMENT_3D('',#11289,#9133,#9134);
#8042=AXIS2_PLACEMENT_3D('',#11290,#9135,#9136);
#8043=AXIS2_PLACEMENT_3D('',#11294,#9138,#9139);
#8044=AXIS2_PLACEMENT_3D('',#11298,#9141,#9142);
#8045=AXIS2_PLACEMENT_3D('',#11302,#9144,#9145);
#8046=AXIS2_PLACEMENT_3D('',#11348,#9169,#9170);
#8047=AXIS2_PLACEMENT_3D('',#11350,#9172,#9173);
#8048=AXIS2_PLACEMENT_3D('',#11352,#9175,#9176);
#8049=AXIS2_PLACEMENT_3D('',#11355,#9179,#9180);
#8050=AXIS2_PLACEMENT_3D('',#11357,#9182,#9183);
#8051=AXIS2_PLACEMENT_3D('',#11359,#9185,#9186);
#8052=AXIS2_PLACEMENT_3D('',#11360,#9187,#9188);
#8053=AXIS2_PLACEMENT_3D('',#11363,#9190,#9191);
#8054=AXIS2_PLACEMENT_3D('',#11364,#9192,#9193);
#8055=AXIS2_PLACEMENT_3D('',#11367,#9195,#9196);
#8056=AXIS2_PLACEMENT_3D('',#11368,#9197,#9198);
#8057=AXIS2_PLACEMENT_3D('',#11374,#9202,#9203);
#8058=AXIS2_PLACEMENT_3D('',#11378,#9206,#9207);
#8059=AXIS2_PLACEMENT_3D('',#11382,#9210,#9211);
#8060=AXIS2_PLACEMENT_3D('',#11384,#9213,#9214);
#8061=AXIS2_PLACEMENT_3D('',#11393,#9219,#9220);
#8062=AXIS2_PLACEMENT_3D('',#11399,#9224,#9225);
#8063=AXIS2_PLACEMENT_3D('',#11402,#9228,#9229);
#8064=AXIS2_PLACEMENT_3D('',#11408,#9233,#9234);
#8065=AXIS2_PLACEMENT_3D('',#11412,#9237,#9238);
#8066=AXIS2_PLACEMENT_3D('',#11416,#9241,#9242);
#8067=AXIS2_PLACEMENT_3D('',#11420,#9245,#9246);
#8068=AXIS2_PLACEMENT_3D('',#11424,#9249,#9250);
#8069=AXIS2_PLACEMENT_3D('',#11428,#9253,#9254);
#8070=AXIS2_PLACEMENT_3D('',#11432,#9257,#9258);
#8071=AXIS2_PLACEMENT_3D('',#11434,#9260,#9261);
#8072=AXIS2_PLACEMENT_3D('',#11789,#9280,#9281);
#8073=AXIS2_PLACEMENT_3D('',#11790,#9282,#9283);
#8074=AXIS2_PLACEMENT_3D('',#11796,#9287,#9288);
#8075=AXIS2_PLACEMENT_3D('',#11800,#9291,#9292);
#8076=AXIS2_PLACEMENT_3D('',#11804,#9295,#9296);
#8077=AXIS2_PLACEMENT_3D('',#11808,#9299,#9300);
#8078=AXIS2_PLACEMENT_3D('',#11812,#9303,#9304);
#8079=AXIS2_PLACEMENT_3D('',#11816,#9307,#9308);
#8080=AXIS2_PLACEMENT_3D('',#11820,#9311,#9312);
#8081=AXIS2_PLACEMENT_3D('',#11822,#9314,#9315);
#8082=AXIS2_PLACEMENT_3D('',#11961,#9325,#9326);
#8083=AXIS2_PLACEMENT_3D('',#11965,#9329,#9330);
#8084=AXIS2_PLACEMENT_3D('',#11969,#9333,#9334);
#8085=AXIS2_PLACEMENT_3D('',#12075,#9343,#9344);
#8086=AXIS2_PLACEMENT_3D('',#12079,#9347,#9348);
#8087=AXIS2_PLACEMENT_3D('',#12083,#9351,#9352);
#8088=AXIS2_PLACEMENT_3D('',#12085,#9354,#9355);
#8089=AXIS2_PLACEMENT_3D('',#12086,#9356,#9357);
#8090=AXIS2_PLACEMENT_3D('',#12092,#9361,#9362);
#8091=AXIS2_PLACEMENT_3D('',#12096,#9365,#9366);
#8092=AXIS2_PLACEMENT_3D('',#12100,#9369,#9370);
#8093=AXIS2_PLACEMENT_3D('',#12102,#9372,#9373);
#8094=AXIS2_PLACEMENT_3D('',#12103,#9374,#9375);
#8095=AXIS2_PLACEMENT_3D('',#12104,#9376,#9377);
#8096=AXIS2_PLACEMENT_3D('',#12105,#9378,#9379);
#8097=AXIS2_PLACEMENT_3D('',#12112,#9383,#9384);
#8098=AXIS2_PLACEMENT_3D('',#12119,#9388,#9389);
#8099=AXIS2_PLACEMENT_3D('',#12126,#9393,#9394);
#8100=AXIS2_PLACEMENT_3D('',#12133,#9398,#9399);
#8101=AXIS2_PLACEMENT_3D('',#12140,#9403,#9404);
#8102=AXIS2_PLACEMENT_3D('',#12147,#9408,#9409);
#8103=AXIS2_PLACEMENT_3D('',#12154,#9413,#9414);
#8104=AXIS2_PLACEMENT_3D('',#12161,#9418,#9419);
#8105=AXIS2_PLACEMENT_3D('',#12168,#9423,#9424);
#8106=AXIS2_PLACEMENT_3D('',#12175,#9428,#9429);
#8107=AXIS2_PLACEMENT_3D('',#12182,#9433,#9434);
#8108=AXIS2_PLACEMENT_3D('',#12189,#9438,#9439);
#8109=AXIS2_PLACEMENT_3D('',#12196,#9443,#9444);
#8110=AXIS2_PLACEMENT_3D('',#12203,#9448,#9449);
#8111=AXIS2_PLACEMENT_3D('',#12212,#9454,#9455);
#8112=AXIS2_PLACEMENT_3D('',#12218,#9459,#9460);
#8113=AXIS2_PLACEMENT_3D('',#12222,#9464,#9465);
#8114=AXIS2_PLACEMENT_3D('',#12226,#9468,#9469);
#8115=AXIS2_PLACEMENT_3D('',#12230,#9472,#9473);
#8116=AXIS2_PLACEMENT_3D('',#12236,#9477,#9478);
#8117=AXIS2_PLACEMENT_3D('',#12245,#9483,#9484);
#8118=AXIS2_PLACEMENT_3D('',#12251,#9488,#9489);
#8119=AXIS2_PLACEMENT_3D('',#12256,#9493,#9494);
#8120=AXIS2_PLACEMENT_3D('',#12259,#9497,#9498);
#8121=AXIS2_PLACEMENT_3D('',#12263,#9501,#9502);
#8122=AXIS2_PLACEMENT_3D('',#12269,#9506,#9507);
#8123=AXIS2_PLACEMENT_3D('',#12274,#9511,#9512);
#8124=AXIS2_PLACEMENT_3D('',#12283,#9517,#9518);
#8125=AXIS2_PLACEMENT_3D('',#12290,#9523,#9524);
#8126=AXIS2_PLACEMENT_3D('',#12295,#9528,#9529);
#8127=AXIS2_PLACEMENT_3D('',#12300,#9533,#9534);
#8128=AXIS2_PLACEMENT_3D('',#12301,#9535,#9536);
#8129=AXIS2_PLACEMENT_3D('',#12307,#9540,#9541);
#8130=AXIS2_PLACEMENT_3D('',#12313,#9545,#9546);
#8131=AXIS2_PLACEMENT_3D('',#12322,#9551,#9552);
#8132=AXIS2_PLACEMENT_3D('',#12328,#9556,#9557);
#8133=AXIS2_PLACEMENT_3D('',#12333,#9561,#9562);
#8134=AXIS2_PLACEMENT_3D('',#12336,#9565,#9566);
#8135=AXIS2_PLACEMENT_3D('',#12340,#9569,#9570);
#8136=AXIS2_PLACEMENT_3D('',#12343,#9573,#9574);
#8137=AXIS2_PLACEMENT_3D('',#12346,#9577,#9578);
#8138=AXIS2_PLACEMENT_3D('',#12355,#9583,#9584);
#8139=AXIS2_PLACEMENT_3D('',#12361,#9588,#9589);
#8140=AXIS2_PLACEMENT_3D('',#12366,#9593,#9594);
#8141=AXIS2_PLACEMENT_3D('',#12369,#9597,#9598);
#8142=AXIS2_PLACEMENT_3D('',#12371,#9600,#9601);
#8143=AXIS2_PLACEMENT_3D('',#12377,#9605,#9606);
#8144=AXIS2_PLACEMENT_3D('',#12386,#9611,#9612);
#8145=AXIS2_PLACEMENT_3D('',#12392,#9616,#9617);
#8146=AXIS2_PLACEMENT_3D('',#12397,#9621,#9622);
#8147=AXIS2_PLACEMENT_3D('',#12400,#9625,#9626);
#8148=AXIS2_PLACEMENT_3D('',#12404,#9629,#9630);
#8149=AXIS2_PLACEMENT_3D('',#12410,#9634,#9635);
#8150=AXIS2_PLACEMENT_3D('',#12416,#9639,#9640);
#8151=AXIS2_PLACEMENT_3D('',#12425,#9645,#9646);
#8152=AXIS2_PLACEMENT_3D('',#12431,#9650,#9651);
#8153=AXIS2_PLACEMENT_3D('',#12436,#9655,#9656);
#8154=AXIS2_PLACEMENT_3D('',#12439,#9659,#9660);
#8155=AXIS2_PLACEMENT_3D('',#12443,#9663,#9664);
#8156=AXIS2_PLACEMENT_3D('',#12446,#9667,#9668);
#8157=AXIS2_PLACEMENT_3D('',#12449,#9671,#9672);
#8158=AXIS2_PLACEMENT_3D('',#12452,#9675,#9676);
#8159=AXIS2_PLACEMENT_3D('',#12458,#9680,#9681);
#8160=AXIS2_PLACEMENT_3D('',#12461,#9684,#9685);
#8161=AXIS2_PLACEMENT_3D('',#12462,#9686,#9687);
#8162=AXIS2_PLACEMENT_3D('',#12471,#9692,#9693);
#8163=AXIS2_PLACEMENT_3D('',#12477,#9697,#9698);
#8164=AXIS2_PLACEMENT_3D('',#12480,#9701,#9702);
#8165=AXIS2_PLACEMENT_3D('',#12484,#9705,#9706);
#8166=AXIS2_PLACEMENT_3D('',#12488,#9709,#9710);
#8167=AXIS2_PLACEMENT_3D('',#12492,#9713,#9714);
#8168=AXIS2_PLACEMENT_3D('',#12501,#9719,#9720);
#8169=AXIS2_PLACEMENT_3D('',#12507,#9724,#9725);
#8170=AXIS2_PLACEMENT_3D('',#12512,#9729,#9730);
#8171=AXIS2_PLACEMENT_3D('',#12514,#9732,#9733);
#8172=AXIS2_PLACEMENT_3D('',#12518,#9736,#9737);
#8173=AXIS2_PLACEMENT_3D('',#12522,#9740,#9741);
#8174=AXIS2_PLACEMENT_3D('',#12526,#9744,#9745);
#8175=AXIS2_PLACEMENT_3D('',#12535,#9750,#9751);
#8176=AXIS2_PLACEMENT_3D('',#12585,#9778,#9779);
#8177=AXIS2_PLACEMENT_3D('',#12590,#9783,#9784);
#8178=AXIS2_PLACEMENT_3D('',#12594,#9787,#9788);
#8179=AXIS2_PLACEMENT_3D('',#12597,#9791,#9792);
#8180=AXIS2_PLACEMENT_3D('',#12598,#9793,#9794);
#8181=AXIS2_PLACEMENT_3D('',#12600,#9796,#9797);
#8182=AXIS2_PLACEMENT_3D('',#12602,#9799,#9800);
#8183=AXIS2_PLACEMENT_3D('',#12608,#9804,#9805);
#8184=AXIS2_PLACEMENT_3D('',#12614,#9809,#9810);
#8185=AXIS2_PLACEMENT_3D('',#12617,#9813,#9814);
#8186=AXIS2_PLACEMENT_3D('',#12619,#9816,#9817);
#8187=AXIS2_PLACEMENT_3D('',#12621,#9819,#9820);
#8188=AXIS2_PLACEMENT_3D('',#12622,#9821,#9822);
#8189=AXIS2_PLACEMENT_3D('',#12623,#9823,#9824);
#8190=AXIS2_PLACEMENT_3D('',#12629,#9828,#9829);
#8191=AXIS2_PLACEMENT_3D('',#12635,#9833,#9834);
#8192=AXIS2_PLACEMENT_3D('',#12638,#9837,#9838);
#8193=AXIS2_PLACEMENT_3D('',#12640,#9840,#9841);
#8194=AXIS2_PLACEMENT_3D('',#12641,#9842,#9843);
#8195=AXIS2_PLACEMENT_3D('',#12643,#9845,#9846);
#8196=AXIS2_PLACEMENT_3D('',#12649,#9850,#9851);
#8197=AXIS2_PLACEMENT_3D('',#12655,#9855,#9856);
#8198=AXIS2_PLACEMENT_3D('',#12658,#9859,#9860);
#8199=AXIS2_PLACEMENT_3D('',#12660,#9862,#9863);
#8200=AXIS2_PLACEMENT_3D('',#12662,#9865,#9866);
#8201=AXIS2_PLACEMENT_3D('',#12664,#9868,#9869);
#8202=AXIS2_PLACEMENT_3D('',#12666,#9871,#9872);
#8203=AXIS2_PLACEMENT_3D('',#12672,#9876,#9877);
#8204=AXIS2_PLACEMENT_3D('',#12678,#9881,#9882);
#8205=AXIS2_PLACEMENT_3D('',#12681,#9885,#9886);
#8206=AXIS2_PLACEMENT_3D('',#12683,#9888,#9889);
#8207=AXIS2_PLACEMENT_3D('',#12685,#9891,#9892);
#8208=AXIS2_PLACEMENT_3D('',#12686,#9893,#9894);
#8209=AXIS2_PLACEMENT_3D('',#12687,#9895,#9896);
#8210=AXIS2_PLACEMENT_3D('',#12688,#9897,#9898);
#8211=AXIS2_PLACEMENT_3D('',#12690,#9900,#9901);
#8212=AXIS2_PLACEMENT_3D('',#12691,#9902,#9903);
#8213=AXIS2_PLACEMENT_3D('',#12692,#9904,#9905);
#8214=AXIS2_PLACEMENT_3D('',#12695,#9906,#9907);
#8215=AXIS2_PLACEMENT_3D('',#12699,#9909,#9910);
#8216=AXIS2_PLACEMENT_3D('',#12701,#9912,#9913);
#8217=AXIS2_PLACEMENT_3D('',#12710,#9918,#9919);
#8218=AXIS2_PLACEMENT_3D('',#12712,#9920,#9921);
#8219=AXIS2_PLACEMENT_3D('',#12714,#9922,#9923);
#8220=AXIS2_PLACEMENT_3D('',#12716,#9925,#9926);
#8221=AXIS2_PLACEMENT_3D('',#12722,#9930,#9931);
#8222=AXIS2_PLACEMENT_3D('',#12724,#9932,#9933);
#8223=AXIS2_PLACEMENT_3D('',#12726,#9934,#9935);
#8224=AXIS2_PLACEMENT_3D('',#12728,#9937,#9938);
#8225=AXIS2_PLACEMENT_3D('',#12734,#9942,#9943);
#8226=AXIS2_PLACEMENT_3D('',#12736,#9944,#9945);
#8227=AXIS2_PLACEMENT_3D('',#12738,#9946,#9947);
#8228=AXIS2_PLACEMENT_3D('',#12740,#9949,#9950);
#8229=AXIS2_PLACEMENT_3D('',#12746,#9954,#9955);
#8230=AXIS2_PLACEMENT_3D('',#12747,#9956,#9957);
#8231=AXIS2_PLACEMENT_3D('',#12748,#9958,#9959);
#8232=AXIS2_PLACEMENT_3D('',#12749,#9960,#9961);
#8233=AXIS2_PLACEMENT_3D('',#12752,#9962,#9963);
#8234=AXIS2_PLACEMENT_3D('',#12756,#9965,#9966);
#8235=AXIS2_PLACEMENT_3D('',#12758,#9968,#9969);
#8236=AXIS2_PLACEMENT_3D('',#12761,#9970,#9971);
#8237=AXIS2_PLACEMENT_3D('',#12765,#9973,#9974);
#8238=AXIS2_PLACEMENT_3D('',#12767,#9976,#9977);
#8239=AXIS2_PLACEMENT_3D('',#12770,#9978,#9979);
#8240=AXIS2_PLACEMENT_3D('',#12774,#9981,#9982);
#8241=AXIS2_PLACEMENT_3D('',#12776,#9984,#9985);
#8242=AXIS2_PLACEMENT_3D('',#12781,#9990,#9991);
#8243=AXIS2_PLACEMENT_3D('',#12785,#9994,#9995);
#8244=AXIS2_PLACEMENT_3D('',#12793,#10000,#10001);
#8245=AXIS2_PLACEMENT_3D('',#12795,#10003,#10004);
#8246=AXIS2_PLACEMENT_3D('',#12801,#10008,#10009);
#8247=AXIS2_PLACEMENT_3D('',#12803,#10011,#10012);
#8248=AXIS2_PLACEMENT_3D('',#12809,#10016,#10017);
#8249=AXIS2_PLACEMENT_3D('',#12812,#10020,#10021);
#8250=AXIS2_PLACEMENT_3D('',#12813,#10022,#10023);
#8251=AXIS2_PLACEMENT_3D('',#12814,#10024,#10025);
#8252=AXIS2_PLACEMENT_3D('',#12823,#10030,#10031);
#8253=AXIS2_PLACEMENT_3D('',#12832,#10036,#10037);
#8254=AXIS2_PLACEMENT_3D('',#12835,#10040,#10041);
#8255=AXIS2_PLACEMENT_3D('',#12837,#10042,#10043);
#8256=AXIS2_PLACEMENT_3D('',#12840,#10045,#10046);
#8257=AXIS2_PLACEMENT_3D('',#12841,#10047,#10048);
#8258=AXIS2_PLACEMENT_3D('',#12843,#10049,#10050);
#8259=AXIS2_PLACEMENT_3D('',#12844,#10051,#10052);
#8260=AXIS2_PLACEMENT_3D('',#12846,#10053,#10054);
#8261=AXIS2_PLACEMENT_3D('',#12849,#10056,#10057);
#8262=AXIS2_PLACEMENT_3D('',#12850,#10058,#10059);
#8263=AXIS2_PLACEMENT_3D('',#12852,#10060,#10061);
#8264=AXIS2_PLACEMENT_3D('',#12853,#10062,#10063);
#8265=AXIS2_PLACEMENT_3D('',#12856,#10065,#10066);
#8266=AXIS2_PLACEMENT_3D('',#12857,#10067,#10068);
#8267=AXIS2_PLACEMENT_3D('',#12860,#10070,#10071);
#8268=AXIS2_PLACEMENT_3D('',#12861,#10072,#10073);
#8269=AXIS2_PLACEMENT_3D('',#12872,#10079,#10080);
#8270=AXIS2_PLACEMENT_3D('',#12873,#10081,#10082);
#8271=AXIS2_PLACEMENT_3D('',#12879,#10086,#10087);
#8272=AXIS2_PLACEMENT_3D('',#12882,#10089,#10090);
#8273=AXIS2_PLACEMENT_3D('',#12883,#10091,#10092);
#8274=AXIS2_PLACEMENT_3D('',#12887,#10095,#10096);
#8275=AXIS2_PLACEMENT_3D('',#12892,#10100,#10101);
#8276=AXIS2_PLACEMENT_3D('',#12894,#10103,#10104);
#8277=AXIS2_PLACEMENT_3D('',#12895,#10105,#10106);
#8278=AXIS2_PLACEMENT_3D('',#12896,#10107,#10108);
#8279=AXIS2_PLACEMENT_3D('',#12905,#10113,#10114);
#8280=AXIS2_PLACEMENT_3D('',#12914,#10119,#10120);
#8281=AXIS2_PLACEMENT_3D('',#12917,#10123,#10124);
#8282=AXIS2_PLACEMENT_3D('',#12919,#10125,#10126);
#8283=AXIS2_PLACEMENT_3D('',#12922,#10128,#10129);
#8284=AXIS2_PLACEMENT_3D('',#12923,#10130,#10131);
#8285=AXIS2_PLACEMENT_3D('',#12925,#10132,#10133);
#8286=AXIS2_PLACEMENT_3D('',#12928,#10135,#10136);
#8287=AXIS2_PLACEMENT_3D('',#12929,#10137,#10138);
#8288=AXIS2_PLACEMENT_3D('',#12935,#10142,#10143);
#8289=AXIS2_PLACEMENT_3D('',#12941,#10147,#10148);
#8290=AXIS2_PLACEMENT_3D('',#12948,#10152,#10153);
#8291=AXIS2_PLACEMENT_3D('',#12949,#10154,#10155);
#8292=AXIS2_PLACEMENT_3D('',#12952,#10157,#10158);
#8293=AXIS2_PLACEMENT_3D('',#12953,#10159,#10160);
#8294=AXIS2_PLACEMENT_3D('',#12957,#10163,#10164);
#8295=AXIS2_PLACEMENT_3D('',#12961,#10167,#10168);
#8296=AXIS2_PLACEMENT_3D('',#12963,#10170,#10171);
#8297=AXIS2_PLACEMENT_3D('',#12964,#10172,#10173);
#8298=AXIS2_PLACEMENT_3D('',#12978,#10174,#10175);
#8299=AXIS2_PLACEMENT_3D('',#12980,#10176,#10177);
#8300=AXIS2_PLACEMENT_3D('',#12982,#10178,#10179);
#8301=AXIS2_PLACEMENT_3D('',#12984,#10180,#10181);
#8302=AXIS2_PLACEMENT_3D('',#12985,#10182,#10183);
#8303=AXIS2_PLACEMENT_3D('',#12986,#10184,#10185);
#8304=AXIS2_PLACEMENT_3D('',#12989,#10186,#10187);
#8305=AXIS2_PLACEMENT_3D('',#12992,#10190,#10191);
#8306=AXIS2_PLACEMENT_3D('',#13006,#10192,#10193);
#8307=AXIS2_PLACEMENT_3D('',#13008,#10194,#10195);
#8308=AXIS2_PLACEMENT_3D('',#13009,#10196,#10197);
#8309=AXIS2_PLACEMENT_3D('',#13010,#10198,#10199);
#8310=AXIS2_PLACEMENT_3D('',#13011,#10200,#10201);
#8311=AXIS2_PLACEMENT_3D('',#13014,#10202,#10203);
#8312=AXIS2_PLACEMENT_3D('',#13017,#10206,#10207);
#8313=AXIS2_PLACEMENT_3D('',#13031,#10208,#10209);
#8314=AXIS2_PLACEMENT_3D('',#13033,#10210,#10211);
#8315=AXIS2_PLACEMENT_3D('',#13034,#10212,#10213);
#8316=AXIS2_PLACEMENT_3D('',#13035,#10214,#10215);
#8317=AXIS2_PLACEMENT_3D('',#13036,#10216,#10217);
#8318=AXIS2_PLACEMENT_3D('',#13039,#10218,#10219);
#8319=AXIS2_PLACEMENT_3D('',#13042,#10222,#10223);
#8320=AXIS2_PLACEMENT_3D('',#13056,#10224,#10225);
#8321=AXIS2_PLACEMENT_3D('',#13058,#10226,#10227);
#8322=AXIS2_PLACEMENT_3D('',#13059,#10228,#10229);
#8323=AXIS2_PLACEMENT_3D('',#13060,#10230,#10231);
#8324=AXIS2_PLACEMENT_3D('',#13061,#10232,#10233);
#8325=AXIS2_PLACEMENT_3D('',#13064,#10236,#10237);
#8326=AXIS2_PLACEMENT_3D('',#13065,#10238,#10239);
#8327=AXIS2_PLACEMENT_3D('',#13066,#10240,#10241);
#8328=AXIS2_PLACEMENT_3D('',#13067,#10242,#10243);
#8329=AXIS2_PLACEMENT_3D('',#13068,#10244,#10245);
#8330=AXIS2_PLACEMENT_3D('',#13070,#10246,#10247);
#8331=AXIS2_PLACEMENT_3D('',#13071,#10248,#10249);
#8332=AXIS2_PLACEMENT_3D('',#13072,#10250,#10251);
#8333=AXIS2_PLACEMENT_3D('',#13078,#10255,#10256);
#8334=AXIS2_PLACEMENT_3D('',#13081,#10258,#10259);
#8335=AXIS2_PLACEMENT_3D('',#13082,#10260,#10261);
#8336=AXIS2_PLACEMENT_3D('',#13086,#10264,#10265);
#8337=AXIS2_PLACEMENT_3D('',#13089,#10267,#10268);
#8338=AXIS2_PLACEMENT_3D('',#13090,#10269,#10270);
#8339=AXIS2_PLACEMENT_3D('',#13099,#10275,#10276);
#8340=AXIS2_PLACEMENT_3D('',#13100,#10277,#10278);
#8341=AXIS2_PLACEMENT_3D('',#13101,#10279,#10280);
#8342=AXIS2_PLACEMENT_3D('',#13103,#10281,#10282);
#8343=AXIS2_PLACEMENT_3D('',#13105,#10283,#10284);
#8344=AXIS2_PLACEMENT_3D('',#13107,#10285,#10286);
#8345=AXIS2_PLACEMENT_3D('',#13108,#10287,#10288);
#8346=AXIS2_PLACEMENT_3D('',#13109,#10289,#10290);
#8347=AXIS2_PLACEMENT_3D('',#13111,#10291,#10292);
#8348=AXIS2_PLACEMENT_3D('',#13112,#10293,#10294);
#8349=AXIS2_PLACEMENT_3D('',#13114,#10296,#10297);
#8350=AXIS2_PLACEMENT_3D('',#13117,#10299,#10300);
#8351=AXIS2_PLACEMENT_3D('',#13118,#10301,#10302);
#8352=AXIS2_PLACEMENT_3D('',#13119,#10303,#10304);
#8353=AXIS2_PLACEMENT_3D('',#13121,#10305,#10306);
#8354=AXIS2_PLACEMENT_3D('',#13123,#10308,#10309);
#8355=AXIS2_PLACEMENT_3D('',#13127,#10312,#10313);
#8356=AXIS2_PLACEMENT_3D('',#13130,#10315,#10316);
#8357=AXIS2_PLACEMENT_3D('',#13139,#10321,#10322);
#8358=AXIS2_PLACEMENT_3D('',#13141,#10324,#10325);
#8359=AXIS2_PLACEMENT_3D('',#13144,#10328,#10329);
#8360=AXIS2_PLACEMENT_3D('',#13146,#10331,#10332);
#8361=AXIS2_PLACEMENT_3D('',#13148,#10334,#10335);
#8362=AXIS2_PLACEMENT_3D('',#13149,#10336,#10337);
#8363=AXIS2_PLACEMENT_3D('',#13150,#10338,#10339);
#8364=AXIS2_PLACEMENT_3D('',#13152,#10340,#10341);
#8365=AXIS2_PLACEMENT_3D('',#13155,#10343,#10344);
#8366=AXIS2_PLACEMENT_3D('',#13156,#10345,#10346);
#8367=AXIS2_PLACEMENT_3D('',#13158,#10347,#10348);
#8368=AXIS2_PLACEMENT_3D('',#13161,#10350,#10351);
#8369=AXIS2_PLACEMENT_3D('',#13162,#10352,#10353);
#8370=AXIS2_PLACEMENT_3D('',#13163,#10354,#10355);
#8371=AXIS2_PLACEMENT_3D('',#13164,#10356,#10357);
#8372=AXIS2_PLACEMENT_3D('',#13173,#10362,#10363);
#8373=AXIS2_PLACEMENT_3D('',#13179,#10367,#10368);
#8374=AXIS2_PLACEMENT_3D('',#13185,#10372,#10373);
#8375=AXIS2_PLACEMENT_3D('',#13188,#10376,#10377);
#8376=AXIS2_PLACEMENT_3D('',#13197,#10382,#10383);
#8377=AXIS2_PLACEMENT_3D('',#13203,#10387,#10388);
#8378=AXIS2_PLACEMENT_3D('',#13209,#10392,#10393);
#8379=AXIS2_PLACEMENT_3D('',#13212,#10396,#10397);
#8380=AXIS2_PLACEMENT_3D('',#13213,#10398,#10399);
#8381=DIRECTION('axis',(0.,0.,1.));
#8382=DIRECTION('refdir',(1.,0.,0.));
#8383=DIRECTION('center_axis',(-1.,7.70371977754894E-33,0.));
#8384=DIRECTION('ref_axis',(0.,-0.707106781186548,-0.707106781186547));
#8385=DIRECTION('center_axis',(-1.,0.,0.));
#8386=DIRECTION('ref_axis',(0.,0.,-1.));
#8387=DIRECTION('',(-1.,7.70371977754894E-33,0.));
#8388=DIRECTION('center_axis',(1.,0.,0.));
#8389=DIRECTION('ref_axis',(0.,-1.,0.));
#8390=DIRECTION('',(1.,-7.70371977754894E-33,0.));
#8391=DIRECTION('center_axis',(0.18777580730125,-0.98221191511423,0.));
#8392=DIRECTION('ref_axis',(0.694528705739496,0.132777546685492,-0.70710678118655));
#8393=DIRECTION('center_axis',(0.187775807301244,-0.982211915114231,0.));
#8394=DIRECTION('ref_axis',(0.,0.,-1.));
#8395=DIRECTION('',(0.18777580730125,-0.98221191511423,0.));
#8396=DIRECTION('center_axis',(-0.187775807301251,0.98221191511423,0.));
#8397=DIRECTION('ref_axis',(0.98221191511423,0.187775807301251,0.));
#8398=DIRECTION('',(-0.18777580730125,0.98221191511423,0.));
#8399=DIRECTION('center_axis',(-0.351325384819716,-0.865233951586436,0.357687968770826));
#8400=DIRECTION('ref_axis',(0.606298062249009,-0.501368336676857,-0.617278260342108));
#8401=DIRECTION('center_axis',(0.,0.,-1.));
#8402=DIRECTION('ref_axis',(0.770641228880614,-0.637269249493004,0.));
#8403=DIRECTION('center_axis',(1.,0.,0.));
#8404=DIRECTION('ref_axis',(0.,0.707106781186546,-0.707106781186549));
#8405=DIRECTION('center_axis',(1.,0.,0.));
#8406=DIRECTION('ref_axis',(0.,0.,-1.));
#8407=DIRECTION('',(1.,0.,0.));
#8408=DIRECTION('center_axis',(-1.,0.,0.));
#8409=DIRECTION('ref_axis',(0.,1.,0.));
#8410=DIRECTION('',(-1.,0.,0.));
#8411=DIRECTION('center_axis',(-0.845102212797187,0.408964566589439,-0.344311244660424));
#8412=DIRECTION('ref_axis',(0.53460476047759,0.646490427566751,-0.544286576298973));
#8413=DIRECTION('center_axis',(0.,0.,-1.));
#8414=DIRECTION('ref_axis',(0.637269249493008,0.770641228880611,0.));
#8415=DIRECTION('center_axis',(0.18777580730125,0.98221191511423,0.));
#8416=DIRECTION('ref_axis',(-0.694528705739499,0.132777546685495,-0.707106781186546));
#8417=DIRECTION('center_axis',(0.187775807301258,0.982211915114229,0.));
#8418=DIRECTION('ref_axis',(0.,0.,-1.));
#8419=DIRECTION('',(0.18777580730125,0.98221191511423,0.));
#8420=DIRECTION('center_axis',(-0.187775807301253,-0.98221191511423,0.));
#8421=DIRECTION('ref_axis',(-0.98221191511423,0.187775807301253,0.));
#8422=DIRECTION('',(-0.18777580730125,-0.98221191511423,0.));
#8423=DIRECTION('center_axis',(-0.845102212797189,-0.408964566589433,0.344311244660427));
#8424=DIRECTION('ref_axis',(-0.534604760477586,0.646490427566748,-0.544286576298981));
#8425=DIRECTION('center_axis',(0.,0.,-1.));
#8426=DIRECTION('ref_axis',(-0.637269249493005,0.770641228880614,0.));
#8427=DIRECTION('center_axis',(-1.,-3.22730933658115E-18,0.));
#8428=DIRECTION('ref_axis',(0.,-0.707106781186548,-0.707106781186547));
#8429=DIRECTION('center_axis',(-1.,0.,0.));
#8430=DIRECTION('ref_axis',(0.,0.,-1.));
#8431=DIRECTION('',(-1.,-3.22730933658115E-18,0.));
#8432=DIRECTION('center_axis',(1.,-5.55111512312578E-16,0.));
#8433=DIRECTION('ref_axis',(-5.55111512312578E-16,-1.,0.));
#8434=DIRECTION('',(1.,3.22730933658115E-18,0.));
#8435=DIRECTION('center_axis',(0.351325384819715,-0.865233951586435,0.35768796877083));
#8436=DIRECTION('ref_axis',(-0.606298062249003,-0.501368336676862,-0.61727826034211));
#8437=DIRECTION('center_axis',(0.,0.,-1.));
#8438=DIRECTION('ref_axis',(-0.770641228880617,-0.637269249493001,0.));
#8439=DIRECTION('center_axis',(-0.477946829714394,-0.878388768123751,0.));
#8440=DIRECTION('ref_axis',(0.621114654458403,-0.337959444337661,-0.707106781186547));
#8441=DIRECTION('center_axis',(-0.477946829714394,-0.878388768123751,0.));
#8442=DIRECTION('ref_axis',(0.,0.,-1.));
#8443=DIRECTION('',(-0.477946829714394,-0.878388768123751,0.));
#8444=DIRECTION('center_axis',(0.477946829714394,0.878388768123751,0.));
#8445=DIRECTION('ref_axis',(0.878388768123751,-0.477946829714394,0.));
#8446=DIRECTION('',(0.477946829714394,0.878388768123751,0.));
#8447=DIRECTION('center_axis',(0.,0.,-1.));
#8448=DIRECTION('ref_axis',(-1.,0.,0.));
#8449=DIRECTION('center_axis',(-1.,0.,0.));
#8450=DIRECTION('ref_axis',(0.,0.,-1.));
#8451=DIRECTION('center_axis',(0.,0.,1.));
#8452=DIRECTION('ref_axis',(-0.510907609204251,0.859635629122709,0.));
#8453=DIRECTION('center_axis',(0.,0.,-1.));
#8454=DIRECTION('ref_axis',(-0.510907609204251,0.859635629122709,0.));
#8455=DIRECTION('center_axis',(-1.,1.70803542250024E-16,0.));
#8456=DIRECTION('ref_axis',(0.,-0.707106781186548,-0.707106781186547));
#8457=DIRECTION('center_axis',(-1.,0.,0.));
#8458=DIRECTION('ref_axis',(0.,0.,-1.));
#8459=DIRECTION('',(-1.,1.70803542250024E-16,0.));
#8460=DIRECTION('',(1.,-1.70803542250024E-16,0.));
#8461=DIRECTION('center_axis',(0.,0.,-1.));
#8462=DIRECTION('ref_axis',(-1.,0.,0.));
#8463=DIRECTION('center_axis',(-0.477946829714396,0.878388768123749,0.));
#8464=DIRECTION('ref_axis',(0.,0.,-1.));
#8465=DIRECTION('center_axis',(0.,0.,1.));
#8466=DIRECTION('ref_axis',(0.510907609204248,0.859635629122711,0.));
#8467=DIRECTION('center_axis',(0.,0.,-1.));
#8468=DIRECTION('ref_axis',(0.510907609204248,0.859635629122711,0.));
#8469=DIRECTION('center_axis',(-0.477946829714394,0.878388768123751,0.));
#8470=DIRECTION('ref_axis',(-0.621114654458403,-0.337959444337658,-0.707106781186548));
#8471=DIRECTION('center_axis',(-0.477946829714388,0.878388768123754,0.));
#8472=DIRECTION('ref_axis',(0.,0.,-1.));
#8473=DIRECTION('',(-0.477946829714394,0.878388768123751,0.));
#8474=DIRECTION('',(0.477946829714394,-0.878388768123751,0.));
#8475=DIRECTION('center_axis',(-0.897194316655987,-0.365775372865399,-0.247488857861066));
#8476=DIRECTION('ref_axis',(0.441636001884127,-0.743081597305247,-0.50277965510359));
#8477=DIRECTION('center_axis',(0.,0.,-1.));
#8478=DIRECTION('ref_axis',(0.510907609204252,-0.859635629122709,0.));
#8479=DIRECTION('center_axis',(-0.897194316655987,0.3657753728654,0.247488857861065));
#8480=DIRECTION('ref_axis',(-0.441636001884127,-0.743081597305249,-0.502779655103588));
#8481=DIRECTION('center_axis',(0.,0.,-1.));
#8482=DIRECTION('ref_axis',(-0.510907609204248,-0.859635629122711,0.));
#8483=DIRECTION('center_axis',(0.,0.,1.));
#8484=DIRECTION('ref_axis',(0.637269249493007,0.770641228880612,0.));
#8485=DIRECTION('',(0.,0.,1.));
#8486=DIRECTION('center_axis',(0.,0.,-1.));
#8487=DIRECTION('ref_axis',(0.637269249493007,0.770641228880612,0.));
#8488=DIRECTION('',(0.,0.,-1.));
#8489=DIRECTION('center_axis',(0.,1.,0.));
#8490=DIRECTION('ref_axis',(-1.,0.,0.));
#8491=DIRECTION('',(0.,0.,-1.));
#8492=DIRECTION('',(-1.,0.,0.));
#8493=DIRECTION('',(-1.,0.,0.));
#8494=DIRECTION('center_axis',(0.,-1.,0.));
#8495=DIRECTION('ref_axis',(-1.,0.,0.));
#8496=DIRECTION('',(0.,0.,-1.));
#8497=DIRECTION('center_axis',(0.,-1.,0.));
#8498=DIRECTION('ref_axis',(0.,0.,-1.));
#8499=DIRECTION('',(1.,0.,0.));
#8500=DIRECTION('center_axis',(0.,-1.,0.));
#8501=DIRECTION('ref_axis',(1.,0.,0.));
#8502=DIRECTION('',(0.,0.,1.));
#8503=DIRECTION('center_axis',(0.,-1.,0.));
#8504=DIRECTION('ref_axis',(0.,0.,1.));
#8505=DIRECTION('center_axis',(0.,0.,1.));
#8506=DIRECTION('ref_axis',(-0.637269249493006,0.770641228880613,0.));
#8507=DIRECTION('',(0.,0.,1.));
#8508=DIRECTION('center_axis',(0.,0.,-1.));
#8509=DIRECTION('ref_axis',(-0.637269249493006,0.770641228880613,0.));
#8510=DIRECTION('center_axis',(-0.98221191511423,0.18777580730125,0.));
#8511=DIRECTION('ref_axis',(-0.18777580730125,-0.98221191511423,0.));
#8512=DIRECTION('',(0.,0.,-1.));
#8513=DIRECTION('',(-0.18777580730125,-0.98221191511423,0.));
#8514=DIRECTION('center_axis',(0.,0.,1.));
#8515=DIRECTION('ref_axis',(-0.770641228880617,-0.637269249493001,0.));
#8516=DIRECTION('',(0.,0.,1.));
#8517=DIRECTION('center_axis',(0.,0.,-1.));
#8518=DIRECTION('ref_axis',(-0.770641228880617,-0.637269249493001,0.));
#8519=DIRECTION('center_axis',(3.22730933658115E-18,-1.,0.));
#8520=DIRECTION('ref_axis',(1.,3.22730933658115E-18,0.));
#8521=DIRECTION('',(0.,0.,-1.));
#8522=DIRECTION('',(1.,3.22730933658115E-18,0.));
#8523=DIRECTION('center_axis',(0.,0.,1.));
#8524=DIRECTION('ref_axis',(0.510907609204251,-0.859635629122709,0.));
#8525=DIRECTION('',(0.,0.,1.));
#8526=DIRECTION('center_axis',(0.,0.,-1.));
#8527=DIRECTION('ref_axis',(0.510907609204251,-0.859635629122709,0.));
#8528=DIRECTION('center_axis',(0.878388768123751,-0.477946829714394,0.));
#8529=DIRECTION('ref_axis',(0.477946829714394,0.878388768123751,0.));
#8530=DIRECTION('',(0.,0.,-1.));
#8531=DIRECTION('',(0.477946829714394,0.878388768123751,0.));
#8532=DIRECTION('center_axis',(0.,0.,1.));
#8533=DIRECTION('ref_axis',(1.,0.,0.));
#8534=DIRECTION('center_axis',(0.,0.,-1.));
#8535=DIRECTION('ref_axis',(0.707106781186546,0.707106781186549,0.));
#8536=DIRECTION('center_axis',(0.,0.,1.));
#8537=DIRECTION('ref_axis',(0.707106781186546,0.707106781186549,0.));
#8538=DIRECTION('',(0.,0.,1.));
#8539=DIRECTION('center_axis',(0.,0.,-1.));
#8540=DIRECTION('ref_axis',(0.707106781186546,0.707106781186549,0.));
#8541=DIRECTION('',(0.,0.,-1.));
#8542=DIRECTION('center_axis',(1.,0.,0.));
#8543=DIRECTION('ref_axis',(0.,4.93038065763132E-32,-1.));
#8544=DIRECTION('',(0.,1.,0.));
#8545=DIRECTION('',(0.,-3.80411816467368E-32,1.));
#8546=DIRECTION('',(0.,1.,0.));
#8547=DIRECTION('center_axis',(0.,0.,1.));
#8548=DIRECTION('ref_axis',(1.,-4.22285616562704E-33,0.));
#8549=DIRECTION('',(1.,-4.22285616562704E-33,0.));
#8550=DIRECTION('center_axis',(0.,0.,-1.));
#8551=DIRECTION('ref_axis',(-0.707106781186546,0.707106781186549,0.));
#8552=DIRECTION('',(0.,1.,0.));
#8553=DIRECTION('center_axis',(0.,0.,-1.));
#8554=DIRECTION('ref_axis',(-0.946205759539394,-0.323565542996281,0.));
#8555=DIRECTION('center_axis',(0.,0.,1.));
#8556=DIRECTION('ref_axis',(0.581221357542083,0.81374549678443,0.));
#8557=DIRECTION('',(-0.477946829714316,-0.878388768123793,0.));
#8558=DIRECTION('center_axis',(0.,0.,-1.));
#8559=DIRECTION('ref_axis',(-0.510907609204286,0.859635629122688,0.));
#8560=DIRECTION('',(-1.,-4.90008550569783E-16,0.));
#8561=DIRECTION('center_axis',(0.,0.,-1.));
#8562=DIRECTION('ref_axis',(0.510907609204286,0.859635629122688,0.));
#8563=DIRECTION('',(-0.477946829714318,0.878388768123792,0.));
#8564=DIRECTION('center_axis',(0.,0.,1.));
#8565=DIRECTION('ref_axis',(-0.581221357542078,0.813745496784433,0.));
#8566=DIRECTION('center_axis',(0.,0.,-1.));
#8567=DIRECTION('ref_axis',(0.946205759539392,-0.323565542996289,0.));
#8568=DIRECTION('center_axis',(2.06988782489555E-32,-3.80411816467368E-32,
1.));
#8569=DIRECTION('ref_axis',(0.946205759539392,-0.323565542996289,0.));
#8570=DIRECTION('',(-2.06988782489555E-32,3.80411816467368E-32,-1.));
#8571=DIRECTION('center_axis',(0.,0.,1.));
#8572=DIRECTION('ref_axis',(0.946205759539392,-0.323565542996289,0.));
#8573=DIRECTION('center_axis',(2.06988782489555E-32,-3.80411816467368E-32,
1.));
#8574=DIRECTION('ref_axis',(-0.581221357542078,0.813745496784433,0.));
#8575=DIRECTION('',(-2.06988782489555E-32,3.80411816467368E-32,-1.));
#8576=DIRECTION('center_axis',(0.,0.,-1.));
#8577=DIRECTION('ref_axis',(-0.581221357542078,0.813745496784433,0.));
#8578=DIRECTION('center_axis',(0.,0.,1.));
#8579=DIRECTION('ref_axis',(-0.707106781186546,0.707106781186549,0.));
#8580=DIRECTION('',(0.,0.,-1.));
#8581=DIRECTION('center_axis',(0.,0.,1.));
#8582=DIRECTION('ref_axis',(-0.707106781186546,0.707106781186549,0.));
#8583=DIRECTION('',(0.,0.,1.));
#8584=DIRECTION('center_axis',(0.,1.,0.));
#8585=DIRECTION('ref_axis',(0.,0.,1.));
#8586=DIRECTION('',(-1.,0.,0.));
#8587=DIRECTION('center_axis',(0.,0.,-1.));
#8588=DIRECTION('ref_axis',(-0.946205759539394,-0.323565542996281,0.));
#8589=DIRECTION('center_axis',(0.,0.,1.));
#8590=DIRECTION('ref_axis',(-0.946205759539394,-0.323565542996281,0.));
#8591=DIRECTION('',(0.,0.,1.));
#8592=DIRECTION('',(0.,0.,-1.));
#8593=DIRECTION('center_axis',(0.,0.,-1.));
#8594=DIRECTION('ref_axis',(0.581221357542083,0.81374549678443,0.));
#8595=DIRECTION('center_axis',(0.,0.,-1.));
#8596=DIRECTION('ref_axis',(0.581221357542083,0.81374549678443,0.));
#8597=DIRECTION('',(0.,0.,1.));
#8598=DIRECTION('center_axis',(0.,0.,1.));
#8599=DIRECTION('ref_axis',(-0.770641228880615,-0.637269249493004,0.));
#8600=DIRECTION('center_axis',(0.,0.,1.));
#8601=DIRECTION('ref_axis',(-0.770641228880615,-0.637269249493004,0.));
#8602=DIRECTION('',(0.,0.,1.));
#8603=DIRECTION('center_axis',(0.,0.,1.));
#8604=DIRECTION('ref_axis',(-0.770641228880615,-0.637269249493004,0.));
#8605=DIRECTION('',(0.,0.,-1.));
#8606=DIRECTION('center_axis',(0.98221191511423,-0.18777580730125,0.));
#8607=DIRECTION('ref_axis',(0.18777580730125,0.98221191511423,0.));
#8608=DIRECTION('',(-0.18777580730125,-0.98221191511423,0.));
#8609=DIRECTION('',(0.,0.,-1.));
#8610=DIRECTION('',(0.18777580730125,0.98221191511423,0.));
#8611=DIRECTION('',(-1.54301034714865E-32,-8.0711310466237E-32,-1.));
#8612=DIRECTION('',(-0.18777580730125,-0.98221191511423,1.17756934401283E-16));
#8613=DIRECTION('',(-1.52880220871556E-16,-7.99681155328139E-16,1.));
#8614=DIRECTION('',(0.18777580730125,0.98221191511423,0.));
#8615=DIRECTION('center_axis',(0.,0.,1.));
#8616=DIRECTION('ref_axis',(0.510907609204288,-0.859635629122687,0.));
#8617=DIRECTION('center_axis',(0.,0.,1.));
#8618=DIRECTION('ref_axis',(0.510907609204288,-0.859635629122687,0.));
#8619=DIRECTION('',(0.,0.,1.));
#8620=DIRECTION('center_axis',(0.,0.,1.));
#8621=DIRECTION('ref_axis',(0.510907609204288,-0.859635629122687,0.));
#8622=DIRECTION('',(0.,0.,-1.));
#8623=DIRECTION('center_axis',(0.,0.,1.));
#8624=DIRECTION('ref_axis',(1.,0.,0.));
#8625=DIRECTION('',(1.,4.69227845393426E-16,0.));
#8626=DIRECTION('',(0.477946829714316,0.878388768123793,0.));
#8627=DIRECTION('center_axis',(0.,0.,-1.));
#8628=DIRECTION('ref_axis',(-0.510907609204286,0.859635629122688,0.));
#8629=DIRECTION('',(1.,4.90008550569783E-16,0.));
#8630=DIRECTION('center_axis',(0.,0.,-1.));
#8631=DIRECTION('ref_axis',(0.510907609204286,0.859635629122688,0.));
#8632=DIRECTION('',(0.477946829714318,-0.878388768123792,0.));
#8633=DIRECTION('center_axis',(0.,0.,1.));
#8634=DIRECTION('ref_axis',(-0.510907609204286,-0.859635629122689,0.));
#8635=DIRECTION('',(1.,-3.22594143708024E-16,0.));
#8636=DIRECTION('center_axis',(0.,0.,1.));
#8637=DIRECTION('ref_axis',(0.770641228880623,-0.637269249492993,0.));
#8638=DIRECTION('',(-0.187775807301251,0.98221191511423,0.));
#8639=DIRECTION('center_axis',(0.,0.,1.));
#8640=DIRECTION('ref_axis',(0.637269249493007,0.770641228880612,0.));
#8641=DIRECTION('',(-1.,0.,0.));
#8642=DIRECTION('center_axis',(0.,0.,1.));
#8643=DIRECTION('ref_axis',(-0.637269249493004,0.770641228880615,0.));
#8644=DIRECTION('center_axis',(-0.878388768123793,0.477946829714316,0.));
#8645=DIRECTION('ref_axis',(-0.477946829714316,-0.878388768123793,0.));
#8646=DIRECTION('',(0.477946829714316,0.878388768123793,0.));
#8647=DIRECTION('',(0.,0.,1.));
#8648=DIRECTION('',(-0.477946829714316,-0.878388768123793,0.));
#8649=DIRECTION('',(0.,0.,1.));
#8650=DIRECTION('center_axis',(0.,0.,1.));
#8651=DIRECTION('ref_axis',(-0.510907609204286,-0.859635629122689,0.));
#8652=DIRECTION('',(0.,0.,1.));
#8653=DIRECTION('center_axis',(0.,0.,1.));
#8654=DIRECTION('ref_axis',(-0.510907609204286,-0.859635629122689,0.));
#8655=DIRECTION('',(0.,0.,-1.));
#8656=DIRECTION('center_axis',(3.22594143708024E-16,1.,0.));
#8657=DIRECTION('ref_axis',(-1.,3.22594143708024E-16,0.));
#8658=DIRECTION('',(-1.,3.22594143708024E-16,0.));
#8659=DIRECTION('',(0.,0.,-1.));
#8660=DIRECTION('',(1.,-3.22594143708024E-16,-4.89127597401798E-16));
#8661=DIRECTION('',(0.,0.,1.));
#8662=DIRECTION('',(-1.,3.22594143708024E-16,0.));
#8663=DIRECTION('',(0.,0.,1.));
#8664=DIRECTION('center_axis',(0.,0.,1.));
#8665=DIRECTION('ref_axis',(-0.510907609204286,0.859635629122688,0.));
#8666=DIRECTION('center_axis',(0.,0.,-1.));
#8667=DIRECTION('ref_axis',(-0.510907609204286,0.859635629122688,0.));
#8668=DIRECTION('',(0.,0.,-1.));
#8669=DIRECTION('center_axis',(0.,0.,1.));
#8670=DIRECTION('ref_axis',(-0.510907609204286,0.859635629122688,0.));
#8671=DIRECTION('center_axis',(0.,0.,1.));
#8672=DIRECTION('ref_axis',(-0.510907609204286,0.859635629122688,0.));
#8673=DIRECTION('',(0.,0.,-1.));
#8674=DIRECTION('center_axis',(-4.90008550569783E-16,1.,0.));
#8675=DIRECTION('ref_axis',(-1.,-4.90008550569783E-16,0.));
#8676=DIRECTION('',(1.,4.90008550569783E-16,0.));
#8677=DIRECTION('',(0.,0.,1.));
#8678=DIRECTION('center_axis',(0.,0.,1.));
#8679=DIRECTION('ref_axis',(0.510907609204286,0.859635629122688,0.));
#8680=DIRECTION('center_axis',(0.,0.,-1.));
#8681=DIRECTION('ref_axis',(0.510907609204286,0.859635629122688,0.));
#8682=DIRECTION('',(0.,0.,-1.));
#8683=DIRECTION('',(0.,0.,1.));
#8684=DIRECTION('center_axis',(-4.90008550569783E-16,1.,0.));
#8685=DIRECTION('ref_axis',(-1.,-4.90008550569783E-16,0.));
#8686=DIRECTION('',(-1.,-4.90008550569783E-16,0.));
#8687=DIRECTION('',(0.,0.,-1.));
#8688=DIRECTION('',(1.,4.90008550569783E-16,5.85764233208111E-16));
#8689=DIRECTION('',(0.,0.,1.));
#8690=DIRECTION('',(-1.,-4.90008550569783E-16,0.));
#8691=DIRECTION('center_axis',(0.,0.,1.));
#8692=DIRECTION('ref_axis',(0.510907609204286,0.859635629122688,0.));
#8693=DIRECTION('center_axis',(0.,0.,1.));
#8694=DIRECTION('ref_axis',(0.510907609204286,0.859635629122688,0.));
#8695=DIRECTION('',(0.,0.,-1.));
#8696=DIRECTION('center_axis',(0.878388768123792,0.477946829714318,0.));
#8697=DIRECTION('ref_axis',(-0.477946829714318,0.878388768123792,0.));
#8698=DIRECTION('',(-0.477946829714318,0.878388768123792,0.));
#8699=DIRECTION('',(0.477946829714318,-0.878388768123792,0.));
#8700=DIRECTION('center_axis',(0.,0.,1.));
#8701=DIRECTION('ref_axis',(0.770641228880623,-0.637269249492993,0.));
#8702=DIRECTION('center_axis',(0.,0.,1.));
#8703=DIRECTION('ref_axis',(0.770641228880623,-0.637269249492993,0.));
#8704=DIRECTION('',(0.,0.,-1.));
#8705=DIRECTION('center_axis',(0.,0.,1.));
#8706=DIRECTION('ref_axis',(0.637269249493007,0.770641228880612,0.));
#8707=DIRECTION('',(0.,0.,1.));
#8708=DIRECTION('center_axis',(0.,0.,1.));
#8709=DIRECTION('ref_axis',(0.637269249493007,0.770641228880612,0.));
#8710=DIRECTION('',(0.,0.,-1.));
#8711=DIRECTION('center_axis',(0.,-1.,0.));
#8712=DIRECTION('ref_axis',(1.,0.,0.));
#8713=DIRECTION('',(1.,0.,0.));
#8714=DIRECTION('',(0.,0.,-1.));
#8715=DIRECTION('',(-1.,0.,-1.66533453693773E-16));
#8716=DIRECTION('',(0.,0.,1.));
#8717=DIRECTION('',(1.,0.,0.));
#8718=DIRECTION('',(0.,0.,-1.));
#8719=DIRECTION('',(-1.,0.,0.));
#8720=DIRECTION('',(0.,0.,1.));
#8721=DIRECTION('',(1.,0.,0.));
#8722=DIRECTION('',(0.,0.,1.));
#8723=DIRECTION('',(6.12375647269456E-13,0.,1.));
#8724=DIRECTION('',(1.,0.,0.));
#8725=DIRECTION('',(0.,0.,-1.));
#8726=DIRECTION('',(-1.,0.,0.));
#8727=DIRECTION('center_axis',(0.,0.,1.));
#8728=DIRECTION('ref_axis',(-0.637269249493004,0.770641228880615,0.));
#8729=DIRECTION('center_axis',(0.,0.,1.));
#8730=DIRECTION('ref_axis',(-0.637269249493004,0.770641228880615,0.));
#8731=DIRECTION('center_axis',(0.,0.,1.));
#8732=DIRECTION('ref_axis',(1.,0.,0.));
#8733=DIRECTION('center_axis',(0.,0.,1.));
#8734=DIRECTION('ref_axis',(-0.510907609204247,0.859635629122712,0.));
#8735=DIRECTION('',(1.,-1.70803542250024E-16,0.));
#8736=DIRECTION('center_axis',(0.,0.,1.));
#8737=DIRECTION('ref_axis',(0.510907609204251,0.85963562912271,0.));
#8738=DIRECTION('',(0.477946829714394,-0.878388768123751,0.));
#8739=DIRECTION('center_axis',(0.,0.,-1.));
#8740=DIRECTION('ref_axis',(-0.510907609204251,-0.859635629122709,0.));
#8741=DIRECTION('',(1.,-7.70371977754894E-33,0.));
#8742=DIRECTION('center_axis',(0.,0.,-1.));
#8743=DIRECTION('ref_axis',(0.770641228880614,-0.637269249493005,0.));
#8744=DIRECTION('',(-0.18777580730125,0.98221191511423,0.));
#8745=DIRECTION('',(-1.,-4.69227845393426E-16,0.));
#8746=DIRECTION('',(-1.,-4.69227845393426E-16,0.));
#8747=DIRECTION('',(-1.,-4.69227845393426E-16,0.));
#8748=DIRECTION('',(0.18777580730125,0.98221191511423,0.));
#8749=DIRECTION('',(1.,0.,0.));
#8750=DIRECTION('',(1.,0.,0.));
#8751=DIRECTION('',(0.187775807301251,-0.98221191511423,0.));
#8752=DIRECTION('',(0.187775807301251,-0.98221191511423,0.));
#8753=DIRECTION('',(0.187775807301251,-0.98221191511423,0.));
#8754=DIRECTION('',(-1.,3.22594143708024E-16,0.));
#8755=DIRECTION('',(-1.,-4.90008550569783E-16,0.));
#8756=DIRECTION('center_axis',(0.,0.,1.));
#8757=DIRECTION('ref_axis',(0.770641228880614,-0.637269249493005,0.));
#8758=DIRECTION('',(0.,0.,1.));
#8759=DIRECTION('',(0.,0.,-1.));
#8760=DIRECTION('center_axis',(-7.70371977754894E-33,-1.,0.));
#8761=DIRECTION('ref_axis',(1.,-7.70371977754894E-33,0.));
#8762=DIRECTION('',(0.,0.,1.));
#8763=DIRECTION('center_axis',(0.,0.,1.));
#8764=DIRECTION('ref_axis',(-0.510907609204251,-0.859635629122709,0.));
#8765=DIRECTION('',(0.,0.,-1.));
#8766=DIRECTION('center_axis',(-0.878388768123751,-0.477946829714394,0.));
#8767=DIRECTION('ref_axis',(0.477946829714394,-0.878388768123751,0.));
#8768=DIRECTION('',(0.,0.,1.));
#8769=DIRECTION('center_axis',(0.,0.,1.));
#8770=DIRECTION('ref_axis',(0.510907609204251,0.85963562912271,0.));
#8771=DIRECTION('',(0.,0.,-1.));
#8772=DIRECTION('center_axis',(0.,0.,1.));
#8773=DIRECTION('ref_axis',(-0.510907609204247,0.859635629122712,0.));
#8774=DIRECTION('',(0.,0.,1.));
#8775=DIRECTION('center_axis',(-1.70803542250024E-16,-1.,0.));
#8776=DIRECTION('ref_axis',(1.,-1.70803542250024E-16,0.));
#8777=DIRECTION('center_axis',(-1.,0.,0.));
#8778=DIRECTION('ref_axis',(0.,0.,1.));
#8779=DIRECTION('',(0.,1.,0.));
#8780=DIRECTION('center_axis',(0.,0.,-1.));
#8781=DIRECTION('ref_axis',(-1.,0.,0.));
#8782=DIRECTION('center_axis',(0.,-1.,0.));
#8783=DIRECTION('ref_axis',(1.,0.,0.));
#8784=DIRECTION('center_axis',(0.,1.,0.));
#8785=DIRECTION('ref_axis',(1.,0.,0.));
#8786=DIRECTION('center_axis',(0.,-1.,0.));
#8787=DIRECTION('ref_axis',(1.,0.,0.));
#8788=DIRECTION('center_axis',(0.,1.,0.));
#8789=DIRECTION('ref_axis',(1.,0.,0.));
#8790=DIRECTION('center_axis',(0.,-1.,0.));
#8791=DIRECTION('ref_axis',(1.,0.,0.));
#8792=DIRECTION('center_axis',(0.,1.,0.));
#8793=DIRECTION('ref_axis',(1.,0.,0.));
#8794=DIRECTION('',(0.,1.,0.));
#8795=DIRECTION('center_axis',(0.,-1.,0.));
#8796=DIRECTION('ref_axis',(1.,0.,0.));
#8797=DIRECTION('center_axis',(0.,1.,0.));
#8798=DIRECTION('ref_axis',(1.,0.,0.));
#8799=DIRECTION('',(0.,1.,0.));
#8800=DIRECTION('center_axis',(-1.,0.,6.12375647269456E-13));
#8801=DIRECTION('ref_axis',(-6.12375647269456E-13,0.,-1.));
#8802=DIRECTION('',(0.,-1.,0.));
#8803=DIRECTION('',(-6.12375647269456E-13,0.,-1.));
#8804=DIRECTION('',(0.,-1.,0.));
#8805=DIRECTION('center_axis',(0.,0.,1.));
#8806=DIRECTION('ref_axis',(-1.,0.,0.));
#8807=DIRECTION('',(-1.,0.,0.));
#8808=DIRECTION('',(0.,-1.,0.));
#8809=DIRECTION('center_axis',(1.,0.,0.));
#8810=DIRECTION('ref_axis',(0.,0.,1.));
#8811=DIRECTION('',(0.,0.,1.));
#8812=DIRECTION('',(0.,-1.,0.));
#8813=DIRECTION('center_axis',(0.,0.,-1.));
#8814=DIRECTION('ref_axis',(1.,0.,0.));
#8815=DIRECTION('',(1.,0.,0.));
#8816=DIRECTION('center_axis',(0.,-1.,0.));
#8817=DIRECTION('ref_axis',(1.,0.,0.));
#8818=DIRECTION('',(-2.71199517465686E-15,0.,-1.));
#8819=DIRECTION('center_axis',(0.,1.,0.));
#8820=DIRECTION('ref_axis',(-1.36642833800022E-14,0.,-1.));
#8821=DIRECTION('',(-1.,0.,0.));
#8822=DIRECTION('center_axis',(0.,1.,0.));
#8823=DIRECTION('ref_axis',(-1.,0.,-3.41607084500039E-15));
#8824=DIRECTION('',(1.35599758732844E-15,0.,1.));
#8825=DIRECTION('center_axis',(0.,1.,0.));
#8826=DIRECTION('ref_axis',(-6.8321416900009E-15,0.,1.));
#8827=DIRECTION('',(1.,0.,0.));
#8828=DIRECTION('center_axis',(0.,1.,0.));
#8829=DIRECTION('ref_axis',(1.,0.,-6.8321416900012E-15));
#8830=DIRECTION('center_axis',(0.,0.,-1.));
#8831=DIRECTION('ref_axis',(1.,0.,0.));
#8832=DIRECTION('',(0.,-1.,0.));
#8833=DIRECTION('',(0.,-1.,0.));
#8834=DIRECTION('center_axis',(0.,-1.,0.));
#8835=DIRECTION('ref_axis',(0.,0.,-1.));
#8836=DIRECTION('',(0.,-1.,0.));
#8837=DIRECTION('center_axis',(-1.,0.,0.));
#8838=DIRECTION('ref_axis',(0.,0.,-1.));
#8839=DIRECTION('',(0.,-1.,0.));
#8840=DIRECTION('center_axis',(0.,-1.,0.));
#8841=DIRECTION('ref_axis',(-1.,0.,0.));
#8842=DIRECTION('',(0.,-1.,0.));
#8843=DIRECTION('center_axis',(0.,0.,1.));
#8844=DIRECTION('ref_axis',(-1.,0.,0.));
#8845=DIRECTION('',(0.,-1.,0.));
#8846=DIRECTION('center_axis',(0.,-1.,0.));
#8847=DIRECTION('ref_axis',(0.,0.,1.));
#8848=DIRECTION('',(0.,-1.,0.));
#8849=DIRECTION('center_axis',(1.,0.,0.));
#8850=DIRECTION('ref_axis',(0.,0.,1.));
#8851=DIRECTION('',(0.,-1.,0.));
#8852=DIRECTION('center_axis',(0.,-1.,0.));
#8853=DIRECTION('ref_axis',(1.,0.,0.));
#8854=DIRECTION('center_axis',(0.707106781186548,0.707106781186548,0.));
#8855=DIRECTION('ref_axis',(0.,0.,-1.));
#8856=DIRECTION('',(-0.577350269189626,0.577350269189626,0.577350269189626));
#8857=DIRECTION('',(-0.577350269189626,0.577350269189626,-0.577350269189626));
#8858=DIRECTION('center_axis',(0.,0.707106781186548,0.707106781186547));
#8859=DIRECTION('ref_axis',(1.,0.,0.));
#8860=DIRECTION('',(0.577350269189626,0.577350269189626,-0.577350269189626));
#8861=DIRECTION('',(1.,-4.78778413191641E-17,4.78778413191641E-17));
#8862=DIRECTION('center_axis',(-0.707106781186548,0.707106781186548,0.));
#8863=DIRECTION('ref_axis',(0.,0.,1.));
#8864=DIRECTION('',(0.577350269189626,0.577350269189626,0.577350269189626));
#8865=DIRECTION('center_axis',(6.77094925307088E-17,0.707106781186548,-0.707106781186548));
#8866=DIRECTION('ref_axis',(-1.,0.,-9.57556826383282E-17));
#8867=DIRECTION('center_axis',(0.561751159054005,0.82730625242499,5.7570057847838E-16));
#8868=DIRECTION('ref_axis',(7.99681155328139E-16,1.52880220871556E-16,-1.));
#8869=DIRECTION('',(-0.675492726485135,0.458667900699782,0.577350269189626));
#8870=DIRECTION('',(-1.52880220871557E-16,7.99681155328139E-16,-1.));
#8871=DIRECTION('',(-0.675492726485134,0.458667900699782,-0.577350269189627));
#8872=DIRECTION('center_axis',(0.694528705739499,0.132777546685493,-0.707106781186546));
#8873=DIRECTION('ref_axis',(0.18777580730125,-0.98221191511423,0.));
#8874=DIRECTION('',(-0.458667900699782,-0.675492726485134,-0.577350269189627));
#8875=DIRECTION('',(0.18777580730125,-0.98221191511423,1.11022302462516E-16));
#8876=DIRECTION('center_axis',(0.82730625242499,-0.561751159054005,5.81050932807017E-32));
#8877=DIRECTION('ref_axis',(-8.0711310466237E-32,-1.54301034714865E-32,
1.));
#8878=DIRECTION('',(-1.54301034714865E-32,8.0711310466237E-32,1.));
#8879=DIRECTION('',(-0.458667900699783,-0.675492726485135,0.577350269189626));
#8880=DIRECTION('center_axis',(0.694528705739498,0.132777546685492,0.707106781186548));
#8881=DIRECTION('ref_axis',(-0.18777580730125,0.98221191511423,-1.11650889548227E-16));
#8882=DIRECTION('',(-0.187775807301251,0.98221191511423,4.71027737605132E-16));
#8883=DIRECTION('center_axis',(-0.707106781186548,0.707106781186547,0.));
#8884=DIRECTION('ref_axis',(0.,0.,-1.));
#8885=DIRECTION('',(-0.577350269189626,-0.577350269189626,0.577350269189626));
#8886=DIRECTION('',(-0.577350269189622,-0.577350269189622,-0.577350269189633));
#8887=DIRECTION('center_axis',(-1.17756934401284E-16,0.707106781186554,
-0.707106781186541));
#8888=DIRECTION('ref_axis',(1.,1.66533453693773E-16,0.));
#8889=DIRECTION('',(0.577350269189622,-0.577350269189622,-0.577350269189633));
#8890=DIRECTION('',(1.,1.66533453693773E-16,0.));
#8891=DIRECTION('center_axis',(0.707106781186547,0.707106781186548,0.));
#8892=DIRECTION('ref_axis',(0.,0.,1.));
#8893=DIRECTION('',(0.577350269189626,-0.577350269189626,0.577350269189626));
#8894=DIRECTION('center_axis',(-1.17756934401283E-16,0.707106781186548,
0.707106781186548));
#8895=DIRECTION('ref_axis',(-1.,-1.66533453693773E-16,0.));
#8896=DIRECTION('center_axis',(0.707106781186548,-0.707106781186547,0.));
#8897=DIRECTION('ref_axis',(0.,0.,-1.));
#8898=DIRECTION('',(0.577350269189626,0.577350269189626,0.577350269189626));
#8899=DIRECTION('',(0.577350269189626,0.577350269189626,-0.577350269189625));
#8900=DIRECTION('center_axis',(1.17756934401283E-16,-0.707106781186547,
-0.707106781186548));
#8901=DIRECTION('ref_axis',(-1.,-1.66533453693773E-16,0.));
#8902=DIRECTION('',(-0.577350269189626,0.577350269189626,-0.577350269189625));
#8903=DIRECTION('',(-1.,-1.66533453693773E-16,0.));
#8904=DIRECTION('center_axis',(-0.707106781186547,-0.707106781186548,0.));
#8905=DIRECTION('ref_axis',(0.,0.,1.));
#8906=DIRECTION('',(-0.577350269189626,0.577350269189626,0.577350269189626));
#8907=DIRECTION('center_axis',(1.17756934401283E-16,-0.707106781186548,
0.707106781186547));
#8908=DIRECTION('ref_axis',(1.,1.66533453693773E-16,0.));
#8909=DIRECTION('center_axis',(0.561751159054006,-0.82730625242499,-5.7570057847838E-16));
#8910=DIRECTION('ref_axis',(-7.99681155328139E-16,1.52880220871556E-16,
-1.));
#8911=DIRECTION('',(0.675492726485135,0.458667900699782,0.577350269189626));
#8912=DIRECTION('',(0.675492726485134,0.458667900699782,-0.577350269189627));
#8913=DIRECTION('center_axis',(0.694528705739499,-0.132777546685492,0.707106781186546));
#8914=DIRECTION('ref_axis',(-0.18777580730125,-0.98221191511423,0.));
#8915=DIRECTION('',(0.458667900699782,-0.675492726485134,-0.577350269189627));
#8916=DIRECTION('',(-0.18777580730125,-0.98221191511423,1.11022302462516E-16));
#8917=DIRECTION('center_axis',(0.82730625242499,0.561751159054006,-5.81050932807017E-32));
#8918=DIRECTION('ref_axis',(8.0711310466237E-32,-1.54301034714865E-32,1.));
#8919=DIRECTION('',(0.458667900699783,-0.675492726485135,0.577350269189626));
#8920=DIRECTION('center_axis',(0.694528705739498,-0.132777546685492,-0.707106781186548));
#8921=DIRECTION('ref_axis',(0.18777580730125,0.98221191511423,-1.11650889548227E-16));
#8922=DIRECTION('center_axis',(-0.707106781186548,-0.707106781186548,0.));
#8923=DIRECTION('ref_axis',(0.,0.,-1.));
#8924=DIRECTION('',(0.577350269189626,-0.577350269189626,0.577350269189626));
#8925=DIRECTION('',(0.577350269189622,-0.577350269189622,-0.577350269189633));
#8926=DIRECTION('center_axis',(0.,-0.707106781186554,0.707106781186541));
#8927=DIRECTION('ref_axis',(-1.,0.,0.));
#8928=DIRECTION('',(-0.577350269189622,-0.577350269189622,-0.577350269189633));
#8929=DIRECTION('',(-1.,0.,0.));
#8930=DIRECTION('center_axis',(0.707106781186548,-0.707106781186548,0.));
#8931=DIRECTION('ref_axis',(0.,0.,1.));
#8932=DIRECTION('',(-0.577350269189626,-0.577350269189626,0.577350269189626));
#8933=DIRECTION('center_axis',(0.,-0.707106781186548,-0.707106781186548));
#8934=DIRECTION('ref_axis',(1.,0.,0.));
#8935=DIRECTION('center_axis',(0.707106781186548,0.707106781186548,0.));
#8936=DIRECTION('ref_axis',(0.,0.,-1.));
#8937=DIRECTION('',(-0.577350269189626,0.577350269189626,0.577350269189626));
#8938=DIRECTION('',(-0.577350269189626,0.577350269189626,-0.577350269189625));
#8939=DIRECTION('',(0.,0.,1.));
#8940=DIRECTION('center_axis',(0.,0.707106781186547,0.707106781186548));
#8941=DIRECTION('ref_axis',(1.,0.,0.));
#8942=DIRECTION('',(0.577350269189626,0.577350269189626,-0.577350269189625));
#8943=DIRECTION('',(1.,0.,0.));
#8944=DIRECTION('center_axis',(-0.707106781186548,0.707106781186548,0.));
#8945=DIRECTION('ref_axis',(0.,0.,1.));
#8946=DIRECTION('',(0.577350269189626,0.577350269189626,0.577350269189626));
#8947=DIRECTION('',(0.,0.,-1.));
#8948=DIRECTION('center_axis',(0.,0.707106781186548,-0.707106781186547));
#8949=DIRECTION('ref_axis',(-1.,0.,0.));
#8950=DIRECTION('',(1.,4.69227845393426E-16,4.69227845393426E-16));
#8951=DIRECTION('center_axis',(-4.69227845393426E-16,1.,0.));
#8952=DIRECTION('ref_axis',(-1.,-4.69227845393426E-16,0.));
#8953=DIRECTION('center_axis',(-0.98221191511423,-0.187775807301251,0.));
#8954=DIRECTION('ref_axis',(0.187775807301251,-0.98221191511423,0.));
#8955=DIRECTION('center_axis',(0.98221191511423,0.18777580730125,0.));
#8956=DIRECTION('ref_axis',(-0.18777580730125,0.98221191511423,0.));
#8957=DIRECTION('center_axis',(-1.,0.,0.));
#8958=DIRECTION('ref_axis',(0.,0.707106781186544,0.707106781186551));
#8959=DIRECTION('center_axis',(-1.,0.,0.));
#8960=DIRECTION('ref_axis',(0.,0.,1.));
#8961=DIRECTION('',(-1.,0.,0.));
#8962=DIRECTION('center_axis',(1.,4.44089209850064E-15,0.));
#8963=DIRECTION('ref_axis',(-4.44089209850064E-15,1.,0.));
#8964=DIRECTION('',(1.,0.,0.));
#8965=DIRECTION('center_axis',(-0.18777580730125,0.98221191511423,0.));
#8966=DIRECTION('ref_axis',(0.694528705739494,0.132777546685492,0.707106781186552));
#8967=DIRECTION('center_axis',(-0.187775807301251,0.98221191511423,0.));
#8968=DIRECTION('ref_axis',(0.,0.,1.));
#8969=DIRECTION('',(-0.18777580730125,0.98221191511423,0.));
#8970=DIRECTION('center_axis',(0.187775807301244,-0.982211915114231,0.));
#8971=DIRECTION('ref_axis',(0.982211915114231,0.187775807301244,0.));
#8972=DIRECTION('',(0.18777580730125,-0.98221191511423,0.));
#8973=DIRECTION('center_axis',(-0.845102212797186,0.408964566589439,0.344311244660428));
#8974=DIRECTION('ref_axis',(0.53460476047759,0.646490427566751,0.544286576298974));
#8975=DIRECTION('center_axis',(0.,0.,1.));
#8976=DIRECTION('ref_axis',(0.637269249493008,0.770641228880611,0.));
#8977=DIRECTION('center_axis',(1.,0.,0.));
#8978=DIRECTION('ref_axis',(0.,-0.707106781186546,0.707106781186549));
#8979=DIRECTION('center_axis',(1.,0.,0.));
#8980=DIRECTION('ref_axis',(0.,0.,1.));
#8981=DIRECTION('',(1.,0.,0.));
#8982=DIRECTION('center_axis',(-1.,0.,0.));
#8983=DIRECTION('ref_axis',(0.,-1.,0.));
#8984=DIRECTION('',(-1.,0.,0.));
#8985=DIRECTION('center_axis',(-0.351325384819716,-0.865233951586438,-0.357687968770822));
#8986=DIRECTION('ref_axis',(0.60629806224901,-0.501368336676856,0.617278260342107));
#8987=DIRECTION('center_axis',(0.,0.,1.));
#8988=DIRECTION('ref_axis',(0.770641228880614,-0.637269249493004,0.));
#8989=DIRECTION('center_axis',(0.477946829714394,-0.878388768123751,0.));
#8990=DIRECTION('ref_axis',(-0.6211146544584,-0.337959444337662,0.707106781186548));
#8991=DIRECTION('center_axis',(0.477946829714391,-0.878388768123752,0.));
#8992=DIRECTION('ref_axis',(0.,0.,1.));
#8993=DIRECTION('',(0.477946829714394,-0.878388768123751,0.));
#8994=DIRECTION('center_axis',(-0.477946829714392,0.878388768123752,0.));
#8995=DIRECTION('ref_axis',(-0.878388768123752,-0.477946829714392,0.));
#8996=DIRECTION('',(-0.477946829714394,0.878388768123751,0.));
#8997=DIRECTION('center_axis',(0.,0.,1.));
#8998=DIRECTION('ref_axis',(1.,0.,0.));
#8999=DIRECTION('center_axis',(1.,-8.88178419700126E-15,0.));
#9000=DIRECTION('ref_axis',(0.,0.,1.));
#9001=DIRECTION('center_axis',(0.,0.,-1.));
#9002=DIRECTION('ref_axis',(0.510907609204248,0.859635629122711,0.));
#9003=DIRECTION('center_axis',(0.,0.,1.));
#9004=DIRECTION('ref_axis',(0.510907609204248,0.859635629122711,0.));
#9005=DIRECTION('center_axis',(1.,-1.70803542250024E-16,0.));
#9006=DIRECTION('ref_axis',(0.,-0.707106781186546,0.707106781186549));
#9007=DIRECTION('center_axis',(1.,0.,0.));
#9008=DIRECTION('ref_axis',(0.,0.,1.));
#9009=DIRECTION('',(1.,-1.70803542250024E-16,0.));
#9010=DIRECTION('',(-1.,1.70803542250024E-16,0.));
#9011=DIRECTION('center_axis',(0.,0.,1.));
#9012=DIRECTION('ref_axis',(1.,0.,0.));
#9013=DIRECTION('center_axis',(0.477946829714394,0.878388768123751,0.));
#9014=DIRECTION('ref_axis',(0.,0.,1.));
#9015=DIRECTION('center_axis',(0.,0.,-1.));
#9016=DIRECTION('ref_axis',(-0.510907609204251,0.859635629122709,0.));
#9017=DIRECTION('center_axis',(0.,0.,1.));
#9018=DIRECTION('ref_axis',(-0.510907609204251,0.859635629122709,0.));
#9019=DIRECTION('center_axis',(0.477946829714394,0.878388768123751,0.));
#9020=DIRECTION('ref_axis',(0.621114654458401,-0.33795944433766,0.707106781186549));
#9021=DIRECTION('center_axis',(0.477946829714392,0.878388768123752,0.));
#9022=DIRECTION('ref_axis',(0.,0.,1.));
#9023=DIRECTION('',(0.477946829714394,0.878388768123751,0.));
#9024=DIRECTION('',(-0.477946829714394,-0.878388768123751,0.));
#9025=DIRECTION('center_axis',(-0.897194316655986,0.3657753728654,-0.247488857861069));
#9026=DIRECTION('ref_axis',(-0.441636001884127,-0.743081597305247,0.502779655103591));
#9027=DIRECTION('center_axis',(0.,0.,1.));
#9028=DIRECTION('ref_axis',(-0.510907609204248,-0.859635629122711,0.));
#9029=DIRECTION('center_axis',(1.,0.,0.));
#9030=DIRECTION('ref_axis',(0.,-0.707106781186546,0.707106781186549));
#9031=DIRECTION('center_axis',(1.,-5.55111512312578E-16,0.));
#9032=DIRECTION('ref_axis',(0.,0.,1.));
#9033=DIRECTION('',(1.,0.,0.));
#9034=DIRECTION('center_axis',(-1.,0.,0.));
#9035=DIRECTION('ref_axis',(0.,-1.,0.));
#9036=DIRECTION('',(-1.,0.,0.));
#9037=DIRECTION('center_axis',(-0.897194316655987,-0.365775372865399,0.247488857861065));
#9038=DIRECTION('ref_axis',(0.441636001884127,-0.743081597305247,0.502779655103591));
#9039=DIRECTION('center_axis',(0.,0.,1.));
#9040=DIRECTION('ref_axis',(0.510907609204252,-0.859635629122709,0.));
#9041=DIRECTION('center_axis',(-0.18777580730125,-0.98221191511423,0.));
#9042=DIRECTION('ref_axis',(-0.694528705739498,0.132777546685494,0.707106781186547));
#9043=DIRECTION('center_axis',(-0.187775807301252,-0.98221191511423,0.));
#9044=DIRECTION('ref_axis',(0.,0.,1.));
#9045=DIRECTION('',(-0.18777580730125,-0.98221191511423,0.));
#9046=DIRECTION('center_axis',(0.187775807301258,0.982211915114229,0.));
#9047=DIRECTION('ref_axis',(-0.982211915114229,0.187775807301258,0.));
#9048=DIRECTION('',(0.18777580730125,0.98221191511423,0.));
#9049=DIRECTION('center_axis',(0.351325384819711,-0.865233951586438,-0.357687968770825));
#9050=DIRECTION('ref_axis',(-0.606298062249007,-0.501368336676855,0.617278260342111));
#9051=DIRECTION('center_axis',(0.,0.,1.));
#9052=DIRECTION('ref_axis',(-0.770641228880618,-0.637269249493,0.));
#9053=DIRECTION('center_axis',(-0.84510221279719,-0.408964566589432,-0.344311244660425));
#9054=DIRECTION('ref_axis',(-0.534604760477581,0.646490427566753,0.54428657629898));
#9055=DIRECTION('center_axis',(0.,0.,1.));
#9056=DIRECTION('ref_axis',(-0.637269249493002,0.770641228880616,0.));
#9057=DIRECTION('center_axis',(0.,0.,1.));
#9058=DIRECTION('ref_axis',(0.510907609204251,0.85963562912271,0.));
#9059=DIRECTION('',(0.,0.,-1.));
#9060=DIRECTION('center_axis',(0.,0.,-1.));
#9061=DIRECTION('ref_axis',(0.510907609204251,0.85963562912271,0.));
#9062=DIRECTION('',(0.,0.,1.));
#9063=DIRECTION('center_axis',(-1.70803542250024E-16,-1.,0.));
#9064=DIRECTION('ref_axis',(1.,-1.70803542250024E-16,0.));
#9065=DIRECTION('',(0.,0.,1.));
#9066=DIRECTION('',(1.,-1.70803542250024E-16,0.));
#9067=DIRECTION('center_axis',(0.,0.,1.));
#9068=DIRECTION('ref_axis',(-0.510907609204247,0.859635629122712,0.));
#9069=DIRECTION('',(0.,0.,-1.));
#9070=DIRECTION('center_axis',(0.,0.,-1.));
#9071=DIRECTION('ref_axis',(-0.510907609204247,0.859635629122712,0.));
#9072=DIRECTION('center_axis',(0.878388768123751,-0.477946829714394,0.));
#9073=DIRECTION('ref_axis',(0.477946829714394,0.878388768123751,0.));
#9074=DIRECTION('',(0.,0.,1.));
#9075=DIRECTION('',(0.477946829714394,0.878388768123751,0.));
#9076=DIRECTION('center_axis',(0.,0.,1.));
#9077=DIRECTION('ref_axis',(0.510907609204251,-0.859635629122709,0.));
#9078=DIRECTION('',(0.,0.,-1.));
#9079=DIRECTION('center_axis',(0.,0.,1.));
#9080=DIRECTION('ref_axis',(0.510907609204251,-0.859635629122709,0.));
#9081=DIRECTION('center_axis',(0.,-1.,0.));
#9082=DIRECTION('ref_axis',(1.,0.,0.));
#9083=DIRECTION('',(0.,0.,1.));
#9084=DIRECTION('',(1.,0.,0.));
#9085=DIRECTION('center_axis',(0.,0.,1.));
#9086=DIRECTION('ref_axis',(-0.770641228880618,-0.637269249493,0.));
#9087=DIRECTION('',(0.,0.,-1.));
#9088=DIRECTION('center_axis',(0.,0.,1.));
#9089=DIRECTION('ref_axis',(-0.770641228880618,-0.637269249493,0.));
#9090=DIRECTION('center_axis',(-0.98221191511423,0.18777580730125,0.));
#9091=DIRECTION('ref_axis',(-0.18777580730125,-0.98221191511423,0.));
#9092=DIRECTION('',(0.,0.,1.));
#9093=DIRECTION('',(-0.18777580730125,-0.98221191511423,0.));
#9094=DIRECTION('center_axis',(0.,0.,1.));
#9095=DIRECTION('ref_axis',(1.,0.,0.));
#9096=DIRECTION('',(1.,1.03999180591131E-14,0.));
#9097=DIRECTION('',(0.371718171571797,-0.928345625789943,0.));
#9098=DIRECTION('',(-1.,-5.05461825302521E-15,0.));
#9099=DIRECTION('',(-0.358791163854724,0.933417859664027,0.));
#9100=DIRECTION('',(-1.,-5.5549042511082E-15,0.));
#9101=DIRECTION('',(-0.341516448422902,-0.939875797888533,0.));
#9102=DIRECTION('',(-1.,-5.18339796353473E-15,0.));
#9103=DIRECTION('',(0.362936982014938,0.931813686895556,0.));
#9104=DIRECTION('',(1.06902262762307E-14,-1.,0.));
#9105=DIRECTION('',(-1.,-5.49860375641521E-15,0.));
#9106=DIRECTION('',(-1.06902262762307E-14,1.,0.));
#9107=DIRECTION('',(-1.,-7.48315852757362E-15,0.));
#9108=DIRECTION('',(-1.31257002269492E-14,1.,0.));
#9109=DIRECTION('',(1.,5.58828261975062E-15,0.));
#9110=DIRECTION('',(1.31257002269492E-14,-1.,0.));
#9111=DIRECTION('',(-1.,-7.5004057926041E-15,0.));
#9112=DIRECTION('',(-1.24878786455878E-14,1.,0.));
#9113=DIRECTION('',(1.,1.0997211570857E-14,0.));
#9114=DIRECTION('',(1.22991457248648E-14,-1.,0.));
#9115=DIRECTION('',(-1.2041332648497E-14,1.,0.));
#9116=DIRECTION('',(1.,1.09971993967862E-14,0.));
#9117=DIRECTION('',(1.26824959254041E-14,-1.,0.));
#9118=DIRECTION('',(0.,-1.,0.));
#9119=DIRECTION('',(-1.,0.,0.));
#9120=DIRECTION('',(0.,1.,0.));
#9121=DIRECTION('',(1.,0.,0.));
#9122=DIRECTION('',(0.,1.,0.));
#9123=DIRECTION('',(1.,0.,0.));
#9124=DIRECTION('',(0.,-1.,0.));
#9125=DIRECTION('',(-1.,0.,0.));
#9126=DIRECTION('center_axis',(0.,0.,-1.));
#9127=DIRECTION('ref_axis',(-1.,0.,0.));
#9128=DIRECTION('center_axis',(0.,0.,-1.));
#9129=DIRECTION('ref_axis',(-1.,0.,0.));
#9130=DIRECTION('center_axis',(0.,0.,1.));
#9131=DIRECTION('ref_axis',(-0.637269249493002,0.770641228880616,0.));
#9132=DIRECTION('',(0.,0.,-1.));
#9133=DIRECTION('center_axis',(0.,0.,1.));
#9134=DIRECTION('ref_axis',(-0.637269249493002,0.770641228880616,0.));
#9135=DIRECTION('center_axis',(0.,0.,1.));
#9136=DIRECTION('ref_axis',(-1.,0.,0.));
#9137=DIRECTION('',(-1.,0.,0.));
#9138=DIRECTION('center_axis',(0.,0.,1.));
#9139=DIRECTION('ref_axis',(0.637269249493007,0.770641228880612,0.));
#9140=DIRECTION('',(-0.18777580730125,0.98221191511423,0.));
#9141=DIRECTION('center_axis',(0.,0.,1.));
#9142=DIRECTION('ref_axis',(0.770641228880614,-0.637269249493005,0.));
#9143=DIRECTION('',(1.,0.,0.));
#9144=DIRECTION('center_axis',(0.,0.,1.));
#9145=DIRECTION('ref_axis',(-0.510907609204251,-0.859635629122709,0.));
#9146=DIRECTION('',(0.477946829714394,-0.878388768123751,0.));
#9147=DIRECTION('',(1.,1.64906807520496E-15,0.));
#9148=DIRECTION('',(1.,1.64906807520496E-15,0.));
#9149=DIRECTION('',(1.,1.64906807520496E-15,0.));
#9150=DIRECTION('',(0.477946829714316,0.878388768123793,0.));
#9151=DIRECTION('',(1.,3.10034072137174E-15,0.));
#9152=DIRECTION('',(1.,3.10034072137174E-15,0.));
#9153=DIRECTION('',(1.,3.10034072137174E-15,0.));
#9154=DIRECTION('',(0.477946829714318,-0.878388768123792,0.));
#9155=DIRECTION('',(1.,-3.10633604182361E-15,0.));
#9156=DIRECTION('',(1.,-3.10633604182361E-15,0.));
#9157=DIRECTION('',(1.,-3.10633604182361E-15,0.));
#9158=DIRECTION('',(-0.187775807301245,0.982211915114231,0.));
#9159=DIRECTION('',(-0.187775807301245,0.982211915114231,0.));
#9160=DIRECTION('',(-0.187775807301245,0.982211915114231,0.));
#9161=DIRECTION('',(-1.,0.,0.));
#9162=DIRECTION('',(-1.,0.,0.));
#9163=DIRECTION('',(-1.,0.,0.));
#9164=DIRECTION('',(-1.,0.,0.));
#9165=DIRECTION('',(-1.,0.,0.));
#9166=DIRECTION('',(-0.18777580730125,-0.98221191511423,0.));
#9167=DIRECTION('',(-0.18777580730125,-0.98221191511423,0.));
#9168=DIRECTION('',(-0.18777580730125,-0.98221191511423,0.));
#9169=DIRECTION('center_axis',(0.,1.,0.));
#9170=DIRECTION('ref_axis',(-1.,0.,0.));
#9171=DIRECTION('',(0.,0.,1.));
#9172=DIRECTION('center_axis',(0.,0.,1.));
#9173=DIRECTION('ref_axis',(0.637269249493007,0.770641228880612,0.));
#9174=DIRECTION('',(0.,0.,-1.));
#9175=DIRECTION('center_axis',(0.,0.,1.));
#9176=DIRECTION('ref_axis',(0.770641228880614,-0.637269249493005,0.));
#9177=DIRECTION('',(0.,0.,-1.));
#9178=DIRECTION('',(0.,0.,1.));
#9179=DIRECTION('center_axis',(0.,-1.,0.));
#9180=DIRECTION('ref_axis',(1.,0.,0.));
#9181=DIRECTION('',(0.,0.,1.));
#9182=DIRECTION('center_axis',(0.,0.,1.));
#9183=DIRECTION('ref_axis',(-0.510907609204251,-0.859635629122709,0.));
#9184=DIRECTION('',(0.,0.,-1.));
#9185=DIRECTION('center_axis',(-0.878388768123751,-0.477946829714394,0.));
#9186=DIRECTION('ref_axis',(0.477946829714394,-0.878388768123751,0.));
#9187=DIRECTION('center_axis',(0.,0.,-1.));
#9188=DIRECTION('ref_axis',(-1.,0.,0.));
#9189=DIRECTION('',(0.,0.,-1.));
#9190=DIRECTION('center_axis',(0.,0.,1.));
#9191=DIRECTION('ref_axis',(-1.,0.,0.));
#9192=DIRECTION('center_axis',(0.,0.,-1.));
#9193=DIRECTION('ref_axis',(-1.,0.,0.));
#9194=DIRECTION('',(0.,0.,-1.));
#9195=DIRECTION('center_axis',(0.,0.,1.));
#9196=DIRECTION('ref_axis',(-1.,0.,0.));
#9197=DIRECTION('center_axis',(-1.,0.,0.));
#9198=DIRECTION('ref_axis',(0.,1.,0.));
#9199=DIRECTION('',(0.,-1.,0.));
#9200=DIRECTION('',(0.,0.,-1.));
#9201=DIRECTION('',(0.,0.,-1.));
#9202=DIRECTION('center_axis',(0.,-1.,0.));
#9203=DIRECTION('ref_axis',(-1.,0.,0.));
#9204=DIRECTION('',(1.,0.,0.));
#9205=DIRECTION('',(0.,0.,-1.));
#9206=DIRECTION('center_axis',(1.,0.,0.));
#9207=DIRECTION('ref_axis',(0.,-1.,0.));
#9208=DIRECTION('',(0.,1.,0.));
#9209=DIRECTION('',(0.,0.,-1.));
#9210=DIRECTION('center_axis',(0.,1.,0.));
#9211=DIRECTION('ref_axis',(1.,0.,0.));
#9212=DIRECTION('',(-1.,0.,0.));
#9213=DIRECTION('center_axis',(0.939692515220797,-0.342020433363289,0.));
#9214=DIRECTION('ref_axis',(-0.342020433363289,-0.939692515220797,0.));
#9215=DIRECTION('',(-0.342020433363289,-0.939692515220797,0.));
#9216=DIRECTION('',(0.,0.,-1.));
#9217=DIRECTION('',(-0.342020433363289,-0.939692515220797,0.));
#9218=DIRECTION('',(0.,0.,-1.));
#9219=DIRECTION('center_axis',(-0.937457409751258,-0.348099992678054,0.));
#9220=DIRECTION('ref_axis',(-0.348099992678054,0.937457409751258,0.));
#9221=DIRECTION('',(-0.348099992678054,0.937457409751258,0.));
#9222=DIRECTION('',(0.,0.,-1.));
#9223=DIRECTION('',(-0.348099992678054,0.937457409751258,0.));
#9224=DIRECTION('center_axis',(-8.13793388981777E-15,1.,0.));
#9225=DIRECTION('ref_axis',(1.,8.13793388981777E-15,0.));
#9226=DIRECTION('',(1.,8.13793388981777E-15,0.));
#9227=DIRECTION('',(1.,8.13793388981777E-15,0.));
#9228=DIRECTION('center_axis',(-1.03999180591131E-14,1.,0.));
#9229=DIRECTION('ref_axis',(1.,1.03999180591131E-14,0.));
#9230=DIRECTION('',(0.,0.,-1.));
#9231=DIRECTION('',(1.,1.03999180591131E-14,0.));
#9232=DIRECTION('',(0.,0.,-1.));
#9233=DIRECTION('center_axis',(-0.931813686895556,0.362936982014938,0.));
#9234=DIRECTION('ref_axis',(0.362936982014938,0.931813686895556,0.));
#9235=DIRECTION('',(0.,0.,-1.));
#9236=DIRECTION('',(0.362936982014938,0.931813686895556,0.));
#9237=DIRECTION('center_axis',(5.18339796353473E-15,-1.,0.));
#9238=DIRECTION('ref_axis',(-1.,-5.18339796353473E-15,0.));
#9239=DIRECTION('',(0.,0.,-1.));
#9240=DIRECTION('',(-1.,-5.18339796353473E-15,0.));
#9241=DIRECTION('center_axis',(0.939875797888534,-0.341516448422902,0.));
#9242=DIRECTION('ref_axis',(-0.341516448422902,-0.939875797888533,0.));
#9243=DIRECTION('',(0.,0.,-1.));
#9244=DIRECTION('',(-0.341516448422902,-0.939875797888533,0.));
#9245=DIRECTION('center_axis',(5.5549042511082E-15,-1.,0.));
#9246=DIRECTION('ref_axis',(-1.,-5.5549042511082E-15,0.));
#9247=DIRECTION('',(0.,0.,-1.));
#9248=DIRECTION('',(-1.,-5.5549042511082E-15,0.));
#9249=DIRECTION('center_axis',(-0.933417859664027,-0.358791163854724,0.));
#9250=DIRECTION('ref_axis',(-0.358791163854724,0.933417859664027,0.));
#9251=DIRECTION('',(0.,0.,-1.));
#9252=DIRECTION('',(-0.358791163854724,0.933417859664026,0.));
#9253=DIRECTION('center_axis',(5.05461825302521E-15,-1.,0.));
#9254=DIRECTION('ref_axis',(-1.,-5.05461825302521E-15,0.));
#9255=DIRECTION('',(0.,0.,-1.));
#9256=DIRECTION('',(-1.,-5.05461825302521E-15,0.));
#9257=DIRECTION('center_axis',(0.928345625789943,0.371718171571797,0.));
#9258=DIRECTION('ref_axis',(0.371718171571797,-0.928345625789943,0.));
#9259=DIRECTION('',(0.371718171571797,-0.928345625789943,0.));
#9260=DIRECTION('center_axis',(0.,0.,-1.));
#9261=DIRECTION('ref_axis',(-1.,0.,0.));
#9262=DIRECTION('',(0.,0.,-1.));
#9263=DIRECTION('',(0.,0.,-1.));
#9264=DIRECTION('',(0.,0.,-1.));
#9265=DIRECTION('',(0.,0.,-1.));
#9266=DIRECTION('',(0.,0.,-1.));
#9267=DIRECTION('',(0.,0.,-1.));
#9268=DIRECTION('',(0.,0.,-1.));
#9269=DIRECTION('',(0.,0.,-1.));
#9270=DIRECTION('',(0.,0.,-1.));
#9271=DIRECTION('',(0.,0.,-1.));
#9272=DIRECTION('',(0.,0.,-1.));
#9273=DIRECTION('',(0.,0.,-1.));
#9274=DIRECTION('',(0.,0.,-1.));
#9275=DIRECTION('',(0.,0.,-1.));
#9276=DIRECTION('',(0.,0.,-1.));
#9277=DIRECTION('',(0.,0.,-1.));
#9278=DIRECTION('',(0.,0.,-1.));
#9279=DIRECTION('',(0.,0.,-1.));
#9280=DIRECTION('center_axis',(0.,0.,1.));
#9281=DIRECTION('ref_axis',(-1.,0.,0.));
#9282=DIRECTION('center_axis',(1.,1.06902262762307E-14,0.));
#9283=DIRECTION('ref_axis',(1.06902262762307E-14,-1.,0.));
#9284=DIRECTION('',(0.,0.,-1.));
#9285=DIRECTION('',(1.06902262762307E-14,-1.,0.));
#9286=DIRECTION('',(0.,0.,-1.));
#9287=DIRECTION('center_axis',(7.5004057926041E-15,-1.,0.));
#9288=DIRECTION('ref_axis',(-1.,-7.5004057926041E-15,0.));
#9289=DIRECTION('',(0.,0.,-1.));
#9290=DIRECTION('',(-1.,-7.5004057926041E-15,0.));
#9291=DIRECTION('center_axis',(1.,1.31257002269492E-14,0.));
#9292=DIRECTION('ref_axis',(1.31257002269492E-14,-1.,0.));
#9293=DIRECTION('',(0.,0.,-1.));
#9294=DIRECTION('',(1.31257002269492E-14,-1.,0.));
#9295=DIRECTION('center_axis',(-5.58828261975062E-15,1.,0.));
#9296=DIRECTION('ref_axis',(1.,5.58828261975062E-15,0.));
#9297=DIRECTION('',(0.,0.,-1.));
#9298=DIRECTION('',(1.,5.58828261975062E-15,0.));
#9299=DIRECTION('center_axis',(-1.,-1.31257002269492E-14,0.));
#9300=DIRECTION('ref_axis',(-1.31257002269492E-14,1.,0.));
#9301=DIRECTION('',(0.,0.,-1.));
#9302=DIRECTION('',(-1.31257002269492E-14,1.,0.));
#9303=DIRECTION('center_axis',(7.48315852757362E-15,-1.,0.));
#9304=DIRECTION('ref_axis',(-1.,-7.48315852757362E-15,0.));
#9305=DIRECTION('',(0.,0.,-1.));
#9306=DIRECTION('',(-1.,-7.48315852757362E-15,0.));
#9307=DIRECTION('center_axis',(-1.,-1.06902262762307E-14,0.));
#9308=DIRECTION('ref_axis',(-1.06902262762307E-14,1.,0.));
#9309=DIRECTION('',(0.,0.,-1.));
#9310=DIRECTION('',(-1.06902262762307E-14,1.,0.));
#9311=DIRECTION('center_axis',(5.49860375641521E-15,-1.,0.));
#9312=DIRECTION('ref_axis',(-1.,-5.49860375641521E-15,0.));
#9313=DIRECTION('',(-1.,-5.49860375641521E-15,0.));
#9314=DIRECTION('center_axis',(0.,0.,-1.));
#9315=DIRECTION('ref_axis',(-1.,0.,0.));
#9316=DIRECTION('',(0.,0.,-1.));
#9317=DIRECTION('',(0.,0.,-1.));
#9318=DIRECTION('',(0.,0.,-1.));
#9319=DIRECTION('',(0.,0.,-1.));
#9320=DIRECTION('',(0.,0.,-1.));
#9321=DIRECTION('',(0.,0.,-1.));
#9322=DIRECTION('',(0.,0.,-1.));
#9323=DIRECTION('',(0.,0.,-1.));
#9324=DIRECTION('',(0.,0.,-1.));
#9325=DIRECTION('center_axis',(1.,1.26824959254041E-14,0.));
#9326=DIRECTION('ref_axis',(1.26824959254041E-14,-1.,0.));
#9327=DIRECTION('',(0.,0.,-1.));
#9328=DIRECTION('',(1.26824959254041E-14,-1.,0.));
#9329=DIRECTION('center_axis',(-1.09971993967862E-14,1.,0.));
#9330=DIRECTION('ref_axis',(1.,1.09971993967862E-14,0.));
#9331=DIRECTION('',(0.,0.,-1.));
#9332=DIRECTION('',(1.,1.09971993967862E-14,0.));
#9333=DIRECTION('center_axis',(-1.,-1.2041332648497E-14,0.));
#9334=DIRECTION('ref_axis',(-1.2041332648497E-14,1.,0.));
#9335=DIRECTION('',(0.,0.,-1.));
#9336=DIRECTION('',(-1.2041332648497E-14,1.,0.));
#9337=DIRECTION('',(0.,0.,-1.));
#9338=DIRECTION('',(0.,0.,-1.));
#9339=DIRECTION('',(0.,0.,-1.));
#9340=DIRECTION('',(0.,0.,-1.));
#9341=DIRECTION('',(0.,0.,-1.));
#9342=DIRECTION('',(0.,0.,-1.));
#9343=DIRECTION('center_axis',(1.,1.22991457248648E-14,0.));
#9344=DIRECTION('ref_axis',(1.22991457248648E-14,-1.,0.));
#9345=DIRECTION('',(0.,0.,-1.));
#9346=DIRECTION('',(1.22991457248648E-14,-1.,0.));
#9347=DIRECTION('center_axis',(-1.0997211570857E-14,1.,0.));
#9348=DIRECTION('ref_axis',(1.,1.0997211570857E-14,0.));
#9349=DIRECTION('',(0.,0.,-1.));
#9350=DIRECTION('',(1.,1.0997211570857E-14,0.));
#9351=DIRECTION('center_axis',(-1.,-1.24878786455878E-14,0.));
#9352=DIRECTION('ref_axis',(-1.24878786455878E-14,1.,0.));
#9353=DIRECTION('',(-1.24878786455878E-14,1.,0.));
#9354=DIRECTION('center_axis',(0.,0.,1.));
#9355=DIRECTION('ref_axis',(-1.,0.,0.));
#9356=DIRECTION('center_axis',(1.,0.,0.));
#9357=DIRECTION('ref_axis',(0.,-1.,0.));
#9358=DIRECTION('',(0.,0.,-1.));
#9359=DIRECTION('',(0.,-1.,0.));
#9360=DIRECTION('',(0.,0.,-1.));
#9361=DIRECTION('center_axis',(0.,1.,0.));
#9362=DIRECTION('ref_axis',(1.,0.,0.));
#9363=DIRECTION('',(0.,0.,-1.));
#9364=DIRECTION('',(1.,0.,0.));
#9365=DIRECTION('center_axis',(-1.,0.,0.));
#9366=DIRECTION('ref_axis',(0.,1.,0.));
#9367=DIRECTION('',(0.,0.,-1.));
#9368=DIRECTION('',(0.,1.,0.));
#9369=DIRECTION('center_axis',(0.,-1.,0.));
#9370=DIRECTION('ref_axis',(-1.,0.,0.));
#9371=DIRECTION('',(-1.,0.,0.));
#9372=DIRECTION('center_axis',(0.,0.,-1.));
#9373=DIRECTION('ref_axis',(-1.,0.,0.));
#9374=DIRECTION('center_axis',(0.,0.,1.));
#9375=DIRECTION('ref_axis',(1.,0.,0.));
#9376=DIRECTION('center_axis',(0.,0.,1.));
#9377=DIRECTION('ref_axis',(1.,0.,0.));
#9378=DIRECTION('center_axis',(0.82730625242499,0.561751159054006,0.));
#9379=DIRECTION('ref_axis',(0.,0.,1.));
#9380=DIRECTION('',(-0.561751159054006,0.82730625242499,0.));
#9381=DIRECTION('',(-0.458667900699783,0.675492726485135,0.577350269189626));
#9382=DIRECTION('',(0.,0.,-1.));
#9383=DIRECTION('center_axis',(0.561751159054005,-0.82730625242499,8.71576399210525E-32));
#9384=DIRECTION('ref_axis',(1.21066965699356E-31,-2.31451552072297E-32,
-1.));
#9385=DIRECTION('',(0.82730625242499,0.561751159054005,0.));
#9386=DIRECTION('',(2.31451552072297E-32,1.21066965699355E-31,1.));
#9387=DIRECTION('',(0.675492726485135,0.458667900699783,-0.577350269189626));
#9388=DIRECTION('center_axis',(-0.707106781186548,0.707106781186548,0.));
#9389=DIRECTION('ref_axis',(0.,0.,1.));
#9390=DIRECTION('',(-0.707106781186548,-0.707106781186548,0.));
#9391=DIRECTION('',(-0.577350269189626,-0.577350269189626,0.577350269189626));
#9392=DIRECTION('',(0.,0.,-1.));
#9393=DIRECTION('center_axis',(0.707106781186548,0.707106781186548,0.));
#9394=DIRECTION('ref_axis',(0.,0.,-1.));
#9395=DIRECTION('',(-0.707106781186548,0.707106781186548,0.));
#9396=DIRECTION('',(0.,0.,1.));
#9397=DIRECTION('',(-0.577350269189626,0.577350269189626,-0.577350269189626));
#9398=DIRECTION('center_axis',(-0.707106781186548,-0.707106781186548,0.));
#9399=DIRECTION('ref_axis',(0.,0.,-1.));
#9400=DIRECTION('',(0.707106781186548,-0.707106781186548,0.));
#9401=DIRECTION('',(0.,0.,1.));
#9402=DIRECTION('',(0.577350269189626,-0.577350269189626,-0.577350269189626));
#9403=DIRECTION('center_axis',(0.82730625242499,-0.561751159054006,0.));
#9404=DIRECTION('ref_axis',(0.,0.,1.));
#9405=DIRECTION('',(-0.561751159054006,-0.82730625242499,0.));
#9406=DIRECTION('',(0.,0.,1.));
#9407=DIRECTION('',(-0.458667900699783,-0.675492726485135,-0.577350269189626));
#9408=DIRECTION('center_axis',(0.561751159054005,0.82730625242499,-8.71576399210525E-32));
#9409=DIRECTION('ref_axis',(-1.21066965699356E-31,-2.31451552072297E-32,
-1.));
#9410=DIRECTION('',(0.82730625242499,-0.561751159054005,0.));
#9411=DIRECTION('',(0.675492726485135,-0.458667900699782,0.577350269189626));
#9412=DIRECTION('',(2.3145155207229E-32,-1.21066965699355E-31,-1.));
#9413=DIRECTION('center_axis',(-0.707106781186547,-0.707106781186548,0.));
#9414=DIRECTION('ref_axis',(0.,0.,1.));
#9415=DIRECTION('',(-0.707106781186548,0.707106781186547,0.));
#9416=DIRECTION('',(0.,0.,1.));
#9417=DIRECTION('',(-0.577350269189626,0.577350269189625,-0.577350269189626));
#9418=DIRECTION('center_axis',(0.707106781186548,-0.707106781186547,0.));
#9419=DIRECTION('ref_axis',(0.,0.,-1.));
#9420=DIRECTION('',(-0.707106781186547,-0.707106781186548,0.));
#9421=DIRECTION('',(-0.577350269189626,-0.577350269189626,0.577350269189626));
#9422=DIRECTION('',(0.,0.,-1.));
#9423=DIRECTION('center_axis',(0.707106781186548,-0.707106781186548,0.));
#9424=DIRECTION('ref_axis',(0.,0.,1.));
#9425=DIRECTION('',(0.707106781186548,0.707106781186548,0.));
#9426=DIRECTION('',(0.577350269189626,0.577350269189626,0.577350269189626));
#9427=DIRECTION('',(0.,0.,-1.));
#9428=DIRECTION('center_axis',(0.707106781186547,0.707106781186548,0.));
#9429=DIRECTION('ref_axis',(0.,0.,1.));
#9430=DIRECTION('',(0.707106781186548,-0.707106781186547,0.));
#9431=DIRECTION('',(0.,0.,1.));
#9432=DIRECTION('',(0.577350269189626,-0.577350269189626,-0.577350269189626));
#9433=DIRECTION('center_axis',(-0.707106781186548,0.707106781186547,0.));
#9434=DIRECTION('ref_axis',(0.,0.,-1.));
#9435=DIRECTION('',(0.707106781186547,0.707106781186548,0.));
#9436=DIRECTION('',(0.577350269189626,0.577350269189626,0.577350269189626));
#9437=DIRECTION('',(0.,0.,-1.));
#9438=DIRECTION('center_axis',(0.707106781186548,0.707106781186547,0.));
#9439=DIRECTION('ref_axis',(0.,0.,-1.));
#9440=DIRECTION('',(-0.707106781186547,0.707106781186548,0.));
#9441=DIRECTION('',(0.,0.,1.));
#9442=DIRECTION('',(-0.577350269189627,0.577350269189627,-0.577350269189624));
#9443=DIRECTION('center_axis',(-0.707106781186548,0.707106781186547,0.));
#9444=DIRECTION('ref_axis',(0.,0.,1.));
#9445=DIRECTION('',(-0.707106781186547,-0.707106781186548,0.));
#9446=DIRECTION('',(-0.577350269189627,-0.577350269189627,0.577350269189624));
#9447=DIRECTION('',(0.,0.,-1.));
#9448=DIRECTION('center_axis',(-8.84667153111977E-17,-0.923879532511286,
-0.382683432365093));
#9449=DIRECTION('ref_axis',(0.,0.382683432365093,-0.923879532511286));
#9450=DIRECTION('',(0.357406744336596,0.357406744336596,-0.862856209461015));
#9451=DIRECTION('',(1.,-9.57556826383282E-17,1.33415139207316E-32));
#9452=DIRECTION('',(0.357406744336596,-0.357406744336596,0.862856209461015));
#9453=DIRECTION('',(1.,-9.57556826383282E-17,0.));
#9454=DIRECTION('center_axis',(6.77094925307088E-17,0.707106781186548,-0.707106781186548));
#9455=DIRECTION('ref_axis',(-1.,0.,-9.57556826383282E-17));
#9456=DIRECTION('',(0.577350269189626,0.577350269189626,0.577350269189626));
#9457=DIRECTION('',(1.,-4.78778413191642E-17,4.7877841319164E-17));
#9458=DIRECTION('',(0.577350269189626,-0.577350269189626,-0.577350269189626));
#9459=DIRECTION('center_axis',(0.,0.707106781186546,0.707106781186549));
#9460=DIRECTION('ref_axis',(1.,0.,0.));
#9461=DIRECTION('',(-1.,0.,0.));
#9462=DIRECTION('',(-0.577350269189627,0.577350269189627,-0.577350269189624));
#9463=DIRECTION('',(-0.577350269189627,-0.577350269189627,0.577350269189624));
#9464=DIRECTION('center_axis',(-0.707106781186548,0.707106781186547,0.));
#9465=DIRECTION('ref_axis',(0.,0.,1.));
#9466=DIRECTION('',(0.707106781186547,0.707106781186548,0.));
#9467=DIRECTION('',(0.,0.,1.));
#9468=DIRECTION('center_axis',(0.707106781186548,0.707106781186547,0.));
#9469=DIRECTION('ref_axis',(0.,0.,-1.));
#9470=DIRECTION('',(0.,0.,-1.));
#9471=DIRECTION('',(0.707106781186547,-0.707106781186548,0.));
#9472=DIRECTION('center_axis',(3.10034072137174E-15,-1.,0.));
#9473=DIRECTION('ref_axis',(-1.,-3.10034072137174E-15,0.));
#9474=DIRECTION('',(-1.,-3.10034072137174E-15,0.));
#9475=DIRECTION('',(1.,3.10034072137174E-15,0.));
#9476=DIRECTION('',(0.,0.,1.));
#9477=DIRECTION('center_axis',(-1.53856849346093E-16,0.923879532511286,
-0.382683432365092));
#9478=DIRECTION('ref_axis',(0.,0.382683432365092,0.923879532511286));
#9479=DIRECTION('',(-0.357406744336595,-0.357406744336595,-0.862856209461015));
#9480=DIRECTION('',(-1.,-1.66533453693774E-16,1.33415139207316E-32));
#9481=DIRECTION('',(-0.357406744336595,0.357406744336595,0.862856209461015));
#9482=DIRECTION('',(-1.,-1.66533453693773E-16,0.));
#9483=DIRECTION('center_axis',(-1.17756934401284E-16,0.70710678118655,0.707106781186545));
#9484=DIRECTION('ref_axis',(-1.,-1.66533453693773E-16,0.));
#9485=DIRECTION('',(-0.577350269189624,-0.577350269189625,0.577350269189629));
#9486=DIRECTION('',(-1.,-1.66533453693773E-16,1.23259516440783E-32));
#9487=DIRECTION('',(-0.577350269189625,0.577350269189624,-0.577350269189629));
#9488=DIRECTION('center_axis',(-0.707106781186548,0.707106781186547,0.));
#9489=DIRECTION('ref_axis',(0.,0.,-1.));
#9490=DIRECTION('',(-0.707106781186547,-0.707106781186548,0.));
#9491=DIRECTION('',(0.,0.,1.));
#9492=DIRECTION('',(-0.577350269189626,-0.577350269189626,-0.577350269189626));
#9493=DIRECTION('center_axis',(-1.17756934401283E-16,0.707106781186548,
-0.707106781186548));
#9494=DIRECTION('ref_axis',(1.,1.66533453693773E-16,0.));
#9495=DIRECTION('',(1.,1.66533453693773E-16,0.));
#9496=DIRECTION('',(0.577350269189626,-0.577350269189626,-0.577350269189626));
#9497=DIRECTION('center_axis',(0.707106781186547,0.707106781186548,0.));
#9498=DIRECTION('ref_axis',(0.,0.,1.));
#9499=DIRECTION('',(0.,0.,-1.));
#9500=DIRECTION('',(-0.707106781186548,0.707106781186547,0.));
#9501=DIRECTION('center_axis',(0.,1.,0.));
#9502=DIRECTION('ref_axis',(1.,0.,0.));
#9503=DIRECTION('',(1.,0.,0.));
#9504=DIRECTION('',(-1.,0.,0.));
#9505=DIRECTION('',(0.,0.,-1.));
#9506=DIRECTION('center_axis',(0.,1.,0.));
#9507=DIRECTION('ref_axis',(1.,0.,0.));
#9508=DIRECTION('',(1.,0.,0.));
#9509=DIRECTION('',(0.,0.,-1.));
#9510=DIRECTION('',(-1.,0.,0.));
#9511=DIRECTION('center_axis',(1.53856849346092E-16,-0.92387953251128,-0.382683432365107));
#9512=DIRECTION('ref_axis',(0.,0.382683432365107,-0.92387953251128));
#9513=DIRECTION('',(0.357406744336608,-0.357406744336607,0.862856209461005));
#9514=DIRECTION('',(1.,1.66533453693773E-16,0.));
#9515=DIRECTION('',(0.357406744336607,0.357406744336608,-0.862856209461005));
#9516=DIRECTION('',(1.,1.66533453693773E-16,-1.33415139207315E-32));
#9517=DIRECTION('center_axis',(0.707106781186548,-0.707106781186547,0.));
#9518=DIRECTION('ref_axis',(0.,0.,-1.));
#9519=DIRECTION('',(-0.577350269189626,-0.577350269189626,-0.577350269189626));
#9520=DIRECTION('',(0.707106781186547,0.707106781186548,0.));
#9521=DIRECTION('',(0.,0.,1.));
#9522=DIRECTION('',(0.577350269189626,0.577350269189626,-0.577350269189626));
#9523=DIRECTION('center_axis',(1.17756934401283E-16,-0.707106781186548,
-0.707106781186547));
#9524=DIRECTION('ref_axis',(-1.,-1.66533453693773E-16,0.));
#9525=DIRECTION('',(-1.,-1.66533453693773E-16,0.));
#9526=DIRECTION('',(-0.577350269189626,0.577350269189625,-0.577350269189626));
#9527=DIRECTION('',(-1.,-1.66533453693773E-16,0.));
#9528=DIRECTION('center_axis',(-0.707106781186547,-0.707106781186548,0.));
#9529=DIRECTION('ref_axis',(0.,0.,1.));
#9530=DIRECTION('',(-0.577350269189626,0.577350269189626,0.577350269189626));
#9531=DIRECTION('',(0.,0.,-1.));
#9532=DIRECTION('',(0.707106781186548,-0.707106781186547,0.));
#9533=DIRECTION('center_axis',(1.17756934401283E-16,-0.707106781186547,
0.707106781186548));
#9534=DIRECTION('ref_axis',(1.,1.66533453693773E-16,0.));
#9535=DIRECTION('center_axis',(-3.10633604182361E-15,-1.,0.));
#9536=DIRECTION('ref_axis',(-1.,3.10633604182361E-15,0.));
#9537=DIRECTION('',(-1.,3.10633604182361E-15,0.));
#9538=DIRECTION('',(1.,-3.10633604182361E-15,0.));
#9539=DIRECTION('',(0.,0.,-1.));
#9540=DIRECTION('center_axis',(-3.10633604182361E-15,-1.,0.));
#9541=DIRECTION('ref_axis',(-1.,3.10633604182361E-15,0.));
#9542=DIRECTION('',(-1.,3.10633604182361E-15,0.));
#9543=DIRECTION('',(0.,0.,1.));
#9544=DIRECTION('',(1.,-3.10633604182361E-15,0.));
#9545=DIRECTION('center_axis',(0.907445484962744,0.173482225066407,-0.382683432365107));
#9546=DIRECTION('ref_axis',(-0.388575400969371,0.,-0.921416929387285));
#9547=DIRECTION('',(-0.418161502782319,0.283936822876883,-0.862856209461005));
#9548=DIRECTION('',(-0.18777580730125,0.98221191511423,0.));
#9549=DIRECTION('',(0.283936822876883,0.418161502782319,0.862856209461005));
#9550=DIRECTION('',(-0.18777580730125,0.98221191511423,0.));
#9551=DIRECTION('center_axis',(0.694528705739498,0.132777546685492,0.707106781186547));
#9552=DIRECTION('ref_axis',(-0.18777580730125,0.98221191511423,-1.11650889548227E-16));
#9553=DIRECTION('',(-0.675492726485135,0.458667900699782,0.577350269189626));
#9554=DIRECTION('',(-0.18777580730125,0.98221191511423,-9.71445146547012E-17));
#9555=DIRECTION('',(0.458667900699782,0.675492726485134,-0.577350269189626));
#9556=DIRECTION('center_axis',(0.561751159054005,0.82730625242499,-8.71576399210525E-32));
#9557=DIRECTION('ref_axis',(-1.21066965699356E-31,-2.31451552072297E-32,
-1.));
#9558=DIRECTION('',(-0.82730625242499,0.561751159054005,0.));
#9559=DIRECTION('',(-2.3145155207229E-32,1.21066965699355E-31,1.));
#9560=DIRECTION('',(-0.675492726485135,0.458667900699782,-0.577350269189626));
#9561=DIRECTION('center_axis',(0.694528705739498,0.132777546685492,-0.707106781186548));
#9562=DIRECTION('ref_axis',(0.18777580730125,-0.98221191511423,0.));
#9563=DIRECTION('',(0.18777580730125,-0.98221191511423,0.));
#9564=DIRECTION('',(-0.458667900699783,-0.675492726485135,-0.577350269189626));
#9565=DIRECTION('center_axis',(0.82730625242499,-0.561751159054006,0.));
#9566=DIRECTION('ref_axis',(0.,0.,1.));
#9567=DIRECTION('',(0.,0.,-1.));
#9568=DIRECTION('',(0.561751159054006,0.82730625242499,0.));
#9569=DIRECTION('center_axis',(0.982211915114231,0.187775807301245,0.));
#9570=DIRECTION('ref_axis',(0.187775807301245,-0.982211915114231,0.));
#9571=DIRECTION('',(0.187775807301245,-0.982211915114231,0.));
#9572=DIRECTION('',(-0.187775807301245,0.982211915114231,0.));
#9573=DIRECTION('center_axis',(0.982211915114231,0.187775807301245,0.));
#9574=DIRECTION('ref_axis',(0.187775807301245,-0.982211915114231,0.));
#9575=DIRECTION('',(0.187775807301245,-0.982211915114231,0.));
#9576=DIRECTION('',(-0.187775807301245,0.982211915114231,0.));
#9577=DIRECTION('center_axis',(0.,0.923879532511288,-0.382683432365086));
#9578=DIRECTION('ref_axis',(0.,0.382683432365086,0.923879532511288));
#9579=DIRECTION('',(-0.35740674433659,-0.35740674433659,-0.862856209461019));
#9580=DIRECTION('',(-1.,0.,0.));
#9581=DIRECTION('',(-0.35740674433659,0.35740674433659,0.862856209461019));
#9582=DIRECTION('',(-1.,0.,0.));
#9583=DIRECTION('center_axis',(0.,-0.70710678118655,-0.707106781186545));
#9584=DIRECTION('ref_axis',(1.,0.,0.));
#9585=DIRECTION('',(-0.577350269189624,-0.577350269189624,0.577350269189629));
#9586=DIRECTION('',(-1.,0.,0.));
#9587=DIRECTION('',(-0.577350269189624,0.577350269189624,-0.577350269189629));
#9588=DIRECTION('center_axis',(-0.707106781186548,-0.707106781186548,0.));
#9589=DIRECTION('ref_axis',(0.,0.,-1.));
#9590=DIRECTION('',(0.,0.,-1.));
#9591=DIRECTION('',(-0.707106781186548,0.707106781186548,0.));
#9592=DIRECTION('',(-0.577350269189626,0.577350269189626,0.577350269189626));
#9593=DIRECTION('center_axis',(0.,-0.707106781186548,0.707106781186548));
#9594=DIRECTION('ref_axis',(-1.,0.,0.));
#9595=DIRECTION('',(1.,0.,0.));
#9596=DIRECTION('',(0.577350269189626,0.577350269189626,0.577350269189626));
#9597=DIRECTION('center_axis',(0.707106781186548,-0.707106781186548,0.));
#9598=DIRECTION('ref_axis',(0.,0.,1.));
#9599=DIRECTION('',(-0.707106781186548,-0.707106781186548,0.));
#9600=DIRECTION('center_axis',(0.,1.,0.));
#9601=DIRECTION('ref_axis',(1.,0.,0.));
#9602=DIRECTION('',(1.,0.,0.));
#9603=DIRECTION('',(0.,0.,1.));
#9604=DIRECTION('',(-1.,0.,0.));
#9605=DIRECTION('center_axis',(0.,-0.923879532511287,-0.382683432365091));
#9606=DIRECTION('ref_axis',(0.,0.382683432365091,-0.923879532511286));
#9607=DIRECTION('',(0.357406744336594,0.357406744336594,-0.862856209461016));
#9608=DIRECTION('',(1.,0.,0.));
#9609=DIRECTION('',(0.357406744336594,-0.357406744336594,0.862856209461016));
#9610=DIRECTION('',(1.,0.,0.));
#9611=DIRECTION('center_axis',(0.,0.707106781186547,-0.707106781186548));
#9612=DIRECTION('ref_axis',(-1.,0.,0.));
#9613=DIRECTION('',(0.577350269189626,0.577350269189626,0.577350269189626));
#9614=DIRECTION('',(1.,0.,0.));
#9615=DIRECTION('',(0.577350269189626,-0.577350269189626,-0.577350269189626));
#9616=DIRECTION('center_axis',(0.707106781186548,0.707106781186548,0.));
#9617=DIRECTION('ref_axis',(0.,0.,-1.));
#9618=DIRECTION('',(0.,0.,-1.));
#9619=DIRECTION('',(0.707106781186548,-0.707106781186548,0.));
#9620=DIRECTION('',(0.577350269189626,-0.577350269189626,0.577350269189626));
#9621=DIRECTION('center_axis',(0.,0.707106781186548,0.707106781186547));
#9622=DIRECTION('ref_axis',(1.,0.,0.));
#9623=DIRECTION('',(-1.,0.,0.));
#9624=DIRECTION('',(-0.577350269189626,-0.577350269189626,0.577350269189626));
#9625=DIRECTION('center_axis',(-0.707106781186548,0.707106781186548,0.));
#9626=DIRECTION('ref_axis',(0.,0.,1.));
#9627=DIRECTION('',(0.707106781186548,0.707106781186548,0.));
#9628=DIRECTION('',(0.,0.,1.));
#9629=DIRECTION('center_axis',(1.64906807520496E-15,-1.,0.));
#9630=DIRECTION('ref_axis',(-1.,-1.64906807520496E-15,0.));
#9631=DIRECTION('',(-1.,-1.64906807520496E-15,0.));
#9632=DIRECTION('',(0.,0.,1.));
#9633=DIRECTION('',(1.,1.64906807520496E-15,0.));
#9634=DIRECTION('center_axis',(1.64906807520496E-15,-1.,0.));
#9635=DIRECTION('ref_axis',(-1.,-1.64906807520496E-15,0.));
#9636=DIRECTION('',(-1.,-1.64906807520496E-15,0.));
#9637=DIRECTION('',(1.,1.64906807520496E-15,0.));
#9638=DIRECTION('',(0.,0.,-1.));
#9639=DIRECTION('center_axis',(-0.90744548496275,0.173482225066408,-0.382683432365092));
#9640=DIRECTION('ref_axis',(-0.388575400969356,0.,0.921416929387291));
#9641=DIRECTION('',(0.283936822876874,-0.418161502782305,-0.862856209461015));
#9642=DIRECTION('',(-0.18777580730125,-0.98221191511423,1.50212092804912E-17));
#9643=DIRECTION('',(-0.418161502782305,-0.283936822876874,0.862856209461015));
#9644=DIRECTION('',(-0.18777580730125,-0.98221191511423,0.));
#9645=DIRECTION('center_axis',(0.694528705739498,-0.132777546685492,-0.707106781186547));
#9646=DIRECTION('ref_axis',(0.18777580730125,0.98221191511423,-1.11650889548227E-16));
#9647=DIRECTION('',(0.458667900699783,-0.675492726485134,0.577350269189626));
#9648=DIRECTION('',(-0.18777580730125,-0.98221191511423,9.71445146547012E-17));
#9649=DIRECTION('',(-0.675492726485134,-0.458667900699782,-0.577350269189626));
#9650=DIRECTION('center_axis',(0.561751159054005,-0.82730625242499,8.71576399210525E-32));
#9651=DIRECTION('ref_axis',(1.21066965699356E-31,-2.31451552072297E-32,
-1.));
#9652=DIRECTION('',(-2.31451552072297E-32,-1.21066965699355E-31,-1.));
#9653=DIRECTION('',(-0.82730625242499,-0.561751159054005,0.));
#9654=DIRECTION('',(-0.675492726485135,-0.458667900699783,0.577350269189626));
#9655=DIRECTION('center_axis',(0.694528705739498,-0.132777546685492,0.707106781186548));
#9656=DIRECTION('ref_axis',(-0.18777580730125,-0.98221191511423,0.));
#9657=DIRECTION('',(0.18777580730125,0.98221191511423,0.));
#9658=DIRECTION('',(-0.458667900699783,0.675492726485135,0.577350269189626));
#9659=DIRECTION('center_axis',(0.82730625242499,0.561751159054006,0.));
#9660=DIRECTION('ref_axis',(0.,0.,1.));
#9661=DIRECTION('',(0.561751159054006,-0.82730625242499,0.));
#9662=DIRECTION('',(0.,0.,1.));
#9663=DIRECTION('center_axis',(-0.98221191511423,0.18777580730125,0.));
#9664=DIRECTION('ref_axis',(0.18777580730125,0.98221191511423,0.));
#9665=DIRECTION('',(0.18777580730125,0.98221191511423,0.));
#9666=DIRECTION('',(-0.18777580730125,-0.98221191511423,0.));
#9667=DIRECTION('center_axis',(-0.98221191511423,0.18777580730125,0.));
#9668=DIRECTION('ref_axis',(0.18777580730125,0.98221191511423,0.));
#9669=DIRECTION('',(0.18777580730125,0.98221191511423,0.));
#9670=DIRECTION('',(-0.18777580730125,-0.98221191511423,0.));
#9671=DIRECTION('center_axis',(0.878388768123793,-0.477946829714316,0.));
#9672=DIRECTION('ref_axis',(-0.477946829714316,-0.878388768123793,0.));
#9673=DIRECTION('',(-0.477946829714316,-0.878388768123793,0.));
#9674=DIRECTION('',(0.477946829714316,0.878388768123793,0.));
#9675=DIRECTION('center_axis',(3.10034072137174E-15,-1.,0.));
#9676=DIRECTION('ref_axis',(-1.,-3.10034072137174E-15,0.));
#9677=DIRECTION('',(-1.,-3.10034072137174E-15,0.));
#9678=DIRECTION('',(0.,0.,-1.));
#9679=DIRECTION('',(1.,3.10034072137174E-15,0.));
#9680=DIRECTION('center_axis',(-0.878388768123792,-0.477946829714318,0.));
#9681=DIRECTION('ref_axis',(-0.477946829714318,0.878388768123792,0.));
#9682=DIRECTION('',(-0.477946829714318,0.878388768123792,0.));
#9683=DIRECTION('',(0.477946829714318,-0.878388768123792,0.));
#9684=DIRECTION('center_axis',(0.,0.,1.));
#9685=DIRECTION('ref_axis',(1.,0.,0.));
#9686=DIRECTION('center_axis',(-8.84667153111977E-17,-0.923879532511286,
-0.382683432365093));
#9687=DIRECTION('ref_axis',(0.,0.382683432365093,-0.923879532511286));
#9688=DIRECTION('',(-0.357406744336596,-0.357406744336596,0.862856209461015));
#9689=DIRECTION('',(1.,-9.57556826383282E-17,0.));
#9690=DIRECTION('',(-0.357406744336596,0.357406744336596,-0.862856209461015));
#9691=DIRECTION('',(-1.,9.57556826383282E-17,0.));
#9692=DIRECTION('center_axis',(6.77094925307088E-17,0.707106781186548,-0.707106781186548));
#9693=DIRECTION('ref_axis',(-1.,0.,-9.57556826383282E-17));
#9694=DIRECTION('',(-0.577350269189626,0.577350269189626,0.577350269189626));
#9695=DIRECTION('',(-1.,4.78778413191642E-17,-4.7877841319164E-17));
#9696=DIRECTION('',(0.577350269189626,0.577350269189626,0.577350269189626));
#9697=DIRECTION('center_axis',(0.,0.707106781186546,0.707106781186549));
#9698=DIRECTION('ref_axis',(1.,0.,0.));
#9699=DIRECTION('',(0.577350269189627,0.577350269189627,-0.577350269189624));
#9700=DIRECTION('',(-0.577350269189627,0.577350269189627,-0.577350269189624));
#9701=DIRECTION('center_axis',(-0.707106781186548,0.707106781186547,0.));
#9702=DIRECTION('ref_axis',(0.,0.,1.));
#9703=DIRECTION('',(0.,0.,1.));
#9704=DIRECTION('',(0.707106781186547,0.707106781186548,0.));
#9705=DIRECTION('center_axis',(0.707106781186548,0.707106781186547,0.));
#9706=DIRECTION('ref_axis',(0.,0.,-1.));
#9707=DIRECTION('',(0.,0.,-1.));
#9708=DIRECTION('',(0.707106781186547,-0.707106781186548,0.));
#9709=DIRECTION('center_axis',(3.10034072137174E-15,-1.,0.));
#9710=DIRECTION('ref_axis',(-1.,-3.10034072137174E-15,0.));
#9711=DIRECTION('',(0.,0.,-1.));
#9712=DIRECTION('',(-1.,-3.10034072137174E-15,0.));
#9713=DIRECTION('center_axis',(-1.53856849346093E-16,0.923879532511286,
-0.382683432365092));
#9714=DIRECTION('ref_axis',(0.,0.382683432365092,0.923879532511286));
#9715=DIRECTION('',(0.357406744336595,0.357406744336595,0.862856209461015));
#9716=DIRECTION('',(-1.,-1.66533453693773E-16,0.));
#9717=DIRECTION('',(0.357406744336595,-0.357406744336595,-0.862856209461015));
#9718=DIRECTION('',(1.,1.66533453693773E-16,0.));
#9719=DIRECTION('center_axis',(-1.17756934401284E-16,0.70710678118655,0.707106781186545));
#9720=DIRECTION('ref_axis',(-1.,-1.66533453693773E-16,0.));
#9721=DIRECTION('',(0.577350269189625,-0.577350269189624,0.577350269189629));
#9722=DIRECTION('',(1.,1.66533453693773E-16,0.));
#9723=DIRECTION('',(-0.577350269189624,-0.577350269189625,0.577350269189629));
#9724=DIRECTION('center_axis',(-0.707106781186548,0.707106781186547,0.));
#9725=DIRECTION('ref_axis',(0.,0.,-1.));
#9726=DIRECTION('',(-0.577350269189626,-0.577350269189626,-0.577350269189626));
#9727=DIRECTION('',(0.,0.,1.));
#9728=DIRECTION('',(-0.707106781186547,-0.707106781186548,0.));
#9729=DIRECTION('center_axis',(-1.17756934401283E-16,0.707106781186548,
-0.707106781186548));
#9730=DIRECTION('ref_axis',(1.,1.66533453693773E-16,0.));
#9731=DIRECTION('',(0.577350269189626,-0.577350269189626,-0.577350269189626));
#9732=DIRECTION('center_axis',(0.707106781186547,0.707106781186548,0.));
#9733=DIRECTION('ref_axis',(0.,0.,1.));
#9734=DIRECTION('',(-0.707106781186548,0.707106781186547,0.));
#9735=DIRECTION('',(0.,0.,-1.));
#9736=DIRECTION('center_axis',(0.,1.,0.));
#9737=DIRECTION('ref_axis',(1.,0.,0.));
#9738=DIRECTION('',(0.,0.,-1.));
#9739=DIRECTION('',(1.,0.,0.));
#9740=DIRECTION('center_axis',(0.,1.,0.));
#9741=DIRECTION('ref_axis',(1.,0.,0.));
#9742=DIRECTION('',(1.,0.,0.));
#9743=DIRECTION('',(0.,0.,1.));
#9744=DIRECTION('center_axis',(1.53856849346092E-16,-0.92387953251128,-0.382683432365107));
#9745=DIRECTION('ref_axis',(0.,0.382683432365107,-0.92387953251128));
#9746=DIRECTION('',(-0.357406744336608,0.357406744336607,-0.862856209461005));
#9747=DIRECTION('',(-1.,-1.66533453693773E-16,0.));
#9748=DIRECTION('',(-0.357406744336607,-0.357406744336608,0.862856209461005));
#9749=DIRECTION('',(1.,1.66533453693773E-16,0.));
#9750=DIRECTION('center_axis',(0.,0.,-1.));
#9751=DIRECTION('ref_axis',(-1.,0.,0.));
#9752=DIRECTION('',(-0.477946829714316,-0.878388768123793,0.));
#9753=DIRECTION('',(-1.,-1.64906807520496E-15,0.));
#9754=DIRECTION('',(0.707106781186548,-0.707106781186548,0.));
#9755=DIRECTION('',(1.,0.,0.));
#9756=DIRECTION('',(0.707106781186548,0.707106781186548,0.));
#9757=DIRECTION('',(-1.,-1.64906807520496E-15,0.));
#9758=DIRECTION('',(0.18777580730125,0.98221191511423,0.));
#9759=DIRECTION('',(-0.82730625242499,-0.561751159054005,0.));
#9760=DIRECTION('',(-0.18777580730125,-0.98221191511423,0.));
#9761=DIRECTION('',(0.561751159054006,-0.82730625242499,0.));
#9762=DIRECTION('',(0.18777580730125,0.98221191511423,0.));
#9763=DIRECTION('',(1.,0.,0.));
#9764=DIRECTION('',(-0.707106781186548,0.707106781186548,0.));
#9765=DIRECTION('',(-1.,0.,0.));
#9766=DIRECTION('',(-0.707106781186548,-0.707106781186548,0.));
#9767=DIRECTION('',(0.187775807301245,-0.982211915114231,0.));
#9768=DIRECTION('',(0.561751159054006,0.82730625242499,0.));
#9769=DIRECTION('',(-0.18777580730125,0.98221191511423,0.));
#9770=DIRECTION('',(-0.82730625242499,0.561751159054005,0.));
#9771=DIRECTION('',(0.187775807301245,-0.982211915114231,0.));
#9772=DIRECTION('',(-1.,3.10633604182361E-15,0.));
#9773=DIRECTION('',(0.707106781186548,-0.707106781186547,0.));
#9774=DIRECTION('',(0.707106781186547,0.707106781186548,0.));
#9775=DIRECTION('',(-1.,3.10633604182361E-15,0.));
#9776=DIRECTION('',(-0.477946829714318,0.878388768123792,0.));
#9777=DIRECTION('',(-1.,-3.10034072137174E-15,0.));
#9778=DIRECTION('center_axis',(0.707106781186548,-0.707106781186547,0.));
#9779=DIRECTION('ref_axis',(0.,0.,-1.));
#9780=DIRECTION('',(0.577350269189626,0.577350269189626,0.577350269189626));
#9781=DIRECTION('',(0.577350269189626,0.577350269189626,-0.577350269189626));
#9782=DIRECTION('',(0.,0.,1.));
#9783=DIRECTION('center_axis',(1.17756934401283E-16,-0.707106781186548,
-0.707106781186547));
#9784=DIRECTION('ref_axis',(-1.,-1.66533453693773E-16,0.));
#9785=DIRECTION('',(-0.577350269189626,0.577350269189626,-0.577350269189626));
#9786=DIRECTION('',(-1.,-1.66533453693773E-16,0.));
#9787=DIRECTION('center_axis',(-0.707106781186547,-0.707106781186548,0.));
#9788=DIRECTION('ref_axis',(0.,0.,1.));
#9789=DIRECTION('',(-0.577350269189626,0.577350269189626,0.577350269189626));
#9790=DIRECTION('',(0.,0.,-1.));
#9791=DIRECTION('center_axis',(1.17756934401283E-16,-0.707106781186547,
0.707106781186548));
#9792=DIRECTION('ref_axis',(1.,1.66533453693773E-16,0.));
#9793=DIRECTION('center_axis',(-3.10633604182361E-15,-1.,0.));
#9794=DIRECTION('ref_axis',(-1.,3.10633604182361E-15,0.));
#9795=DIRECTION('',(0.,0.,-1.));
#9796=DIRECTION('center_axis',(-3.10633604182361E-15,-1.,0.));
#9797=DIRECTION('ref_axis',(-1.,3.10633604182361E-15,0.));
#9798=DIRECTION('',(0.,0.,-1.));
#9799=DIRECTION('center_axis',(0.907445484962744,0.173482225066407,-0.382683432365107));
#9800=DIRECTION('ref_axis',(-0.388575400969371,0.,-0.921416929387285));
#9801=DIRECTION('',(0.418161502782319,-0.283936822876883,0.862856209461005));
#9802=DIRECTION('',(-0.283936822876883,-0.418161502782319,-0.862856209461005));
#9803=DIRECTION('',(0.18777580730125,-0.98221191511423,0.));
#9804=DIRECTION('center_axis',(0.694528705739498,0.132777546685492,0.707106781186547));
#9805=DIRECTION('ref_axis',(-0.18777580730125,0.98221191511423,-1.11650889548227E-16));
#9806=DIRECTION('',(-0.458667900699783,-0.675492726485134,0.577350269189626));
#9807=DIRECTION('',(0.18777580730125,-0.98221191511423,9.71445146547012E-17));
#9808=DIRECTION('',(-0.675492726485135,0.458667900699782,0.577350269189626));
#9809=DIRECTION('center_axis',(0.561751159054005,0.82730625242499,-8.71576399210525E-32));
#9810=DIRECTION('ref_axis',(-1.21066965699356E-31,-2.31451552072297E-32,
-1.));
#9811=DIRECTION('',(-0.675492726485135,0.458667900699782,-0.577350269189626));
#9812=DIRECTION('',(-2.3145155207229E-32,1.21066965699355E-31,1.));
#9813=DIRECTION('center_axis',(0.694528705739498,0.132777546685492,-0.707106781186548));
#9814=DIRECTION('ref_axis',(0.18777580730125,-0.98221191511423,0.));
#9815=DIRECTION('',(-0.458667900699783,-0.675492726485135,-0.577350269189626));
#9816=DIRECTION('center_axis',(0.82730625242499,-0.561751159054006,0.));
#9817=DIRECTION('ref_axis',(0.,0.,1.));
#9818=DIRECTION('',(0.,0.,-1.));
#9819=DIRECTION('center_axis',(0.982211915114231,0.187775807301245,0.));
#9820=DIRECTION('ref_axis',(0.187775807301245,-0.982211915114231,0.));
#9821=DIRECTION('center_axis',(0.982211915114231,0.187775807301245,0.));
#9822=DIRECTION('ref_axis',(0.187775807301245,-0.982211915114231,0.));
#9823=DIRECTION('center_axis',(0.,0.923879532511288,-0.382683432365086));
#9824=DIRECTION('ref_axis',(0.,0.382683432365086,0.923879532511288));
#9825=DIRECTION('',(0.35740674433659,0.35740674433659,0.862856209461019));
#9826=DIRECTION('',(0.35740674433659,-0.35740674433659,-0.862856209461019));
#9827=DIRECTION('',(1.,0.,0.));
#9828=DIRECTION('center_axis',(0.,-0.70710678118655,-0.707106781186545));
#9829=DIRECTION('ref_axis',(1.,0.,0.));
#9830=DIRECTION('',(0.577350269189624,-0.577350269189624,0.577350269189629));
#9831=DIRECTION('',(-1.,0.,0.));
#9832=DIRECTION('',(-0.577350269189624,-0.577350269189624,0.577350269189629));
#9833=DIRECTION('center_axis',(-0.707106781186548,-0.707106781186548,0.));
#9834=DIRECTION('ref_axis',(0.,0.,-1.));
#9835=DIRECTION('',(0.,0.,-1.));
#9836=DIRECTION('',(0.577350269189626,-0.577350269189626,-0.577350269189626));
#9837=DIRECTION('center_axis',(0.,-0.707106781186548,0.707106781186548));
#9838=DIRECTION('ref_axis',(-1.,0.,0.));
#9839=DIRECTION('',(-0.577350269189626,-0.577350269189626,-0.577350269189626));
#9840=DIRECTION('center_axis',(0.707106781186548,-0.707106781186548,0.));
#9841=DIRECTION('ref_axis',(0.,0.,1.));
#9842=DIRECTION('center_axis',(0.,1.,0.));
#9843=DIRECTION('ref_axis',(1.,0.,0.));
#9844=DIRECTION('',(0.,0.,-1.));
#9845=DIRECTION('center_axis',(0.,-0.923879532511287,-0.382683432365091));
#9846=DIRECTION('ref_axis',(0.,0.382683432365091,-0.923879532511286));
#9847=DIRECTION('',(-0.357406744336594,-0.357406744336594,0.862856209461016));
#9848=DIRECTION('',(-0.357406744336594,0.357406744336594,-0.862856209461016));
#9849=DIRECTION('',(-1.,0.,0.));
#9850=DIRECTION('center_axis',(0.,0.707106781186547,-0.707106781186548));
#9851=DIRECTION('ref_axis',(-1.,0.,0.));
#9852=DIRECTION('',(-0.577350269189626,0.577350269189626,0.577350269189626));
#9853=DIRECTION('',(1.,0.,0.));
#9854=DIRECTION('',(0.577350269189626,0.577350269189626,0.577350269189626));
#9855=DIRECTION('center_axis',(0.707106781186548,0.707106781186548,0.));
#9856=DIRECTION('ref_axis',(0.,0.,-1.));
#9857=DIRECTION('',(0.,0.,-1.));
#9858=DIRECTION('',(-0.577350269189626,0.577350269189626,-0.577350269189626));
#9859=DIRECTION('center_axis',(0.,0.707106781186548,0.707106781186547));
#9860=DIRECTION('ref_axis',(1.,0.,0.));
#9861=DIRECTION('',(0.577350269189626,0.577350269189626,-0.577350269189626));
#9862=DIRECTION('center_axis',(-0.707106781186548,0.707106781186548,0.));
#9863=DIRECTION('ref_axis',(0.,0.,1.));
#9864=DIRECTION('',(0.,0.,1.));
#9865=DIRECTION('center_axis',(1.64906807520496E-15,-1.,0.));
#9866=DIRECTION('ref_axis',(-1.,-1.64906807520496E-15,0.));
#9867=DIRECTION('',(0.,0.,-1.));
#9868=DIRECTION('center_axis',(1.64906807520496E-15,-1.,0.));
#9869=DIRECTION('ref_axis',(-1.,-1.64906807520496E-15,0.));
#9870=DIRECTION('',(0.,0.,-1.));
#9871=DIRECTION('center_axis',(-0.90744548496275,0.173482225066408,-0.382683432365092));
#9872=DIRECTION('ref_axis',(-0.388575400969356,0.,0.921416929387291));
#9873=DIRECTION('',(-0.283936822876874,0.418161502782305,0.862856209461015));
#9874=DIRECTION('',(0.418161502782305,0.283936822876874,-0.862856209461015));
#9875=DIRECTION('',(0.18777580730125,0.98221191511423,0.));
#9876=DIRECTION('center_axis',(0.694528705739498,-0.132777546685492,-0.707106781186547));
#9877=DIRECTION('ref_axis',(0.18777580730125,0.98221191511423,-1.11650889548227E-16));
#9878=DIRECTION('',(0.675492726485134,0.458667900699782,0.577350269189626));
#9879=DIRECTION('',(-0.18777580730125,-0.98221191511423,9.71445146547012E-17));
#9880=DIRECTION('',(0.458667900699783,-0.675492726485134,0.577350269189626));
#9881=DIRECTION('center_axis',(0.561751159054005,-0.82730625242499,8.71576399210525E-32));
#9882=DIRECTION('ref_axis',(1.21066965699356E-31,-2.31451552072297E-32,
-1.));
#9883=DIRECTION('',(-2.31451552072297E-32,-1.21066965699355E-31,-1.));
#9884=DIRECTION('',(0.675492726485135,0.458667900699783,-0.577350269189626));
#9885=DIRECTION('center_axis',(0.694528705739498,-0.132777546685492,0.707106781186548));
#9886=DIRECTION('ref_axis',(-0.18777580730125,-0.98221191511423,0.));
#9887=DIRECTION('',(0.458667900699783,-0.675492726485135,-0.577350269189626));
#9888=DIRECTION('center_axis',(0.82730625242499,0.561751159054006,0.));
#9889=DIRECTION('ref_axis',(0.,0.,1.));
#9890=DIRECTION('',(0.,0.,1.));
#9891=DIRECTION('center_axis',(-0.98221191511423,0.18777580730125,0.));
#9892=DIRECTION('ref_axis',(0.18777580730125,0.98221191511423,0.));
#9893=DIRECTION('center_axis',(-0.98221191511423,0.18777580730125,0.));
#9894=DIRECTION('ref_axis',(0.18777580730125,0.98221191511423,0.));
#9895=DIRECTION('center_axis',(0.878388768123793,-0.477946829714316,0.));
#9896=DIRECTION('ref_axis',(-0.477946829714316,-0.878388768123793,0.));
#9897=DIRECTION('center_axis',(3.10034072137174E-15,-1.,0.));
#9898=DIRECTION('ref_axis',(-1.,-3.10034072137174E-15,0.));
#9899=DIRECTION('',(0.,0.,-1.));
#9900=DIRECTION('center_axis',(-0.878388768123792,-0.477946829714318,0.));
#9901=DIRECTION('ref_axis',(-0.477946829714318,0.878388768123792,0.));
#9902=DIRECTION('center_axis',(0.98221191511423,0.18777580730125,0.));
#9903=DIRECTION('ref_axis',(-0.18777580730125,0.98221191511423,0.));
#9904=DIRECTION('center_axis',(0.,0.,1.));
#9905=DIRECTION('ref_axis',(0.,1.,0.));
#9906=DIRECTION('center_axis',(0.,0.,-1.));
#9907=DIRECTION('ref_axis',(0.,1.,0.));
#9908=DIRECTION('',(0.,0.,1.));
#9909=DIRECTION('center_axis',(0.,0.,1.));
#9910=DIRECTION('ref_axis',(0.,1.,0.));
#9911=DIRECTION('',(0.,0.,1.));
#9912=DIRECTION('center_axis',(0.,1.,0.));
#9913=DIRECTION('ref_axis',(-1.,0.,0.));
#9914=DIRECTION('',(-1.,0.,0.));
#9915=DIRECTION('',(0.,0.,1.));
#9916=DIRECTION('',(-1.,0.,0.));
#9917=DIRECTION('',(0.,0.,1.));
#9918=DIRECTION('center_axis',(0.,0.,1.));
#9919=DIRECTION('ref_axis',(0.,-1.,0.));
#9920=DIRECTION('center_axis',(0.,0.,-1.));
#9921=DIRECTION('ref_axis',(0.,-1.,0.));
#9922=DIRECTION('center_axis',(0.,0.,-1.));
#9923=DIRECTION('ref_axis',(0.,-1.,0.));
#9924=DIRECTION('',(0.,0.,1.));
#9925=DIRECTION('center_axis',(-1.,0.,0.));
#9926=DIRECTION('ref_axis',(0.,-1.,0.));
#9927=DIRECTION('',(0.,-1.,0.));
#9928=DIRECTION('',(0.,-1.,0.));
#9929=DIRECTION('',(0.,0.,1.));
#9930=DIRECTION('center_axis',(0.,0.,1.));
#9931=DIRECTION('ref_axis',(1.,0.,0.));
#9932=DIRECTION('center_axis',(0.,0.,-1.));
#9933=DIRECTION('ref_axis',(1.,0.,0.));
#9934=DIRECTION('center_axis',(0.,0.,-1.));
#9935=DIRECTION('ref_axis',(1.,0.,0.));
#9936=DIRECTION('',(0.,0.,1.));
#9937=DIRECTION('center_axis',(0.,-1.,0.));
#9938=DIRECTION('ref_axis',(1.,0.,0.));
#9939=DIRECTION('',(1.,0.,0.));
#9940=DIRECTION('',(1.,0.,0.));
#9941=DIRECTION('',(0.,0.,1.));
#9942=DIRECTION('center_axis',(0.,0.,1.));
#9943=DIRECTION('ref_axis',(0.,1.,0.));
#9944=DIRECTION('center_axis',(0.,0.,-1.));
#9945=DIRECTION('ref_axis',(0.,1.,0.));
#9946=DIRECTION('center_axis',(0.,0.,-1.));
#9947=DIRECTION('ref_axis',(0.,1.,0.));
#9948=DIRECTION('',(0.,0.,1.));
#9949=DIRECTION('center_axis',(1.,0.,0.));
#9950=DIRECTION('ref_axis',(0.,1.,0.));
#9951=DIRECTION('',(0.,1.,0.));
#9952=DIRECTION('',(0.,1.,0.));
#9953=DIRECTION('',(0.,0.,1.));
#9954=DIRECTION('center_axis',(0.,0.,1.));
#9955=DIRECTION('ref_axis',(-1.,0.,0.));
#9956=DIRECTION('center_axis',(0.,0.,-1.));
#9957=DIRECTION('ref_axis',(-1.,0.,0.));
#9958=DIRECTION('center_axis',(0.,0.,-1.));
#9959=DIRECTION('ref_axis',(-1.,0.,0.));
#9960=DIRECTION('center_axis',(0.,0.,1.));
#9961=DIRECTION('ref_axis',(1.,0.,0.));
#9962=DIRECTION('center_axis',(0.,0.,-1.));
#9963=DIRECTION('ref_axis',(1.,0.,0.));
#9964=DIRECTION('',(0.,0.,1.));
#9965=DIRECTION('center_axis',(0.,0.,1.));
#9966=DIRECTION('ref_axis',(1.,0.,0.));
#9967=DIRECTION('',(0.,0.,1.));
#9968=DIRECTION('center_axis',(0.,0.,1.));
#9969=DIRECTION('ref_axis',(0.,-1.,0.));
#9970=DIRECTION('center_axis',(0.,0.,-1.));
#9971=DIRECTION('ref_axis',(0.,-1.,0.));
#9972=DIRECTION('',(0.,0.,1.));
#9973=DIRECTION('center_axis',(0.,0.,1.));
#9974=DIRECTION('ref_axis',(0.,-1.,0.));
#9975=DIRECTION('',(0.,0.,1.));
#9976=DIRECTION('center_axis',(0.,0.,1.));
#9977=DIRECTION('ref_axis',(-1.,0.,0.));
#9978=DIRECTION('center_axis',(0.,0.,-1.));
#9979=DIRECTION('ref_axis',(-1.,0.,0.));
#9980=DIRECTION('',(0.,0.,1.));
#9981=DIRECTION('center_axis',(0.,0.,1.));
#9982=DIRECTION('ref_axis',(-1.,0.,0.));
#9983=DIRECTION('',(0.,0.,1.));
#9984=DIRECTION('center_axis',(0.,0.,1.));
#9985=DIRECTION('ref_axis',(1.,0.,0.));
#9986=DIRECTION('',(-2.70168340593194E-15,-1.,0.));
#9987=DIRECTION('',(1.,1.83602774098217E-15,0.));
#9988=DIRECTION('',(0.,1.,0.));
#9989=DIRECTION('',(-1.,0.,0.));
#9990=DIRECTION('center_axis',(0.,0.,1.));
#9991=DIRECTION('ref_axis',(1.,0.,0.));
#9992=DIRECTION('',(1.,1.83602774098217E-15,0.));
#9993=DIRECTION('',(-2.70168340593194E-15,-1.,0.));
#9994=DIRECTION('center_axis',(1.83602774098217E-15,-1.,0.));
#9995=DIRECTION('ref_axis',(1.,1.83602774098217E-15,0.));
#9996=DIRECTION('',(-1.,-1.83602774098217E-15,0.));
#9997=DIRECTION('',(0.,0.,1.));
#9998=DIRECTION('',(1.,1.83602774098217E-15,0.));
#9999=DIRECTION('',(0.,0.,1.));
#10000=DIRECTION('center_axis',(0.,0.,1.));
#10001=DIRECTION('ref_axis',(1.,0.,0.));
#10002=DIRECTION('',(0.,1.,0.));
#10003=DIRECTION('center_axis',(1.,0.,0.));
#10004=DIRECTION('ref_axis',(0.,1.,0.));
#10005=DIRECTION('',(0.,-1.,0.));
#10006=DIRECTION('',(0.,0.,1.));
#10007=DIRECTION('',(0.,1.,0.));
#10008=DIRECTION('center_axis',(0.,0.,1.));
#10009=DIRECTION('ref_axis',(1.,0.,0.));
#10010=DIRECTION('',(-1.,0.,0.));
#10011=DIRECTION('center_axis',(-1.,2.70168340593194E-15,0.));
#10012=DIRECTION('ref_axis',(-2.70168340593194E-15,-1.,0.));
#10013=DIRECTION('',(2.70168340593194E-15,1.,0.));
#10014=DIRECTION('',(-2.70168340593194E-15,-1.,0.));
#10015=DIRECTION('',(0.,0.,1.));
#10016=DIRECTION('center_axis',(0.,1.,0.));
#10017=DIRECTION('ref_axis',(-1.,0.,0.));
#10018=DIRECTION('',(1.,0.,0.));
#10019=DIRECTION('',(-1.,0.,0.));
#10020=DIRECTION('center_axis',(0.,0.,1.));
#10021=DIRECTION('ref_axis',(1.,0.,0.));
#10022=DIRECTION('center_axis',(0.,0.,1.));
#10023=DIRECTION('ref_axis',(1.,0.,0.));
#10024=DIRECTION('center_axis',(-1.,-6.12536841172502E-15,3.06268420586251E-15));
#10025=DIRECTION('ref_axis',(3.06268420586251E-15,0.,1.));
#10026=DIRECTION('',(6.12536841172502E-15,-1.,0.));
#10027=DIRECTION('',(-3.50366240512869E-15,2.22044604925031E-16,-1.));
#10028=DIRECTION('',(3.50366240512869E-15,-1.,-2.22044604925044E-16));
#10029=DIRECTION('',(3.50366240512869E-15,-2.22044604925031E-16,1.));
#10030=DIRECTION('center_axis',(1.,6.12536841172502E-15,-3.06268420586251E-15));
#10031=DIRECTION('ref_axis',(-3.06268420586251E-15,0.,-1.));
#10032=DIRECTION('',(-6.12536841172502E-15,1.,0.));
#10033=DIRECTION('',(-3.50366240512869E-15,2.22044604925031E-16,-1.));
#10034=DIRECTION('',(-3.50366240512869E-15,1.,2.22044604925044E-16));
#10035=DIRECTION('',(3.50366240512869E-15,-2.22044604925031E-16,1.));
#10036=DIRECTION('center_axis',(0.,0.,-1.));
#10037=DIRECTION('ref_axis',(-1.,0.,0.));
#10038=DIRECTION('',(-1.,-3.50366240512869E-15,3.50366240512869E-15));
#10039=DIRECTION('',(1.,3.50366240512869E-15,-3.50366240512869E-15));
#10040=DIRECTION('center_axis',(0.,0.,-1.));
#10041=DIRECTION('ref_axis',(-1.,0.,0.));
#10042=DIRECTION('center_axis',(-2.80292992410295E-15,2.22044604925034E-16,
-1.));
#10043=DIRECTION('ref_axis',(-1.,0.,0.));
#10044=DIRECTION('',(0.,0.,-1.));
#10045=DIRECTION('center_axis',(-3.13705402101589E-15,2.22044604925031E-16,
-1.));
#10046=DIRECTION('ref_axis',(-1.,0.,3.13705402101589E-15));
#10047=DIRECTION('center_axis',(3.13705402101589E-15,-2.22044604925031E-16,
1.));
#10048=DIRECTION('ref_axis',(-1.,0.,3.13705402101589E-15));
#10049=DIRECTION('center_axis',(3.13705402101589E-15,-2.22044604925031E-16,
1.));
#10050=DIRECTION('ref_axis',(-1.,-9.95241675891684E-32,3.3730963007837E-15));
#10051=DIRECTION('center_axis',(0.,0.,-1.));
#10052=DIRECTION('ref_axis',(-1.,0.,0.));
#10053=DIRECTION('center_axis',(-2.80292992410295E-15,2.22044604925034E-16,
-1.));
#10054=DIRECTION('ref_axis',(-1.,0.,0.));
#10055=DIRECTION('',(0.,0.,-1.));
#10056=DIRECTION('center_axis',(-3.13705402101589E-15,2.22044604925031E-16,
-1.));
#10057=DIRECTION('ref_axis',(-1.,0.,3.13705402101589E-15));
#10058=DIRECTION('center_axis',(3.13705402101589E-15,-2.22044604925031E-16,
1.));
#10059=DIRECTION('ref_axis',(-1.,0.,3.13705402101589E-15));
#10060=DIRECTION('center_axis',(3.13705402101589E-15,-2.22044604925031E-16,
1.));
#10061=DIRECTION('ref_axis',(-1.,-9.95241675891684E-32,3.3730963007837E-15));
#10062=DIRECTION('center_axis',(-3.3730963007837E-15,4.21637037597962E-16,
-1.));
#10063=DIRECTION('ref_axis',(-1.,-9.95241675891684E-32,3.3730963007837E-15));
#10064=DIRECTION('',(-3.3730963007837E-15,4.21637037597962E-16,-1.));
#10065=DIRECTION('center_axis',(3.50366240512869E-15,-2.22044604925031E-16,
1.));
#10066=DIRECTION('ref_axis',(-1.,-9.95241675891684E-32,3.3730963007837E-15));
#10067=DIRECTION('center_axis',(-3.3730963007837E-15,4.21637037597962E-16,
-1.));
#10068=DIRECTION('ref_axis',(-1.,-9.95241675891684E-32,3.3730963007837E-15));
#10069=DIRECTION('',(-3.3730963007837E-15,4.21637037597962E-16,-1.));
#10070=DIRECTION('center_axis',(3.50366240512869E-15,-2.22044604925031E-16,
1.));
#10071=DIRECTION('ref_axis',(-1.,-9.95241675891684E-32,3.3730963007837E-15));
#10072=DIRECTION('center_axis',(3.50366240512869E-15,-1.,-2.22044604925044E-16));
#10073=DIRECTION('ref_axis',(1.,3.50366240512869E-15,-3.50366240512869E-15));
#10074=DIRECTION('',(-1.,-3.50366240512869E-15,3.50366240512869E-15));
#10075=DIRECTION('',(-1.,-3.50366240512869E-15,3.50366240512869E-15));
#10076=DIRECTION('',(3.50366240512869E-15,-2.22044604925031E-16,1.));
#10077=DIRECTION('',(-1.,-3.50366240512869E-15,2.80292992410295E-15));
#10078=DIRECTION('',(-7.21406833599074E-15,2.22044604925018E-16,-1.));
#10079=DIRECTION('center_axis',(-3.50366240512869E-15,1.,2.22044604925044E-16));
#10080=DIRECTION('ref_axis',(-1.,-3.50366240512869E-15,3.50366240512869E-15));
#10081=DIRECTION('center_axis',(2.80292992410295E-15,-2.22044604925034E-16,
1.));
#10082=DIRECTION('ref_axis',(-1.,-3.50366240512869E-15,2.80292992410295E-15));
#10083=DIRECTION('',(1.,3.50366240512869E-15,-2.80292992410295E-15));
#10084=DIRECTION('',(3.50366240512869E-15,-1.,-2.22044604925044E-16));
#10085=DIRECTION('',(3.50366240512869E-15,-1.,-2.22044604925044E-16));
#10086=DIRECTION('center_axis',(-3.50366240512869E-15,1.,2.22044604925044E-16));
#10087=DIRECTION('ref_axis',(-1.,-3.50366240512869E-15,3.50366240512869E-15));
#10088=DIRECTION('',(-3.50366240512869E-15,1.,2.22044604925044E-16));
#10089=DIRECTION('center_axis',(3.50366240512869E-15,-1.,-2.22044604925044E-16));
#10090=DIRECTION('ref_axis',(-1.,-3.50366240512869E-15,3.50366240512869E-15));
#10091=DIRECTION('center_axis',(1.,3.50366240512869E-15,-3.50366240512869E-15));
#10092=DIRECTION('ref_axis',(3.50366240512869E-15,-2.22044604925031E-16,
1.));
#10093=DIRECTION('',(3.50366240512869E-15,-1.,-2.22044604925044E-16));
#10094=DIRECTION('',(-3.50366240512869E-15,2.22044604925031E-16,-1.));
#10095=DIRECTION('center_axis',(3.50366240512869E-15,-1.,-2.22044604925044E-16));
#10096=DIRECTION('ref_axis',(1.,3.50366240512869E-15,-3.50366240512869E-15));
#10097=DIRECTION('',(1.,6.12536841172502E-15,-3.06268420586251E-15));
#10098=DIRECTION('',(7.21406833599074E-15,-2.22044604925018E-16,1.));
#10099=DIRECTION('',(1.,3.50366240512869E-15,-3.50366240512869E-15));
#10100=DIRECTION('center_axis',(-1.,-3.50366240512869E-15,7.21406833599074E-15));
#10101=DIRECTION('ref_axis',(-7.21406833599074E-15,2.22044604925018E-16,
-1.));
#10102=DIRECTION('',(-3.50366240512869E-15,1.,2.22044604925044E-16));
#10103=DIRECTION('center_axis',(-3.50366240512869E-15,2.22044604925031E-16,
-1.));
#10104=DIRECTION('ref_axis',(-1.,0.,3.50366240512869E-15));
#10105=DIRECTION('center_axis',(-3.50366240512869E-15,2.22044604925031E-16,
-1.));
#10106=DIRECTION('ref_axis',(-1.,0.,3.50366240512869E-15));
#10107=DIRECTION('center_axis',(-1.,-6.12536841172502E-15,3.82835525732814E-15));
#10108=DIRECTION('ref_axis',(3.82835525732814E-15,0.,1.));
#10109=DIRECTION('',(-6.12536841172502E-15,1.,0.));
#10110=DIRECTION('',(3.50366240512869E-15,-2.22044604925031E-16,1.));
#10111=DIRECTION('',(-3.50366240512869E-15,1.,2.22044604925044E-16));
#10112=DIRECTION('',(-3.50366240512869E-15,2.22044604925031E-16,-1.));
#10113=DIRECTION('center_axis',(1.,6.12536841172502E-15,-3.82835525732814E-15));
#10114=DIRECTION('ref_axis',(-3.82835525732814E-15,0.,-1.));
#10115=DIRECTION('',(6.12536841172502E-15,-1.,0.));
#10116=DIRECTION('',(3.50366240512869E-15,-2.22044604925031E-16,1.));
#10117=DIRECTION('',(3.50366240512869E-15,-1.,-2.22044604925044E-16));
#10118=DIRECTION('',(-3.50366240512869E-15,2.22044604925031E-16,-1.));
#10119=DIRECTION('center_axis',(0.,0.,1.));
#10120=DIRECTION('ref_axis',(1.,0.,0.));
#10121=DIRECTION('',(-1.,-3.50366240512869E-15,3.50366240512869E-15));
#10122=DIRECTION('',(1.,3.50366240512869E-15,-3.50366240512869E-15));
#10123=DIRECTION('center_axis',(-3.3730963007837E-15,4.21637037597962E-16,
-1.));
#10124=DIRECTION('ref_axis',(-1.,-9.95241675891684E-32,3.3730963007837E-15));
#10125=DIRECTION('center_axis',(-3.50366240512869E-15,2.22044604925031E-16,
-1.));
#10126=DIRECTION('ref_axis',(-1.,-9.95241675891684E-32,3.3730963007837E-15));
#10127=DIRECTION('',(-3.3730963007837E-15,4.21637037597962E-16,-1.));
#10128=DIRECTION('center_axis',(3.50366240512869E-15,-2.22044604925031E-16,
1.));
#10129=DIRECTION('ref_axis',(-1.,-9.95241675891684E-32,3.3730963007837E-15));
#10130=DIRECTION('center_axis',(-3.3730963007837E-15,4.21637037597962E-16,
-1.));
#10131=DIRECTION('ref_axis',(-1.,-9.95241675891684E-32,3.3730963007837E-15));
#10132=DIRECTION('center_axis',(-3.50366240512869E-15,2.22044604925031E-16,
-1.));
#10133=DIRECTION('ref_axis',(-1.,-9.95241675891684E-32,3.3730963007837E-15));
#10134=DIRECTION('',(-3.3730963007837E-15,4.21637037597962E-16,-1.));
#10135=DIRECTION('center_axis',(3.50366240512869E-15,-2.22044604925031E-16,
1.));
#10136=DIRECTION('ref_axis',(-1.,-9.95241675891684E-32,3.3730963007837E-15));
#10137=DIRECTION('center_axis',(-3.50366240512869E-15,2.22044604925031E-16,
-1.));
#10138=DIRECTION('ref_axis',(-1.,0.,3.50366240512869E-15));
#10139=DIRECTION('',(-3.50366240512869E-15,1.,2.22044604925044E-16));
#10140=DIRECTION('',(1.,6.12536841172502E-15,-3.82835525732814E-15));
#10141=DIRECTION('',(1.,3.50366240512869E-15,-3.50366240512869E-15));
#10142=DIRECTION('center_axis',(-3.50366240512869E-15,2.22044604925031E-16,
-1.));
#10143=DIRECTION('ref_axis',(-1.,0.,3.50366240512869E-15));
#10144=DIRECTION('',(3.50366240512869E-15,-1.,-2.22044604925044E-16));
#10145=DIRECTION('',(-1.,-6.12536841172502E-15,3.82835525732814E-15));
#10146=DIRECTION('',(-1.,-3.50366240512869E-15,3.50366240512869E-15));
#10147=DIRECTION('center_axis',(3.50366240512869E-15,-1.,-2.22044604925044E-16));
#10148=DIRECTION('ref_axis',(1.,3.50366240512869E-15,-3.50366240512869E-15));
#10149=DIRECTION('',(-7.21406833599074E-15,2.22044604925018E-16,-1.));
#10150=DIRECTION('',(1.,3.50366240512869E-15,-3.50366240512869E-15));
#10151=DIRECTION('',(3.50366240512869E-15,-2.22044604925031E-16,1.));
#10152=DIRECTION('center_axis',(-3.50366240512869E-15,1.,2.22044604925044E-16));
#10153=DIRECTION('ref_axis',(-1.,-3.50366240512869E-15,3.50366240512869E-15));
#10154=DIRECTION('center_axis',(-3.50366240512869E-15,1.,2.22044604925044E-16));
#10155=DIRECTION('ref_axis',(-1.,-3.50366240512869E-15,3.50366240512869E-15));
#10156=DIRECTION('',(-3.50366240512869E-15,1.,2.22044604925044E-16));
#10157=DIRECTION('center_axis',(3.50366240512869E-15,-1.,-2.22044604925044E-16));
#10158=DIRECTION('ref_axis',(-1.,-3.50366240512869E-15,3.50366240512869E-15));
#10159=DIRECTION('center_axis',(-1.,-3.50366240512869E-15,7.21406833599074E-15));
#10160=DIRECTION('ref_axis',(-7.21406833599074E-15,2.22044604925018E-16,
-1.));
#10161=DIRECTION('',(7.21406833599074E-15,-2.22044604925018E-16,1.));
#10162=DIRECTION('',(3.50366240512869E-15,-1.,-2.22044604925044E-16));
#10163=DIRECTION('center_axis',(1.,3.50366240512869E-15,-3.50366240512869E-15));
#10164=DIRECTION('ref_axis',(3.50366240512869E-15,-2.22044604925031E-16,
1.));
#10165=DIRECTION('',(3.50366240512869E-15,-1.,-2.22044604925044E-16));
#10166=DIRECTION('',(-3.50366240512869E-15,2.22044604925031E-16,-1.));
#10167=DIRECTION('center_axis',(-3.50366240512869E-15,2.22044604925031E-16,
-1.));
#10168=DIRECTION('ref_axis',(1.,3.50366240512869E-15,-3.50366240512869E-15));
#10169=DIRECTION('',(1.,3.50366240512869E-15,-3.50366240512869E-15));
#10170=DIRECTION('center_axis',(3.50366240512869E-15,-1.,-2.22044604925044E-16));
#10171=DIRECTION('ref_axis',(1.,3.50366240512869E-15,-3.50366240512869E-15));
#10172=DIRECTION('center_axis',(0.,0.,-1.));
#10173=DIRECTION('ref_axis',(-1.,0.,0.));
#10174=DIRECTION('center_axis',(0.,0.,-1.));
#10175=DIRECTION('ref_axis',(0.707106781186548,-0.707106781186548,0.));
#10176=DIRECTION('center_axis',(-1.,0.,0.));
#10177=DIRECTION('ref_axis',(0.,0.,1.));
#10178=DIRECTION('center_axis',(0.,0.,1.));
#10179=DIRECTION('ref_axis',(0.707106781186548,-0.707106781186548,0.));
#10180=DIRECTION('center_axis',(0.,1.,0.));
#10181=DIRECTION('ref_axis',(-1.,0.,0.));
#10182=DIRECTION('center_axis',(0.,0.,-1.));
#10183=DIRECTION('ref_axis',(0.707106781186548,-0.707106781186548,0.));
#10184=DIRECTION('center_axis',(1.,0.,0.));
#10185=DIRECTION('ref_axis',(0.,0.707106781186546,0.707106781186549));
#10186=DIRECTION('center_axis',(-1.,0.,0.));
#10187=DIRECTION('ref_axis',(0.,0.,1.));
#10188=DIRECTION('',(1.,0.,0.));
#10189=DIRECTION('',(-1.,0.,0.));
#10190=DIRECTION('center_axis',(0.,0.,-1.));
#10191=DIRECTION('ref_axis',(-1.,0.,0.));
#10192=DIRECTION('center_axis',(0.,0.,-1.));
#10193=DIRECTION('ref_axis',(-0.707106781186548,-0.707106781186548,0.));
#10194=DIRECTION('center_axis',(0.,1.,0.));
#10195=DIRECTION('ref_axis',(0.,0.,1.));
#10196=DIRECTION('center_axis',(0.,0.,1.));
#10197=DIRECTION('ref_axis',(-0.707106781186548,-0.707106781186548,0.));
#10198=DIRECTION('center_axis',(0.,0.,-1.));
#10199=DIRECTION('ref_axis',(-0.707106781186548,-0.707106781186548,0.));
#10200=DIRECTION('center_axis',(0.,-1.,0.));
#10201=DIRECTION('ref_axis',(0.707106781186553,0.,0.707106781186542));
#10202=DIRECTION('center_axis',(0.,1.,0.));
#10203=DIRECTION('ref_axis',(0.,0.,1.));
#10204=DIRECTION('',(0.,-1.,0.));
#10205=DIRECTION('',(0.,1.,0.));
#10206=DIRECTION('center_axis',(0.,0.,-1.));
#10207=DIRECTION('ref_axis',(-1.,0.,0.));
#10208=DIRECTION('center_axis',(0.,0.,-1.));
#10209=DIRECTION('ref_axis',(-0.707106781186548,0.707106781186548,0.));
#10210=DIRECTION('center_axis',(1.,0.,0.));
#10211=DIRECTION('ref_axis',(0.,0.,1.));
#10212=DIRECTION('center_axis',(0.,0.,1.));
#10213=DIRECTION('ref_axis',(-0.707106781186548,0.707106781186548,0.));
#10214=DIRECTION('center_axis',(0.,0.,-1.));
#10215=DIRECTION('ref_axis',(-0.707106781186548,0.707106781186548,0.));
#10216=DIRECTION('center_axis',(-1.,0.,0.));
#10217=DIRECTION('ref_axis',(0.,-0.707106781186546,0.707106781186549));
#10218=DIRECTION('center_axis',(1.,0.,0.));
#10219=DIRECTION('ref_axis',(0.,0.,1.));
#10220=DIRECTION('',(-1.,0.,0.));
#10221=DIRECTION('',(1.,0.,0.));
#10222=DIRECTION('center_axis',(0.,0.,-1.));
#10223=DIRECTION('ref_axis',(-1.,0.,0.));
#10224=DIRECTION('center_axis',(0.,0.,-1.));
#10225=DIRECTION('ref_axis',(0.707106781186545,0.70710678118655,0.));
#10226=DIRECTION('center_axis',(0.,-1.,0.));
#10227=DIRECTION('ref_axis',(0.,0.,1.));
#10228=DIRECTION('center_axis',(0.,0.,1.));
#10229=DIRECTION('ref_axis',(0.707106781186545,0.70710678118655,0.));
#10230=DIRECTION('center_axis',(0.,0.,-1.));
#10231=DIRECTION('ref_axis',(0.707106781186545,0.70710678118655,0.));
#10232=DIRECTION('center_axis',(0.,1.,0.));
#10233=DIRECTION('ref_axis',(-0.707106781186553,0.,0.707106781186542));
#10234=DIRECTION('',(0.,-1.,0.));
#10235=DIRECTION('',(0.,1.,0.));
#10236=DIRECTION('center_axis',(0.,0.,1.));
#10237=DIRECTION('ref_axis',(-1.,0.,0.));
#10238=DIRECTION('center_axis',(0.,0.,1.));
#10239=DIRECTION('ref_axis',(-1.,0.,0.));
#10240=DIRECTION('center_axis',(0.,0.,1.));
#10241=DIRECTION('ref_axis',(-1.,0.,0.));
#10242=DIRECTION('center_axis',(0.,0.,1.));
#10243=DIRECTION('ref_axis',(-1.,0.,0.));
#10244=DIRECTION('center_axis',(0.,0.,1.));
#10245=DIRECTION('ref_axis',(-1.,0.,0.));
#10246=DIRECTION('center_axis',(0.,0.,1.));
#10247=DIRECTION('ref_axis',(-1.,0.,0.));
#10248=DIRECTION('center_axis',(0.,0.,1.));
#10249=DIRECTION('ref_axis',(-1.,0.,0.));
#10250=DIRECTION('center_axis',(0.,1.,0.));
#10251=DIRECTION('ref_axis',(-1.,0.,0.));
#10252=DIRECTION('',(0.,0.,1.));
#10253=DIRECTION('',(1.,0.,0.));
#10254=DIRECTION('',(0.,0.,-1.));
#10255=DIRECTION('center_axis',(0.,0.,1.));
#10256=DIRECTION('ref_axis',(0.707106781186551,0.707106781186544,0.));
#10257=DIRECTION('',(0.,0.,-1.));
#10258=DIRECTION('center_axis',(0.,0.,1.));
#10259=DIRECTION('ref_axis',(0.707106781186551,0.707106781186544,0.));
#10260=DIRECTION('center_axis',(1.,0.,0.));
#10261=DIRECTION('ref_axis',(0.,1.,0.));
#10262=DIRECTION('',(0.,0.,1.));
#10263=DIRECTION('',(0.,-1.,0.));
#10264=DIRECTION('center_axis',(0.,0.,1.));
#10265=DIRECTION('ref_axis',(0.707106781186554,-0.707106781186541,0.));
#10266=DIRECTION('',(0.,0.,-1.));
#10267=DIRECTION('center_axis',(0.,0.,1.));
#10268=DIRECTION('ref_axis',(0.707106781186554,-0.707106781186541,0.));
#10269=DIRECTION('center_axis',(0.,0.,1.));
#10270=DIRECTION('ref_axis',(-1.,0.,0.));
#10271=DIRECTION('',(0.,-1.,0.));
#10272=DIRECTION('',(-1.,2.14018896313284E-15,0.));
#10273=DIRECTION('',(0.,1.,0.));
#10274=DIRECTION('',(1.,0.,0.));
#10275=DIRECTION('center_axis',(0.,0.,1.));
#10276=DIRECTION('ref_axis',(-1.,0.,0.));
#10277=DIRECTION('center_axis',(0.,0.,1.));
#10278=DIRECTION('ref_axis',(-1.,0.,0.));
#10279=DIRECTION('center_axis',(0.,0.,1.));
#10280=DIRECTION('ref_axis',(1.,0.,0.));
#10281=DIRECTION('center_axis',(0.,0.,-1.));
#10282=DIRECTION('ref_axis',(-1.,0.,0.));
#10283=DIRECTION('center_axis',(0.,-1.,0.));
#10284=DIRECTION('ref_axis',(-1.,0.,0.));
#10285=DIRECTION('center_axis',(0.,0.,1.));
#10286=DIRECTION('ref_axis',(-1.,0.,0.));
#10287=DIRECTION('center_axis',(0.,0.,1.));
#10288=DIRECTION('ref_axis',(-1.,0.,0.));
#10289=DIRECTION('center_axis',(0.,0.,1.));
#10290=DIRECTION('ref_axis',(-1.,0.,0.));
#10291=DIRECTION('center_axis',(0.,0.,1.));
#10292=DIRECTION('ref_axis',(-1.,0.,0.));
#10293=DIRECTION('center_axis',(0.,0.,1.));
#10294=DIRECTION('ref_axis',(-1.,0.,0.));
#10295=DIRECTION('',(0.,0.,-1.));
#10296=DIRECTION('center_axis',(0.,0.,1.));
#10297=DIRECTION('ref_axis',(-1.,0.,0.));
#10298=DIRECTION('',(-0.707106781186552,-8.65956056235499E-17,-0.707106781186543));
#10299=DIRECTION('center_axis',(0.,0.,-1.));
#10300=DIRECTION('ref_axis',(-1.,0.,0.));
#10301=DIRECTION('center_axis',(0.,0.,1.));
#10302=DIRECTION('ref_axis',(-1.,0.,0.));
#10303=DIRECTION('center_axis',(0.,0.,1.));
#10304=DIRECTION('ref_axis',(-0.707106781186554,0.707106781186541,0.));
#10305=DIRECTION('center_axis',(0.,0.,1.));
#10306=DIRECTION('ref_axis',(-0.707106781186554,0.707106781186541,0.));
#10307=DIRECTION('',(0.,0.,1.));
#10308=DIRECTION('center_axis',(-1.,0.,0.));
#10309=DIRECTION('ref_axis',(0.,-1.,0.));
#10310=DIRECTION('',(0.,1.,0.));
#10311=DIRECTION('',(0.,0.,-1.));
#10312=DIRECTION('center_axis',(0.,0.,1.));
#10313=DIRECTION('ref_axis',(1.,0.,0.));
#10314=DIRECTION('',(-1.,0.,0.));
#10315=DIRECTION('center_axis',(0.,0.,1.));
#10316=DIRECTION('ref_axis',(-0.707106781186554,-0.707106781186541,0.));
#10317=DIRECTION('',(-1.,2.14018896313284E-15,0.));
#10318=DIRECTION('',(0.,-1.,0.));
#10319=DIRECTION('',(1.,0.,0.));
#10320=DIRECTION('',(0.,1.,0.));
#10321=DIRECTION('center_axis',(0.,0.,1.));
#10322=DIRECTION('ref_axis',(-0.707106781186554,-0.707106781186541,0.));
#10323=DIRECTION('',(0.,0.,1.));
#10324=DIRECTION('center_axis',(-1.,0.,0.));
#10325=DIRECTION('ref_axis',(0.,-1.,0.));
#10326=DIRECTION('',(0.,0.,1.));
#10327=DIRECTION('',(0.,0.,1.));
#10328=DIRECTION('center_axis',(0.,-1.,0.));
#10329=DIRECTION('ref_axis',(1.,0.,0.));
#10330=DIRECTION('',(0.,0.,1.));
#10331=DIRECTION('center_axis',(1.,0.,0.));
#10332=DIRECTION('ref_axis',(0.,1.,0.));
#10333=DIRECTION('',(0.,0.,1.));
#10334=DIRECTION('center_axis',(2.14018896313284E-15,1.,0.));
#10335=DIRECTION('ref_axis',(-1.,2.14018896313284E-15,0.));
#10336=DIRECTION('center_axis',(0.,-1.,0.));
#10337=DIRECTION('ref_axis',(1.,0.,0.));
#10338=DIRECTION('center_axis',(0.,0.,1.));
#10339=DIRECTION('ref_axis',(1.,0.,0.));
#10340=DIRECTION('center_axis',(0.,0.,-1.));
#10341=DIRECTION('ref_axis',(1.,0.,0.));
#10342=DIRECTION('',(0.,0.,-1.));
#10343=DIRECTION('center_axis',(0.,0.,-1.));
#10344=DIRECTION('ref_axis',(1.,0.,0.));
#10345=DIRECTION('center_axis',(0.,0.,1.));
#10346=DIRECTION('ref_axis',(1.,0.,0.));
#10347=DIRECTION('center_axis',(0.,0.,1.));
#10348=DIRECTION('ref_axis',(1.,0.,0.));
#10349=DIRECTION('',(0.,0.,-1.));
#10350=DIRECTION('center_axis',(0.,0.,1.));
#10351=DIRECTION('ref_axis',(1.,0.,0.));
#10352=DIRECTION('center_axis',(0.,0.,1.));
#10353=DIRECTION('ref_axis',(1.,0.,0.));
#10354=DIRECTION('center_axis',(0.,0.,1.));
#10355=DIRECTION('ref_axis',(1.,0.,0.));
#10356=DIRECTION('center_axis',(-1.,0.,0.));
#10357=DIRECTION('ref_axis',(0.,-1.,0.));
#10358=DIRECTION('',(0.,-1.,0.));
#10359=DIRECTION('',(0.,0.,1.));
#10360=DIRECTION('',(0.,-1.,0.));
#10361=DIRECTION('',(0.,0.,1.));
#10362=DIRECTION('center_axis',(0.,-1.,0.));
#10363=DIRECTION('ref_axis',(1.,0.,0.));
#10364=DIRECTION('',(1.,0.,0.));
#10365=DIRECTION('',(1.,0.,0.));
#10366=DIRECTION('',(0.,0.,1.));
#10367=DIRECTION('center_axis',(1.,0.,0.));
#10368=DIRECTION('ref_axis',(0.,1.,0.));
#10369=DIRECTION('',(0.,1.,0.));
#10370=DIRECTION('',(0.,1.,0.));
#10371=DIRECTION('',(0.,0.,1.));
#10372=DIRECTION('center_axis',(0.,1.,0.));
#10373=DIRECTION('ref_axis',(-1.,0.,0.));
#10374=DIRECTION('',(-1.,0.,0.));
#10375=DIRECTION('',(-1.,0.,0.));
#10376=DIRECTION('center_axis',(-1.,0.,0.));
#10377=DIRECTION('ref_axis',(0.,-1.,0.));
#10378=DIRECTION('',(0.,1.,0.));
#10379=DIRECTION('',(0.,0.,1.));
#10380=DIRECTION('',(0.,-1.,0.));
#10381=DIRECTION('',(0.,0.,1.));
#10382=DIRECTION('center_axis',(0.,1.,0.));
#10383=DIRECTION('ref_axis',(-1.,0.,0.));
#10384=DIRECTION('',(1.,0.,0.));
#10385=DIRECTION('',(-1.,0.,0.));
#10386=DIRECTION('',(0.,0.,1.));
#10387=DIRECTION('center_axis',(1.,0.,0.));
#10388=DIRECTION('ref_axis',(0.,1.,0.));
#10389=DIRECTION('',(0.,-1.,0.));
#10390=DIRECTION('',(0.,1.,0.));
#10391=DIRECTION('',(0.,0.,1.));
#10392=DIRECTION('center_axis',(0.,-1.,0.));
#10393=DIRECTION('ref_axis',(1.,0.,0.));
#10394=DIRECTION('',(-1.,0.,0.));
#10395=DIRECTION('',(1.,0.,0.));
#10396=DIRECTION('center_axis',(0.,0.,1.));
#10397=DIRECTION('ref_axis',(1.,0.,0.));
#10398=DIRECTION('center_axis',(0.,0.,1.));
#10399=DIRECTION('ref_axis',(1.,0.,0.));
#10400=CARTESIAN_POINT('',(0.,0.,0.));
#10401=CARTESIAN_POINT('Origin',(98.75,2.,2.));
#10402=CARTESIAN_POINT('',(150.581426596392,2.,0.));
#10403=CARTESIAN_POINT('',(150.581426596392,0.,2.));
#10404=CARTESIAN_POINT('Origin',(150.581426596392,2.,2.));
#10405=CARTESIAN_POINT('',(122.188660850937,0.,2.));
#10406=CARTESIAN_POINT('',(98.75,0.,2.));
#10407=CARTESIAN_POINT('',(122.188660850937,1.99999999999998,0.));
#10408=CARTESIAN_POINT('Origin',(122.188660850937,2.,2.));
#10409=CARTESIAN_POINT('',(98.75,2.,0.));
#10410=CARTESIAN_POINT('Origin',(144.983781886442,31.2799877135844,2.));
#10411=CARTESIAN_POINT('',(131.846132478745,100.,0.));
#10412=CARTESIAN_POINT('',(133.810556308973,100.375551614603,2.));
#10413=CARTESIAN_POINT('Origin',(131.846132478745,100.,2.));
#10414=CARTESIAN_POINT('',(152.54585042662,2.3755516146025,2.));
#10415=CARTESIAN_POINT('',(146.94820571667,31.6555393281869,2.));
#10416=CARTESIAN_POINT('Origin',(150.581426596392,2.,2.));
#10417=CARTESIAN_POINT('',(144.983781886442,31.2799877135844,0.));
#10418=CARTESIAN_POINT('Origin',(150.581426596392,2.,2.));
#10419=CARTESIAN_POINT('Origin',(150.581426596392,2.,2.));
#10420=CARTESIAN_POINT('Origin',(105.,100.,2.));
#10421=CARTESIAN_POINT('',(21.1538675212554,100.,0.));
#10422=CARTESIAN_POINT('',(21.1538675212554,102.,2.));
#10423=CARTESIAN_POINT('Origin',(21.1538675212554,100.,2.));
#10424=CARTESIAN_POINT('',(131.846132478745,102.,2.));
#10425=CARTESIAN_POINT('',(105.,102.,2.));
#10426=CARTESIAN_POINT('Origin',(131.846132478745,100.,2.));
#10427=CARTESIAN_POINT('',(105.,100.,0.));
#10428=CARTESIAN_POINT('Origin',(131.846132478745,100.,2.));
#10429=CARTESIAN_POINT('Origin',(131.846132478745,100.,2.));
#10430=CARTESIAN_POINT('Origin',(17.7662181135583,82.2799877135844,2.));
#10431=CARTESIAN_POINT('',(2.41857340360836,1.99999999999998,0.));
#10432=CARTESIAN_POINT('',(0.454149573379887,2.37555161460249,2.));
#10433=CARTESIAN_POINT('Origin',(2.41857340360836,1.99999999999998,2.));
#10434=CARTESIAN_POINT('',(19.1894436910269,100.375551614603,2.));
#10435=CARTESIAN_POINT('',(15.8017942833299,82.6555393281869,2.));
#10436=CARTESIAN_POINT('Origin',(21.1538675212554,100.,2.));
#10437=CARTESIAN_POINT('',(17.7662181135583,82.2799877135844,0.));
#10438=CARTESIAN_POINT('Origin',(21.1538675212554,100.,2.));
#10439=CARTESIAN_POINT('Origin',(21.1538675212554,100.,2.));
#10440=CARTESIAN_POINT('Origin',(38.25,2.,2.));
#10441=CARTESIAN_POINT('',(30.8113391490633,2.,0.));
#10442=CARTESIAN_POINT('',(30.8113391490633,0.,2.));
#10443=CARTESIAN_POINT('Origin',(30.8113391490633,2.,2.));
#10444=CARTESIAN_POINT('',(2.41857340360835,0.,2.));
#10445=CARTESIAN_POINT('',(38.25,0.,2.));
#10446=CARTESIAN_POINT('Origin',(2.41857340360835,2.,2.));
#10447=CARTESIAN_POINT('',(38.25,2.,0.));
#10448=CARTESIAN_POINT('Origin',(2.41857340360835,1.99999999999999,2.));
#10449=CARTESIAN_POINT('Origin',(2.41857340360835,1.99999999999999,2.));
#10450=CARTESIAN_POINT('Origin',(46.0313502795376,29.9719123478987,2.));
#10451=CARTESIAN_POINT('',(48.1751057784417,33.9117873188576,0.));
#10452=CARTESIAN_POINT('',(49.9318833146892,32.9558936594288,2.));
#10453=CARTESIAN_POINT('Origin',(48.1751057784417,33.9117873188576,2.));
#10454=CARTESIAN_POINT('',(32.5681166853108,1.04410634057121,2.));
#10455=CARTESIAN_POINT('',(47.7881278157851,29.0160186884699,2.));
#10456=CARTESIAN_POINT('Origin',(30.8113391490633,2.,2.));
#10457=CARTESIAN_POINT('',(46.0313502795376,29.9719123478987,0.));
#10458=CARTESIAN_POINT('Origin',(51.6886608509367,32.,2.));
#10459=CARTESIAN_POINT('',(51.6886608509367,36.,0.));
#10460=CARTESIAN_POINT('',(51.6886608509367,34.,2.));
#10461=CARTESIAN_POINT('Origin',(51.6886608509367,36.,2.));
#10462=CARTESIAN_POINT('Origin',(51.6886608509367,32.,2.));
#10463=CARTESIAN_POINT('Origin',(51.6886608509367,32.,0.));
#10464=CARTESIAN_POINT('Origin',(63.5,36.,2.));
#10465=CARTESIAN_POINT('',(101.311339149063,36.,0.));
#10466=CARTESIAN_POINT('',(101.311339149063,34.,2.));
#10467=CARTESIAN_POINT('Origin',(101.311339149063,36.,2.));
#10468=CARTESIAN_POINT('',(63.5,34.,2.));
#10469=CARTESIAN_POINT('',(63.5,36.,0.));
#10470=CARTESIAN_POINT('Origin',(101.311339149063,32.,2.));
#10471=CARTESIAN_POINT('',(104.824894221558,33.9117873188576,0.));
#10472=CARTESIAN_POINT('',(103.068116685311,32.9558936594288,2.));
#10473=CARTESIAN_POINT('Origin',(104.824894221558,33.9117873188576,2.));
#10474=CARTESIAN_POINT('Origin',(101.311339149063,32.,2.));
#10475=CARTESIAN_POINT('Origin',(101.311339149063,32.,0.));
#10476=CARTESIAN_POINT('Origin',(97.7186497204624,46.9719123478987,2.));
#10477=CARTESIAN_POINT('',(120.431883314689,1.04410634057121,2.));
#10478=CARTESIAN_POINT('Origin',(122.188660850937,1.99999999999998,2.));
#10479=CARTESIAN_POINT('',(95.9618721842149,46.0160186884699,2.));
#10480=CARTESIAN_POINT('',(97.7186497204624,46.9719123478987,0.));
#10481=CARTESIAN_POINT('Origin',(30.8113391490633,2.,2.));
#10482=CARTESIAN_POINT('Origin',(30.8113391490633,2.,2.));
#10483=CARTESIAN_POINT('Origin',(122.188660850937,2.,2.));
#10484=CARTESIAN_POINT('Origin',(122.188660850937,2.,2.));
#10485=CARTESIAN_POINT('Origin',(131.846132478745,100.,0.));
#10486=CARTESIAN_POINT('',(131.846132478745,102.,42.));
#10487=CARTESIAN_POINT('',(131.846132478745,102.,0.));
#10488=CARTESIAN_POINT('',(133.810556308973,100.375551614603,42.));
#10489=CARTESIAN_POINT('Origin',(131.846132478745,100.,42.));
#10490=CARTESIAN_POINT('',(133.810556308973,100.375551614603,0.));
#10491=CARTESIAN_POINT('Origin',(133.5,102.,0.));
#10492=CARTESIAN_POINT('',(21.1538675212554,102.,42.));
#10493=CARTESIAN_POINT('',(21.1538675212554,102.,0.));
#10494=CARTESIAN_POINT('',(19.5,102.,42.));
#10495=CARTESIAN_POINT('',(82.8749999999999,102.,23.615));
#10496=CARTESIAN_POINT('',(70.1249999999999,102.,23.615));
#10497=CARTESIAN_POINT('',(108.1875,102.,23.615));
#10498=CARTESIAN_POINT('',(68.8249999999999,102.,22.315));
#10499=CARTESIAN_POINT('Origin',(70.1249999999999,102.,22.315));
#10500=CARTESIAN_POINT('',(68.8249999999999,102.,15.765));
#10501=CARTESIAN_POINT('',(68.8249999999999,102.,11.1575));
#10502=CARTESIAN_POINT('',(70.1249999999999,102.,14.465));
#10503=CARTESIAN_POINT('Origin',(70.1249999999999,102.,15.765));
#10504=CARTESIAN_POINT('',(82.8749999999999,102.,14.465));
#10505=CARTESIAN_POINT('',(101.8125,102.,14.465));
#10506=CARTESIAN_POINT('',(84.1749999999999,102.,15.765));
#10507=CARTESIAN_POINT('Origin',(82.8749999999999,102.,15.765));
#10508=CARTESIAN_POINT('',(84.1749999999999,102.,22.315));
#10509=CARTESIAN_POINT('',(84.1749999999999,102.,7.88249999999999));
#10510=CARTESIAN_POINT('Origin',(82.8749999999999,102.,22.315));
#10511=CARTESIAN_POINT('Origin',(21.1538675212554,100.,0.));
#10512=CARTESIAN_POINT('',(19.1894436910269,100.375551614602,42.));
#10513=CARTESIAN_POINT('',(19.1894436910269,100.375551614603,0.));
#10514=CARTESIAN_POINT('Origin',(21.1538675212554,100.,42.));
#10515=CARTESIAN_POINT('Origin',(19.5,102.,0.));
#10516=CARTESIAN_POINT('',(0.454149573379888,2.37555161460249,42.));
#10517=CARTESIAN_POINT('',(0.454149573379887,2.37555161460249,0.));
#10518=CARTESIAN_POINT('',(0.,0.,42.));
#10519=CARTESIAN_POINT('Origin',(2.41857340360835,1.99999999999999,0.));
#10520=CARTESIAN_POINT('',(2.41857340360835,7.80548452667209E-18,42.));
#10521=CARTESIAN_POINT('',(2.41857340360835,0.,0.));
#10522=CARTESIAN_POINT('Origin',(2.41857340360835,1.99999999999999,42.));
#10523=CARTESIAN_POINT('Origin',(0.,0.,0.));
#10524=CARTESIAN_POINT('',(30.8113391490633,9.94377225083404E-17,42.));
#10525=CARTESIAN_POINT('',(30.8113391490633,0.,0.));
#10526=CARTESIAN_POINT('',(32.,1.03273898770597E-16,42.));
#10527=CARTESIAN_POINT('Origin',(30.8113391490633,2.,0.));
#10528=CARTESIAN_POINT('',(32.5681166853108,1.04410634057121,42.));
#10529=CARTESIAN_POINT('',(32.5681166853108,1.04410634057121,0.));
#10530=CARTESIAN_POINT('Origin',(30.8113391490633,2.,42.));
#10531=CARTESIAN_POINT('Origin',(32.,0.,0.));
#10532=CARTESIAN_POINT('',(49.9318833146892,32.9558936594288,42.));
#10533=CARTESIAN_POINT('',(49.9318833146892,32.9558936594288,0.));
#10534=CARTESIAN_POINT('',(50.5,34.,42.));
#10535=CARTESIAN_POINT('Origin',(76.5,51.,0.));
#10536=CARTESIAN_POINT('Origin',(103.688660850941,37.,27.2899999999749));
#10537=CARTESIAN_POINT('',(105.688660850941,37.,23.5399999999749));
#10538=CARTESIAN_POINT('',(103.688660850941,39.,23.5399999999749));
#10539=CARTESIAN_POINT('Origin',(103.688660850941,37.,23.5399999999749));
#10540=CARTESIAN_POINT('',(103.688660850941,39.,28.5399999999749));
#10541=CARTESIAN_POINT('',(103.688660850941,39.,27.2899999999749));
#10542=CARTESIAN_POINT('',(105.688660850941,37.,28.5399999999749));
#10543=CARTESIAN_POINT('Origin',(103.688660850941,37.,28.5399999999749));
#10544=CARTESIAN_POINT('',(105.688660850941,37.,27.2899999999749));
#10545=CARTESIAN_POINT('Origin',(105.688660850941,36.,28.5399999999749));
#10546=CARTESIAN_POINT('',(105.688660850941,36.8217856494037,28.5399999999749));
#10547=CARTESIAN_POINT('',(105.688660850941,36.,28.5399999999749));
#10548=CARTESIAN_POINT('',(105.688660850941,36.8217856494037,23.5399999999749));
#10549=CARTESIAN_POINT('',(105.688660850941,36.8217856494037,23.5399999999749));
#10550=CARTESIAN_POINT('',(105.688660850941,36.,23.5399999999749));
#10551=CARTESIAN_POINT('Origin',(47.3113391490632,36.,28.5399999999749));
#10552=CARTESIAN_POINT('',(49.3113391490632,39.,28.5399999999749));
#10553=CARTESIAN_POINT('',(105.688660850941,39.,28.5399999999749));
#10554=CARTESIAN_POINT('',(47.3113391490632,37.,28.5399999999749));
#10555=CARTESIAN_POINT('Origin',(49.3113391490632,37.,28.5399999999749));
#10556=CARTESIAN_POINT('',(47.3113391490632,36.8217856494037,28.5399999999749));
#10557=CARTESIAN_POINT('',(47.3113391490632,36.,28.5399999999749));
#10558=CARTESIAN_POINT('',(47.7301177915211,35.5971473279174,28.5399999999749));
#10559=CARTESIAN_POINT('Origin',(49.3113391490632,36.8217856494037,28.5399999999749));
#10560=CARTESIAN_POINT('',(47.9056739702266,33.4166153470025,28.5399999999749));
#10561=CARTESIAN_POINT('Origin',(46.148896433979,34.3725090064311,28.5399999999749));
#10562=CARTESIAN_POINT('',(48.7432224637524,34.9558936594286,28.5399999999749));
#10563=CARTESIAN_POINT('',(49.0829059770292,35.5801768730186,28.5399999999749));
#10564=CARTESIAN_POINT('',(50.5,36.,28.5399999999749));
#10565=CARTESIAN_POINT('Origin',(50.5,34.,28.5399999999749));
#10566=CARTESIAN_POINT('',(102.500000000004,36.,28.5399999999749));
#10567=CARTESIAN_POINT('',(75.5000000000019,36.,28.5399999999749));
#10568=CARTESIAN_POINT('',(104.256777536251,34.9558936594286,28.5399999999749));
#10569=CARTESIAN_POINT('Origin',(102.500000000004,34.,28.5399999999749));
#10570=CARTESIAN_POINT('',(105.094326029777,33.4166153470025,28.5399999999749));
#10571=CARTESIAN_POINT('',(106.499435637369,30.8342517438602,28.5399999999749));
#10572=CARTESIAN_POINT('',(105.269882208483,35.5971473279174,28.5399999999749));
#10573=CARTESIAN_POINT('Origin',(106.851103566025,34.3725090064311,28.5399999999749));
#10574=CARTESIAN_POINT('Origin',(103.688660850941,36.8217856494037,28.5399999999749));
#10575=CARTESIAN_POINT('Origin',(103.688660850941,36.8217856494037,23.5399999999749));
#10576=CARTESIAN_POINT('',(105.269882208483,35.5971473279174,23.5399999999749));
#10577=CARTESIAN_POINT('',(105.269882208483,35.5971473279174,23.5399999999749));
#10578=CARTESIAN_POINT('Origin',(103.688660850941,36.8217856494037,23.5399999999749));
#10579=CARTESIAN_POINT('Origin',(106.851103566025,34.3725090064311,23.5399999999749));
#10580=CARTESIAN_POINT('',(105.094326029777,33.4166153470025,23.5399999999749));
#10581=CARTESIAN_POINT('',(105.094326029777,33.4166153470025,23.5399999999749));
#10582=CARTESIAN_POINT('Origin',(106.851103566025,34.3725090064311,23.5399999999749));
#10583=CARTESIAN_POINT('Origin',(49.3113391490632,37.,24.7899999999749));
#10584=CARTESIAN_POINT('',(49.3113391490632,39.,23.5399999999749));
#10585=CARTESIAN_POINT('',(49.3113391490632,39.,24.7899999999749));
#10586=CARTESIAN_POINT('',(47.3113391490632,37.,23.5399999999749));
#10587=CARTESIAN_POINT('Origin',(49.3113391490632,37.,23.5399999999749));
#10588=CARTESIAN_POINT('',(47.3113391490632,37.,24.7899999999749));
#10589=CARTESIAN_POINT('Origin',(76.5000000000019,39.,26.0399999999749));
#10590=CARTESIAN_POINT('',(47.3113391490632,39.,23.5399999999749));
#10591=CARTESIAN_POINT('Origin',(49.3113391490632,36.8217856494037,28.5399999999749));
#10592=CARTESIAN_POINT('',(47.3113391490632,36.8217856494037,23.5399999999749));
#10593=CARTESIAN_POINT('',(47.7301177915211,35.5971473279174,23.5399999999749));
#10594=CARTESIAN_POINT('Origin',(49.3113391490632,36.8217856494037,23.5399999999749));
#10595=CARTESIAN_POINT('',(47.7301177915211,35.5971473279174,28.5399999999749));
#10596=CARTESIAN_POINT('',(47.3113391490632,36.8217856494037,28.5399999999749));
#10597=CARTESIAN_POINT('Origin',(46.148896433979,34.3725090064311,28.5399999999749));
#10598=CARTESIAN_POINT('',(47.9056739702266,33.4166153470025,23.5399999999749));
#10599=CARTESIAN_POINT('Origin',(46.148896433979,34.3725090064311,23.5399999999749));
#10600=CARTESIAN_POINT('',(47.9056739702266,33.4166153470025,28.5399999999749));
#10601=CARTESIAN_POINT('Origin',(4.8371468072167,3.99999999999999,0.));
#10602=CARTESIAN_POINT('',(2.87272297698824,4.37555161460249,3.));
#10603=CARTESIAN_POINT('',(4.8371468072167,1.99999999999999,3.));
#10604=CARTESIAN_POINT('Origin',(4.8371468072167,3.99999999999999,3.));
#10605=CARTESIAN_POINT('',(2.87272297698824,4.37555161460249,42.));
#10606=CARTESIAN_POINT('',(2.87272297698824,4.37555161460249,0.));
#10607=CARTESIAN_POINT('',(4.8371468072167,1.99999999999999,42.));
#10608=CARTESIAN_POINT('Origin',(4.8371468072167,3.99999999999999,42.));
#10609=CARTESIAN_POINT('',(4.8371468072167,1.99999999999999,0.));
#10610=CARTESIAN_POINT('Origin',(2.41857340360835,1.99999999999999,0.));
#10611=CARTESIAN_POINT('',(20.8433112122824,98.3755516146025,3.));
#10612=CARTESIAN_POINT('',(2.41857340360835,1.99999999999999,3.));
#10613=CARTESIAN_POINT('',(20.8433112122824,98.3755516146025,42.));
#10614=CARTESIAN_POINT('',(20.8433112122824,98.3755516146025,0.));
#10615=CARTESIAN_POINT('',(15.5205933022179,70.5336425465731,42.));
#10616=CARTESIAN_POINT('',(2.41857340360835,1.99999999999999,42.));
#10617=CARTESIAN_POINT('',(15.5205933022179,70.5336425465731,36.));
#10618=CARTESIAN_POINT('',(15.5205933022179,70.5336425465731,21.));
#10619=CARTESIAN_POINT('',(8.05184762264585,31.4663574534269,36.));
#10620=CARTESIAN_POINT('',(8.96958335291314,36.2668212732866,36.));
#10621=CARTESIAN_POINT('',(8.05184762264585,31.4663574534269,42.));
#10622=CARTESIAN_POINT('',(8.05184762264586,31.4663574534269,18.));
#10623=CARTESIAN_POINT('',(2.41857340360835,1.99999999999999,42.));
#10624=CARTESIAN_POINT('Origin',(29.6226782981303,4.,0.));
#10625=CARTESIAN_POINT('',(29.6226782981303,2.,3.));
#10626=CARTESIAN_POINT('',(31.3794558343779,3.04410634057137,3.));
#10627=CARTESIAN_POINT('Origin',(29.6226782981303,4.,3.));
#10628=CARTESIAN_POINT('',(29.6226782981303,2.,42.));
#10629=CARTESIAN_POINT('',(29.6226782981303,2.,0.));
#10630=CARTESIAN_POINT('',(31.3794558343779,3.04410634057137,42.));
#10631=CARTESIAN_POINT('Origin',(29.6226782981303,4.,42.));
#10632=CARTESIAN_POINT('',(31.3794558343779,3.04410634057137,0.));
#10633=CARTESIAN_POINT('Origin',(76.5,51.,3.));
#10634=CARTESIAN_POINT('',(30.8113391490671,2.00000000000001,3.));
#10635=CARTESIAN_POINT('',(48.7432224637524,34.9558936594286,3.));
#10636=CARTESIAN_POINT('',(49.3113391490632,36.,3.));
#10637=CARTESIAN_POINT('',(50.5,36.,3.));
#10638=CARTESIAN_POINT('Origin',(50.5,34.,3.));
#10639=CARTESIAN_POINT('',(102.500000000004,36.,3.));
#10640=CARTESIAN_POINT('',(103.688660850941,36.,3.));
#10641=CARTESIAN_POINT('',(104.256777536251,34.9558936594286,3.));
#10642=CARTESIAN_POINT('Origin',(102.500000000004,34.,3.));
#10643=CARTESIAN_POINT('',(121.620544165626,3.04410634057137,3.));
#10644=CARTESIAN_POINT('',(122.188660850937,2.,3.));
#10645=CARTESIAN_POINT('',(123.377321701874,2.,3.));
#10646=CARTESIAN_POINT('Origin',(123.377321701874,4.,3.));
#10647=CARTESIAN_POINT('',(148.162853192783,1.99999999999999,3.));
#10648=CARTESIAN_POINT('',(150.581426596392,1.99999999999999,3.));
#10649=CARTESIAN_POINT('',(150.127277023012,4.37555161460246,3.));
#10650=CARTESIAN_POINT('Origin',(148.162853192783,3.99999999999998,3.));
#10651=CARTESIAN_POINT('',(132.156688787718,98.3755516146025,3.));
#10652=CARTESIAN_POINT('',(131.846132478745,100.,3.));
#10653=CARTESIAN_POINT('',(130.192264957489,100.,3.));
#10654=CARTESIAN_POINT('Origin',(130.192264957489,98.,3.));
#10655=CARTESIAN_POINT('',(22.8077350425108,100.,3.));
#10656=CARTESIAN_POINT('',(21.1538675212554,100.,3.));
#10657=CARTESIAN_POINT('Origin',(22.8077350425108,98.,3.));
#10658=CARTESIAN_POINT('Origin',(49.3113391490632,36.,0.));
#10659=CARTESIAN_POINT('',(48.7432224637524,34.9558936594286,23.5399999999749));
#10660=CARTESIAN_POINT('',(55.7505643626328,47.8342517438601,23.5399999999749));
#10661=CARTESIAN_POINT('',(48.7432224637524,34.9558936594286,0.));
#10662=CARTESIAN_POINT('',(48.7432224637524,34.9558936594286,42.));
#10663=CARTESIAN_POINT('',(49.3113391490632,36.,42.));
#10664=CARTESIAN_POINT('',(48.7432224637524,34.9558936594286,0.));
#10665=CARTESIAN_POINT('Origin',(123.377321701874,4.,0.));
#10666=CARTESIAN_POINT('',(121.620544165626,3.04410634057137,42.));
#10667=CARTESIAN_POINT('',(121.620544165626,3.04410634057137,0.));
#10668=CARTESIAN_POINT('',(123.377321701874,2.,42.));
#10669=CARTESIAN_POINT('Origin',(123.377321701874,4.,42.));
#10670=CARTESIAN_POINT('',(123.377321701874,2.,0.));
#10671=CARTESIAN_POINT('Origin',(150.581426596392,1.99999999999999,0.));
#10672=CARTESIAN_POINT('',(126.188660850933,2.,42.));
#10673=CARTESIAN_POINT('',(150.581426596392,1.99999999999999,42.));
#10674=CARTESIAN_POINT('',(126.188660850933,2.,36.));
#10675=CARTESIAN_POINT('',(126.188660850933,2.,18.));
#10676=CARTESIAN_POINT('',(146.581426596392,2.00000000000001,36.));
#10677=CARTESIAN_POINT('',(148.581426596392,1.99999999999999,36.));
#10678=CARTESIAN_POINT('',(146.581426596392,2.00000000000001,42.));
#10679=CARTESIAN_POINT('',(146.581426596392,1.99999999999999,21.));
#10680=CARTESIAN_POINT('',(148.162853192783,1.99999999999999,42.));
#10681=CARTESIAN_POINT('',(150.581426596392,1.99999999999999,42.));
#10682=CARTESIAN_POINT('',(148.162853192783,1.99999999999999,0.));
#10683=CARTESIAN_POINT('Origin',(50.5,34.,0.));
#10684=CARTESIAN_POINT('',(50.5,36.,42.));
#10685=CARTESIAN_POINT('Origin',(50.5,34.,42.));
#10686=CARTESIAN_POINT('',(50.5,36.,0.));
#10687=CARTESIAN_POINT('Origin',(50.5,34.,0.));
#10688=CARTESIAN_POINT('',(50.5,36.,23.5399999999749));
#10689=CARTESIAN_POINT('Origin',(50.5,34.,23.5399999999749));
#10690=CARTESIAN_POINT('',(50.5,36.,0.));
#10691=CARTESIAN_POINT('Origin',(103.688660850941,36.,0.));
#10692=CARTESIAN_POINT('',(102.500000000004,36.,23.5399999999749));
#10693=CARTESIAN_POINT('',(104.688660850941,36.,23.5399999999749));
#10694=CARTESIAN_POINT('',(102.500000000004,36.,0.));
#10695=CARTESIAN_POINT('Origin',(102.500000000004,34.,0.));
#10696=CARTESIAN_POINT('',(102.500000000004,36.,42.));
#10697=CARTESIAN_POINT('',(104.256777536251,34.9558936594286,42.));
#10698=CARTESIAN_POINT('Origin',(102.500000000004,34.,42.));
#10699=CARTESIAN_POINT('',(104.256777536251,34.9558936594286,0.));
#10700=CARTESIAN_POINT('',(102.500000000004,36.,0.));
#10701=CARTESIAN_POINT('Origin',(103.688660850941,36.,0.));
#10702=CARTESIAN_POINT('',(53.3113391490632,36.,42.));
#10703=CARTESIAN_POINT('',(103.688660850941,36.,42.));
#10704=CARTESIAN_POINT('',(53.3113391490632,36.,36.));
#10705=CARTESIAN_POINT('',(53.3113391490632,36.,21.));
#10706=CARTESIAN_POINT('',(99.6886608509406,36.,36.));
#10707=CARTESIAN_POINT('',(78.5000000000019,36.,36.));
#10708=CARTESIAN_POINT('',(99.6886608509406,36.,42.));
#10709=CARTESIAN_POINT('',(99.6886608509406,36.,18.));
#10710=CARTESIAN_POINT('',(103.688660850941,36.,42.));
#10711=CARTESIAN_POINT('Origin',(102.500000000004,34.,0.));
#10712=CARTESIAN_POINT('',(104.256777536251,34.9558936594286,23.5399999999749));
#10713=CARTESIAN_POINT('Origin',(102.500000000004,34.,23.5399999999749));
#10714=CARTESIAN_POINT('',(104.256777536251,34.9558936594286,0.));
#10715=CARTESIAN_POINT('Origin',(122.188660850937,2.,0.));
#10716=CARTESIAN_POINT('',(122.188660850937,2.,42.));
#10717=CARTESIAN_POINT('',(113.167094022973,18.5801768730186,23.5399999999749));
#10718=CARTESIAN_POINT('Origin',(148.162853192783,3.99999999999998,0.));
#10719=CARTESIAN_POINT('',(150.127277023012,4.37555161460246,42.));
#10720=CARTESIAN_POINT('Origin',(148.162853192783,3.99999999999998,42.));
#10721=CARTESIAN_POINT('',(150.127277023012,4.37555161460248,0.));
#10722=CARTESIAN_POINT('Origin',(130.192264957489,98.,0.));
#10723=CARTESIAN_POINT('',(132.156688787718,98.3755516146025,42.));
#10724=CARTESIAN_POINT('',(132.156688787718,98.3755516146025,0.));
#10725=CARTESIAN_POINT('',(130.192264957489,100.,42.));
#10726=CARTESIAN_POINT('Origin',(130.192264957489,98.,42.));
#10727=CARTESIAN_POINT('',(130.192264957489,100.,0.));
#10728=CARTESIAN_POINT('Origin',(21.1538675212554,100.,0.));
#10729=CARTESIAN_POINT('',(127.846132478744,100.,42.));
#10730=CARTESIAN_POINT('',(21.1538675212554,100.,42.));
#10731=CARTESIAN_POINT('',(127.846132478744,100.,36.));
#10732=CARTESIAN_POINT('',(127.846132478744,100.,18.));
#10733=CARTESIAN_POINT('',(84.4999999999999,100.,36.));
#10734=CARTESIAN_POINT('',(52.8269337606276,100.,36.));
#10735=CARTESIAN_POINT('',(84.4999999999999,100.,42.));
#10736=CARTESIAN_POINT('',(84.4999999999998,100.,21.));
#10737=CARTESIAN_POINT('',(68.5,100.,42.));
#10738=CARTESIAN_POINT('',(21.1538675212554,100.,42.));
#10739=CARTESIAN_POINT('',(68.5,100.,36.));
#10740=CARTESIAN_POINT('',(68.5,100.,21.));
#10741=CARTESIAN_POINT('',(25.1538675212554,100.,36.));
#10742=CARTESIAN_POINT('',(44.8269337606277,100.,36.));
#10743=CARTESIAN_POINT('',(25.1538675212554,100.,42.));
#10744=CARTESIAN_POINT('',(25.1538675212554,100.,18.));
#10745=CARTESIAN_POINT('',(22.8077350425108,100.,42.));
#10746=CARTESIAN_POINT('',(21.1538675212554,100.,42.));
#10747=CARTESIAN_POINT('',(22.8077350425108,100.,0.));
#10748=CARTESIAN_POINT('',(63.8250000000525,100.,9.54000000005334));
#10749=CARTESIAN_POINT('',(63.8250000000641,100.,28.5399999999749));
#10750=CARTESIAN_POINT('',(63.8250000000554,100.,14.2699999999744));
#10751=CARTESIAN_POINT('',(89.1750000001055,100.,28.5399999999749));
#10752=CARTESIAN_POINT('',(55.1644337606805,100.,28.5399999999749));
#10753=CARTESIAN_POINT('',(89.1750000001055,100.,9.54000000005334));
#10754=CARTESIAN_POINT('',(89.1750000001055,100.,4.77000000002667));
#10755=CARTESIAN_POINT('',(42.4894337606539,100.,9.54000000005334));
#10756=CARTESIAN_POINT('Origin',(22.8077350425108,98.,0.));
#10757=CARTESIAN_POINT('Origin',(22.8077350425108,98.,42.));
#10758=CARTESIAN_POINT('Origin',(76.5,51.,42.));
#10759=CARTESIAN_POINT('',(51.6886608509367,34.,42.));
#10760=CARTESIAN_POINT('Origin',(51.6886608509367,32.,42.));
#10761=CARTESIAN_POINT('',(101.311339149063,34.,42.));
#10762=CARTESIAN_POINT('',(102.5,34.,42.));
#10763=CARTESIAN_POINT('',(103.068116685311,32.9558936594288,42.));
#10764=CARTESIAN_POINT('Origin',(101.311339149063,32.,42.));
#10765=CARTESIAN_POINT('',(120.431883314689,1.04410634057121,42.));
#10766=CARTESIAN_POINT('',(121.,2.46519032881566E-31,42.));
#10767=CARTESIAN_POINT('',(122.188660850937,2.37361922775407E-31,42.));
#10768=CARTESIAN_POINT('Origin',(122.188660850937,2.,42.));
#10769=CARTESIAN_POINT('',(150.581426596392,1.86320117628316E-32,42.));
#10770=CARTESIAN_POINT('',(153.,0.,42.));
#10771=CARTESIAN_POINT('',(152.54585042662,2.3755516146025,42.));
#10772=CARTESIAN_POINT('Origin',(150.581426596392,2.,42.));
#10773=CARTESIAN_POINT('',(133.5,102.,42.));
#10774=CARTESIAN_POINT('',(26.8113391490671,2.,42.));
#10775=CARTESIAN_POINT('',(30.8113391490671,2.00000000000001,42.));
#10776=CARTESIAN_POINT('',(6.41857340360836,2.,42.));
#10777=CARTESIAN_POINT('',(30.8113391490671,2.00000000000001,42.));
#10778=CARTESIAN_POINT('',(30.8113391490671,2.00000000000001,42.));
#10779=CARTESIAN_POINT('',(2.41857340360835,1.99999999999999,42.));
#10780=CARTESIAN_POINT('',(21.1538675212554,100.,42.));
#10781=CARTESIAN_POINT('',(21.1538675212554,100.,42.));
#10782=CARTESIAN_POINT('',(137.479406697782,70.5336425465731,42.));
#10783=CARTESIAN_POINT('',(131.846132478745,100.,42.));
#10784=CARTESIAN_POINT('',(144.948152377354,31.4663574534269,42.));
#10785=CARTESIAN_POINT('',(131.846132478745,100.,42.));
#10786=CARTESIAN_POINT('',(131.846132478745,100.,42.));
#10787=CARTESIAN_POINT('',(150.581426596392,1.99999999999999,42.));
#10788=CARTESIAN_POINT('',(103.688660850941,36.,42.));
#10789=CARTESIAN_POINT('Origin',(150.581426596392,2.,0.));
#10790=CARTESIAN_POINT('',(152.54585042662,2.3755516146025,0.));
#10791=CARTESIAN_POINT('',(150.581426596392,0.,0.));
#10792=CARTESIAN_POINT('Origin',(121.,2.46519032881566E-31,0.));
#10793=CARTESIAN_POINT('',(122.188660850937,0.,0.));
#10794=CARTESIAN_POINT('Origin',(122.188660850937,2.,0.));
#10795=CARTESIAN_POINT('',(120.431883314689,1.04410634057121,0.));
#10796=CARTESIAN_POINT('Origin',(102.5,34.,0.));
#10797=CARTESIAN_POINT('',(103.068116685311,32.9558936594288,0.));
#10798=CARTESIAN_POINT('Origin',(101.311339149063,32.,0.));
#10799=CARTESIAN_POINT('',(101.311339149063,34.,0.));
#10800=CARTESIAN_POINT('Origin',(51.6886608509367,32.,0.));
#10801=CARTESIAN_POINT('',(51.6886608509367,34.,0.));
#10802=CARTESIAN_POINT('Origin',(50.5,34.,0.));
#10803=CARTESIAN_POINT('Origin',(47.3113391490632,36.,23.5399999999749));
#10804=CARTESIAN_POINT('',(47.3113391490632,36.,23.5399999999749));
#10805=CARTESIAN_POINT('Origin',(105.688660850941,36.,23.5399999999749));
#10806=CARTESIAN_POINT('Origin',(21.1538675212554,100.5,0.));
#10807=CARTESIAN_POINT('',(75.4999999999999,100.5,26.115));
#10808=CARTESIAN_POINT('Origin',(76.4999999999999,100.5,26.115));
#10809=CARTESIAN_POINT('Origin',(21.1538675212554,100.5,0.));
#10810=CARTESIAN_POINT('',(75.4999999999999,100.5,11.965));
#10811=CARTESIAN_POINT('Origin',(76.4999999999999,100.5,11.965));
#10812=CARTESIAN_POINT('Origin',(76.4999999999999,100.,26.115));
#10813=CARTESIAN_POINT('',(75.4999999999999,97.,26.115));
#10814=CARTESIAN_POINT('Origin',(76.4999999999999,97.,26.115));
#10815=CARTESIAN_POINT('',(75.4999999999999,100.,26.115));
#10816=CARTESIAN_POINT('Origin',(76.4999999999999,100.,11.965));
#10817=CARTESIAN_POINT('',(75.4999999999999,97.,11.965));
#10818=CARTESIAN_POINT('Origin',(76.4999999999999,97.,11.965));
#10819=CARTESIAN_POINT('',(75.4999999999999,100.,11.965));
#10820=CARTESIAN_POINT('Origin',(63.8250000000641,100.,28.5399999999749));
#10821=CARTESIAN_POINT('',(63.8250000000525,97.,9.54000000005334));
#10822=CARTESIAN_POINT('',(63.8250000000525,100.,9.54000000005334));
#10823=CARTESIAN_POINT('',(63.8250000000641,97.,28.5399999999749));
#10824=CARTESIAN_POINT('',(63.8250000000525,97.,9.54000000005334));
#10825=CARTESIAN_POINT('',(63.8250000000641,100.,28.5399999999749));
#10826=CARTESIAN_POINT('Origin',(89.1750000001055,100.,28.5399999999749));
#10827=CARTESIAN_POINT('',(89.1750000001055,97.,28.5399999999749));
#10828=CARTESIAN_POINT('',(63.8250000000641,97.,28.5399999999749));
#10829=CARTESIAN_POINT('',(89.1750000001055,100.,28.5399999999749));
#10830=CARTESIAN_POINT('Origin',(89.1750000001055,100.,9.54000000005334));
#10831=CARTESIAN_POINT('',(89.1750000001055,97.,9.54000000005334));
#10832=CARTESIAN_POINT('',(89.1750000001055,97.,28.5399999999749));
#10833=CARTESIAN_POINT('',(89.1750000001055,100.,9.54000000005334));
#10834=CARTESIAN_POINT('Origin',(63.8250000000525,100.,9.54000000005334));
#10835=CARTESIAN_POINT('',(89.1750000001055,97.,9.54000000005334));
#10836=CARTESIAN_POINT('Origin',(76.4999999999999,97.,26.115));
#10837=CARTESIAN_POINT('',(84.1749999999999,97.,22.315));
#10838=CARTESIAN_POINT('',(84.1749999999999,97.,15.765));
#10839=CARTESIAN_POINT('',(84.1749999999999,97.,22.315));
#10840=CARTESIAN_POINT('',(82.8749999999999,97.,14.465));
#10841=CARTESIAN_POINT('Origin',(82.8749999999999,97.,15.765));
#10842=CARTESIAN_POINT('',(70.1249999999999,97.,14.465));
#10843=CARTESIAN_POINT('',(82.8749999999999,97.,14.465));
#10844=CARTESIAN_POINT('',(68.8249999999999,97.,15.765));
#10845=CARTESIAN_POINT('Origin',(70.1249999999999,97.,15.765));
#10846=CARTESIAN_POINT('',(68.8249999999999,97.,22.315));
#10847=CARTESIAN_POINT('',(68.8249999999999,97.,15.765));
#10848=CARTESIAN_POINT('',(70.1249999999999,97.,23.615));
#10849=CARTESIAN_POINT('Origin',(70.1249999999999,97.,22.315));
#10850=CARTESIAN_POINT('',(82.8749999999999,97.,23.615));
#10851=CARTESIAN_POINT('',(70.1249999999999,97.,23.615));
#10852=CARTESIAN_POINT('Origin',(82.875,97.,22.315));
#10853=CARTESIAN_POINT('Origin',(70.1249999999999,102.,14.465));
#10854=CARTESIAN_POINT('',(82.8749999999999,100.,14.465));
#10855=CARTESIAN_POINT('',(70.1249999999999,100.,14.465));
#10856=CARTESIAN_POINT('Origin',(70.1249999999999,102.,15.765));
#10857=CARTESIAN_POINT('',(68.8249999999999,100.,15.765));
#10858=CARTESIAN_POINT('Origin',(68.8249999999999,102.,22.315));
#10859=CARTESIAN_POINT('',(68.8249999999999,100.,22.315));
#10860=CARTESIAN_POINT('Origin',(70.1249999999999,102.,22.315));
#10861=CARTESIAN_POINT('',(70.1249999999999,102.,23.615));
#10862=CARTESIAN_POINT('Origin',(82.8749999999999,102.,23.615));
#10863=CARTESIAN_POINT('',(82.8749999999999,100.,23.615));
#10864=CARTESIAN_POINT('Origin',(82.8749999999999,102.,22.315));
#10865=CARTESIAN_POINT('',(84.1749999999999,100.,22.315));
#10866=CARTESIAN_POINT('Origin',(84.1749999999999,102.,15.765));
#10867=CARTESIAN_POINT('',(84.1749999999999,100.,15.765));
#10868=CARTESIAN_POINT('Origin',(82.8749999999999,102.,15.765));
#10869=CARTESIAN_POINT('Origin',(99.6886608509406,36.,36.));
#10870=CARTESIAN_POINT('',(96.6886608509406,39.,39.));
#10871=CARTESIAN_POINT('',(91.959107233961,43.7295536169796,43.7295536169796));
#10872=CARTESIAN_POINT('',(98.6886608509406,37.,41.));
#10873=CARTESIAN_POINT('Origin',(99.6886608509406,36.,42.));
#10874=CARTESIAN_POINT('',(56.3113391490632,39.,39.));
#10875=CARTESIAN_POINT('',(61.0408927660428,43.7295536169796,34.2704463830204));
#10876=CARTESIAN_POINT('',(76.5000000000019,39.,39.));
#10877=CARTESIAN_POINT('Origin',(53.3113391490632,36.,42.));
#10878=CARTESIAN_POINT('',(54.3113391490632,37.,37.));
#10879=CARTESIAN_POINT('Origin',(53.3113391490632,36.,36.));
#10880=CARTESIAN_POINT('Origin',(144.948152377354,31.4663574534269,36.));
#10881=CARTESIAN_POINT('',(144.948152377354,31.4663574534269,36.));
#10882=CARTESIAN_POINT('',(141.438189210108,33.8496657768658,39.));
#10883=CARTESIAN_POINT('',(137.192147248568,36.7327806890226,42.629133776527));
#10884=CARTESIAN_POINT('',(144.948152377354,31.4663574534268,18.));
#10885=CARTESIAN_POINT('',(143.778164654939,32.2607935612399,41.));
#10886=CARTESIAN_POINT('Origin',(144.948152377354,31.4663574534269,42.));
#10887=CARTESIAN_POINT('',(135.096098374343,67.0236793793267,39.));
#10888=CARTESIAN_POINT('',(132.212983462186,62.7776374177867,35.370866223473));
#10889=CARTESIAN_POINT('',(138.267143792225,50.4366725780963,39.));
#10890=CARTESIAN_POINT('Origin',(137.479406697782,70.5336425465731,42.));
#10891=CARTESIAN_POINT('',(137.479406697782,70.5336425465731,36.));
#10892=CARTESIAN_POINT('',(137.479406697782,70.5336425465733,21.));
#10893=CARTESIAN_POINT('',(136.684970589969,69.3636548241576,37.));
#10894=CARTESIAN_POINT('Origin',(137.479406697782,70.5336425465731,36.));
#10895=CARTESIAN_POINT('',(134.662769588263,85.2668212732866,35.9999999999998));
#10896=CARTESIAN_POINT('Origin',(127.846132478744,100.,36.));
#10897=CARTESIAN_POINT('',(124.846132478744,97.0000000000001,39.));
#10898=CARTESIAN_POINT('',(120.62177706562,92.7756445868759,43.2243554131241));
#10899=CARTESIAN_POINT('',(126.846132478744,99.,41.));
#10900=CARTESIAN_POINT('Origin',(127.846132478744,100.,42.));
#10901=CARTESIAN_POINT('',(87.4999999999998,97.,39.));
#10902=CARTESIAN_POINT('',(91.7243554131238,92.775644586876,34.7756445868759));
#10903=CARTESIAN_POINT('',(106.173066239372,97.0000000000001,39.));
#10904=CARTESIAN_POINT('Origin',(84.4999999999999,100.,42.));
#10905=CARTESIAN_POINT('',(85.4999999999999,99.,37.));
#10906=CARTESIAN_POINT('Origin',(84.4999999999999,100.,36.));
#10907=CARTESIAN_POINT('Origin',(126.188660850933,2.,36.));
#10908=CARTESIAN_POINT('',(129.188660850933,5.00000000000001,39.));
#10909=CARTESIAN_POINT('',(129.587455141843,5.39879429090979,39.3987942909098));
#10910=CARTESIAN_POINT('',(127.188660850933,3.,41.));
#10911=CARTESIAN_POINT('Origin',(126.188660850933,2.,42.));
#10912=CARTESIAN_POINT('',(143.581426596392,5.,39.));
#10913=CARTESIAN_POINT('',(143.182632305482,5.3987942909098,38.6012057090902));
#10914=CARTESIAN_POINT('',(136.385043723662,5.,39.));
#10915=CARTESIAN_POINT('Origin',(146.581426596392,2.00000000000001,42.));
#10916=CARTESIAN_POINT('',(145.581426596392,3.00000000000001,37.));
#10917=CARTESIAN_POINT('Origin',(146.581426596392,2.00000000000001,36.));
#10918=CARTESIAN_POINT('Origin',(8.05184762264585,31.4663574534269,36.));
#10919=CARTESIAN_POINT('',(11.5618107898923,33.8496657768658,39.));
#10920=CARTESIAN_POINT('',(15.8078527514322,36.7327806890226,42.629133776527));
#10921=CARTESIAN_POINT('',(9.22183534506133,32.2607935612399,41.));
#10922=CARTESIAN_POINT('Origin',(8.05184762264585,31.4663574534269,42.));
#10923=CARTESIAN_POINT('',(17.9039016256569,67.0236793793267,39.));
#10924=CARTESIAN_POINT('',(20.7870165378136,62.7776374177867,35.370866223473));
#10925=CARTESIAN_POINT('',(14.7328562077746,50.4366725780963,39.));
#10926=CARTESIAN_POINT('Origin',(15.5205933022179,70.5336425465731,42.));
#10927=CARTESIAN_POINT('',(16.3150294100309,69.3636548241576,37.));
#10928=CARTESIAN_POINT('Origin',(15.5205933022179,70.5336425465731,36.));
#10929=CARTESIAN_POINT('Origin',(25.1538675212554,100.,36.));
#10930=CARTESIAN_POINT('',(28.1538675212554,97.,39.));
#10931=CARTESIAN_POINT('',(32.3782229343795,92.7756445868759,43.2243554131241));
#10932=CARTESIAN_POINT('',(26.1538675212554,99.,41.));
#10933=CARTESIAN_POINT('Origin',(25.1538675212554,100.,42.));
#10934=CARTESIAN_POINT('',(65.5,97.,39.));
#10935=CARTESIAN_POINT('',(61.275644586876,92.775644586876,34.7756445868759));
#10936=CARTESIAN_POINT('',(46.8269337606277,97.,39.));
#10937=CARTESIAN_POINT('Origin',(68.5,100.,42.));
#10938=CARTESIAN_POINT('',(67.5,99.,37.));
#10939=CARTESIAN_POINT('Origin',(68.5,100.,36.));
#10940=CARTESIAN_POINT('Origin',(26.8113391490671,2.,36.));
#10941=CARTESIAN_POINT('',(26.8113391490671,2.,36.));
#10942=CARTESIAN_POINT('',(23.8113391490671,5.,39.));
#10943=CARTESIAN_POINT('',(23.4125448581573,5.39879429090979,39.3987942909098));
#10944=CARTESIAN_POINT('',(25.8113391490671,3.,41.));
#10945=CARTESIAN_POINT('',(26.8113391490671,2.,18.));
#10946=CARTESIAN_POINT('Origin',(26.8113391490671,2.,42.));
#10947=CARTESIAN_POINT('',(9.41857340360836,5.,39.));
#10948=CARTESIAN_POINT('',(9.81736769451816,5.39879429090979,38.6012057090902));
#10949=CARTESIAN_POINT('',(16.6149562763377,5.,39.));
#10950=CARTESIAN_POINT('Origin',(6.41857340360836,2.,42.));
#10951=CARTESIAN_POINT('',(6.41857340360836,2.,36.));
#10952=CARTESIAN_POINT('',(7.41857340360836,3.,37.));
#10953=CARTESIAN_POINT('',(6.41857340360835,1.99999999999999,21.));
#10954=CARTESIAN_POINT('Origin',(6.41857340360836,2.,36.));
#10955=CARTESIAN_POINT('',(18.6149562763377,2.,36.));
#10956=CARTESIAN_POINT('Origin',(30.8113391490671,2.00000000000001,0.));
#10957=CARTESIAN_POINT('Origin',(131.846132478745,100.,0.));
#10958=CARTESIAN_POINT('Origin',(153.,0.,0.));
#10959=CARTESIAN_POINT('Origin',(105.,100.,43.));
#10960=CARTESIAN_POINT('',(131.846132478745,100.,45.));
#10961=CARTESIAN_POINT('',(131.846132478745,102.,43.));
#10962=CARTESIAN_POINT('Origin',(131.846132478745,100.,43.));
#10963=CARTESIAN_POINT('',(21.1538675212554,102.,43.));
#10964=CARTESIAN_POINT('',(105.,102.,43.));
#10965=CARTESIAN_POINT('',(21.1538675212554,100.,45.));
#10966=CARTESIAN_POINT('Origin',(21.1538675212554,100.,43.));
#10967=CARTESIAN_POINT('',(105.,100.,45.));
#10968=CARTESIAN_POINT('Origin',(144.983781886442,31.2799877135844,43.));
#10969=CARTESIAN_POINT('',(150.581426596392,2.,45.));
#10970=CARTESIAN_POINT('',(152.54585042662,2.3755516146025,43.));
#10971=CARTESIAN_POINT('Origin',(150.581426596392,2.,43.));
#10972=CARTESIAN_POINT('',(133.810556308973,100.375551614603,43.));
#10973=CARTESIAN_POINT('',(146.94820571667,31.6555393281869,43.));
#10974=CARTESIAN_POINT('Origin',(131.846132478745,100.,43.));
#10975=CARTESIAN_POINT('',(144.983781886442,31.2799877135844,45.));
#10976=CARTESIAN_POINT('Origin',(131.846132478745,100.,43.));
#10977=CARTESIAN_POINT('Origin',(131.846132478745,100.,43.));
#10978=CARTESIAN_POINT('Origin',(98.75,2.,43.));
#10979=CARTESIAN_POINT('',(122.188660850937,2.,45.));
#10980=CARTESIAN_POINT('',(122.188660850937,0.,43.));
#10981=CARTESIAN_POINT('Origin',(122.188660850937,2.,43.));
#10982=CARTESIAN_POINT('',(150.581426596392,0.,43.));
#10983=CARTESIAN_POINT('',(98.75,0.,43.));
#10984=CARTESIAN_POINT('Origin',(150.581426596392,2.,43.));
#10985=CARTESIAN_POINT('',(98.75,2.,45.));
#10986=CARTESIAN_POINT('Origin',(150.581426596392,2.,43.));
#10987=CARTESIAN_POINT('Origin',(150.581426596392,2.,43.));
#10988=CARTESIAN_POINT('Origin',(97.7186497204624,46.9719123478987,43.));
#10989=CARTESIAN_POINT('',(104.824894221558,33.9117873188576,45.));
#10990=CARTESIAN_POINT('',(103.068116685311,32.9558936594288,43.));
#10991=CARTESIAN_POINT('Origin',(104.824894221558,33.9117873188576,43.));
#10992=CARTESIAN_POINT('',(120.431883314689,1.04410634057121,43.));
#10993=CARTESIAN_POINT('',(95.9618721842149,46.0160186884699,43.));
#10994=CARTESIAN_POINT('Origin',(122.188660850937,1.99999999999999,43.));
#10995=CARTESIAN_POINT('',(97.7186497204624,46.9719123478987,45.));
#10996=CARTESIAN_POINT('Origin',(101.311339149063,32.,43.));
#10997=CARTESIAN_POINT('',(101.311339149063,36.,45.));
#10998=CARTESIAN_POINT('',(101.311339149063,34.,43.));
#10999=CARTESIAN_POINT('Origin',(101.311339149063,36.,43.));
#11000=CARTESIAN_POINT('Origin',(101.311339149063,32.,43.));
#11001=CARTESIAN_POINT('Origin',(101.311339149063,32.,45.));
#11002=CARTESIAN_POINT('Origin',(63.5,36.,43.));
#11003=CARTESIAN_POINT('',(51.6886608509367,36.,45.));
#11004=CARTESIAN_POINT('',(51.6886608509367,34.,43.));
#11005=CARTESIAN_POINT('Origin',(51.6886608509367,36.,43.));
#11006=CARTESIAN_POINT('',(63.5,34.,43.));
#11007=CARTESIAN_POINT('',(63.5,36.,45.));
#11008=CARTESIAN_POINT('Origin',(51.6886608509367,32.,43.));
#11009=CARTESIAN_POINT('',(48.1751057784417,33.9117873188576,45.));
#11010=CARTESIAN_POINT('',(49.9318833146892,32.9558936594288,43.));
#11011=CARTESIAN_POINT('Origin',(48.1751057784417,33.9117873188576,43.));
#11012=CARTESIAN_POINT('Origin',(51.6886608509367,32.,43.));
#11013=CARTESIAN_POINT('Origin',(51.6886608509367,32.,45.));
#11014=CARTESIAN_POINT('Origin',(46.0313502795376,29.9719123478987,43.));
#11015=CARTESIAN_POINT('',(30.8113391490633,2.,45.));
#11016=CARTESIAN_POINT('',(32.5681166853108,1.04410634057121,43.));
#11017=CARTESIAN_POINT('Origin',(30.8113391490633,2.,43.));
#11018=CARTESIAN_POINT('',(47.7881278157851,29.0160186884699,43.));
#11019=CARTESIAN_POINT('',(46.0313502795376,29.9719123478987,45.));
#11020=CARTESIAN_POINT('Origin',(122.188660850937,2.,43.));
#11021=CARTESIAN_POINT('Origin',(122.188660850937,2.,43.));
#11022=CARTESIAN_POINT('Origin',(38.25,2.,43.));
#11023=CARTESIAN_POINT('',(2.41857340360836,2.,45.));
#11024=CARTESIAN_POINT('',(2.41857340360835,0.,43.));
#11025=CARTESIAN_POINT('Origin',(2.41857340360836,2.,43.));
#11026=CARTESIAN_POINT('',(30.8113391490633,0.,43.));
#11027=CARTESIAN_POINT('',(38.25,0.,43.));
#11028=CARTESIAN_POINT('Origin',(30.8113391490633,2.,43.));
#11029=CARTESIAN_POINT('',(38.25,2.,45.));
#11030=CARTESIAN_POINT('Origin',(30.8113391490633,2.,43.));
#11031=CARTESIAN_POINT('Origin',(30.8113391490633,2.,43.));
#11032=CARTESIAN_POINT('Origin',(17.7662181135583,82.2799877135844,43.));
#11033=CARTESIAN_POINT('',(19.189443691027,100.375551614603,43.));
#11034=CARTESIAN_POINT('Origin',(21.1538675212554,100.,43.));
#11035=CARTESIAN_POINT('',(0.454149573379887,2.37555161460249,43.));
#11036=CARTESIAN_POINT('',(15.8017942833299,82.6555393281869,43.));
#11037=CARTESIAN_POINT('Origin',(2.41857340360836,1.99999999999998,43.));
#11038=CARTESIAN_POINT('',(17.7662181135583,82.2799877135844,45.));
#11039=CARTESIAN_POINT('Origin',(2.41857340360835,1.99999999999999,43.));
#11040=CARTESIAN_POINT('Origin',(2.41857340360835,1.99999999999999,43.));
#11041=CARTESIAN_POINT('Origin',(21.1538675212554,100.,43.));
#11042=CARTESIAN_POINT('Origin',(21.1538675212554,100.,43.));
#11043=CARTESIAN_POINT('Origin',(101.311339149063,32.,42.));
#11044=CARTESIAN_POINT('',(101.311339149063,34.,42.));
#11045=CARTESIAN_POINT('',(101.311339149063,34.,42.));
#11046=CARTESIAN_POINT('',(103.068116685311,32.9558936594288,42.));
#11047=CARTESIAN_POINT('Origin',(101.311339149063,32.,42.));
#11048=CARTESIAN_POINT('',(103.068116685311,32.9558936594288,42.));
#11049=CARTESIAN_POINT('Origin',(50.5,34.,42.));
#11050=CARTESIAN_POINT('',(51.6886608509367,34.,42.));
#11051=CARTESIAN_POINT('',(51.6886608509367,34.,42.));
#11052=CARTESIAN_POINT('',(50.5,34.,42.));
#11053=CARTESIAN_POINT('Origin',(51.6886608509367,32.,42.));
#11054=CARTESIAN_POINT('',(49.9318833146892,32.9558936594288,42.));
#11055=CARTESIAN_POINT('',(49.9318833146892,32.9558936594288,42.));
#11056=CARTESIAN_POINT('Origin',(51.6886608509367,32.,42.));
#11057=CARTESIAN_POINT('Origin',(32.,0.,42.));
#11058=CARTESIAN_POINT('',(32.5681166853108,1.04410634057121,42.));
#11059=CARTESIAN_POINT('',(32.5681166853108,1.04410634057121,42.));
#11060=CARTESIAN_POINT('',(32.,0.,42.));
#11061=CARTESIAN_POINT('Origin',(30.8113391490633,2.,42.));
#11062=CARTESIAN_POINT('',(30.8113391490633,0.,42.));
#11063=CARTESIAN_POINT('',(30.8113391490633,0.,42.));
#11064=CARTESIAN_POINT('Origin',(30.8113391490633,2.,42.));
#11065=CARTESIAN_POINT('Origin',(0.,0.,42.));
#11066=CARTESIAN_POINT('',(2.41857340360835,0.,42.));
#11067=CARTESIAN_POINT('',(2.41857340360835,0.,42.));
#11068=CARTESIAN_POINT('',(0.,0.,42.));
#11069=CARTESIAN_POINT('Origin',(2.41857340360835,1.99999999999999,42.));
#11070=CARTESIAN_POINT('',(0.454149573379892,2.37555161460252,42.));
#11071=CARTESIAN_POINT('',(0.454149573379887,2.37555161460249,42.));
#11072=CARTESIAN_POINT('Origin',(2.41857340360835,1.99999999999999,42.));
#11073=CARTESIAN_POINT('Origin',(19.5,102.,42.));
#11074=CARTESIAN_POINT('',(19.189443691027,100.375551614603,42.));
#11075=CARTESIAN_POINT('',(19.189443691027,100.375551614603,42.));
#11076=CARTESIAN_POINT('',(19.5,102.,42.));
#11077=CARTESIAN_POINT('Origin',(76.5,51.,45.));
#11078=CARTESIAN_POINT('',(57.3014086707622,41.9999999999999,45.));
#11079=CARTESIAN_POINT('',(58.1554331108123,41.9999999999999,45.));
#11080=CARTESIAN_POINT('',(66.9007043353811,42.,45.));
#11081=CARTESIAN_POINT('',(59.7570701166183,37.9999999403953,45.));
#11082=CARTESIAN_POINT('',(57.8699346402061,42.7130166793736,45.));
#11083=CARTESIAN_POINT('',(58.8784890099555,37.9999999403953,45.));
#11084=CARTESIAN_POINT('',(68.1285350583092,37.9999999403953,45.));
#11085=CARTESIAN_POINT('',(58.529239468196,38.9085946679115,45.));
#11086=CARTESIAN_POINT('',(57.8358437186563,40.7125074774744,45.));
#11087=CARTESIAN_POINT('',(56.9303308650047,38.9085946679115,45.));
#11088=CARTESIAN_POINT('',(67.514619734098,38.9085946679115,45.));
#11089=CARTESIAN_POINT('',(56.6001808120996,37.9999999403953,45.));
#11090=CARTESIAN_POINT('',(60.0121382639003,47.3899319544513,45.));
#11091=CARTESIAN_POINT('',(55.7434277459175,37.9999999403953,45.));
#11092=CARTESIAN_POINT('',(66.5500904060498,37.9999999403953,45.));
#11093=CARTESIAN_POINT('',(59.3087220719171,47.153627747442,45.));
#11094=CARTESIAN_POINT('',(69.3150513096839,37.9317871928215,45.));
#11095=CARTESIAN_POINT('',(67.8962247296363,38.4761254191398,45.));
#11096=CARTESIAN_POINT('Ctrl Pts',(69.3150513096839,37.9317871928215,45.));
#11097=CARTESIAN_POINT('Ctrl Pts',(69.0373842115035,37.9499804659458,45.));
#11098=CARTESIAN_POINT('Ctrl Pts',(68.5065323196739,37.9847628853245,45.));
#11099=CARTESIAN_POINT('Ctrl Pts',(68.0933081112026,38.3174523314705,45.));
#11100=CARTESIAN_POINT('Ctrl Pts',(67.8962247296363,38.4761254191398,45.));
#11101=CARTESIAN_POINT('',(67.3696212693244,39.975443303585,45.));
#11102=CARTESIAN_POINT('Ctrl Pts',(67.8962247296363,38.4761254191398,45.));
#11103=CARTESIAN_POINT('Ctrl Pts',(67.7428027705752,38.6838284889062,45.));
#11104=CARTESIAN_POINT('Ctrl Pts',(67.4148272712243,39.1278426211737,45.));
#11105=CARTESIAN_POINT('Ctrl Pts',(67.3853235811343,39.6810290743642,45.));
#11106=CARTESIAN_POINT('Ctrl Pts',(67.3696212693244,39.975443303585,45.));
#11107=CARTESIAN_POINT('',(67.5524310990363,41.0013641119003,45.));
#11108=CARTESIAN_POINT('Ctrl Pts',(67.3696212693244,39.975443303585,45.));
#11109=CARTESIAN_POINT('Ctrl Pts',(67.3746142601464,40.1647099354116,45.));
#11110=CARTESIAN_POINT('Ctrl Pts',(67.3838897835613,40.5163122390667,45.));
#11111=CARTESIAN_POINT('Ctrl Pts',(67.499194582212,40.8481525855988,45.));
#11112=CARTESIAN_POINT('Ctrl Pts',(67.5524310990363,41.0013641119003,45.));
#11113=CARTESIAN_POINT('',(67.9248731061011,41.5497953891754,45.));
#11114=CARTESIAN_POINT('Ctrl Pts',(67.5524310990363,41.0013641119003,45.));
#11115=CARTESIAN_POINT('Ctrl Pts',(67.6021741506038,41.1007351437952,45.));
#11116=CARTESIAN_POINT('Ctrl Pts',(67.7019615013365,41.3000790059005,45.));
#11117=CARTESIAN_POINT('Ctrl Pts',(67.8504198444315,41.4663892370067,45.));
#11118=CARTESIAN_POINT('Ctrl Pts',(67.9248731061011,41.5497953891754,45.));
#11119=CARTESIAN_POINT('',(68.4419267102271,41.9099591374397,45.));
#11120=CARTESIAN_POINT('Ctrl Pts',(67.9248731061011,41.5497953891754,45.));
#11121=CARTESIAN_POINT('Ctrl Pts',(68.0040719538358,41.6249392374035,45.));
#11122=CARTESIAN_POINT('Ctrl Pts',(68.1582566820273,41.7712296714907,45.));
#11123=CARTESIAN_POINT('Ctrl Pts',(68.3491083206909,41.8645660950647,45.));
#11124=CARTESIAN_POINT('Ctrl Pts',(68.4419267102271,41.9099591374397,45.));
#11125=CARTESIAN_POINT('',(69.3041365071326,42.0682127475739,45.));
#11126=CARTESIAN_POINT('Ctrl Pts',(68.4419267102271,41.9099591374397,45.));
#11127=CARTESIAN_POINT('Ctrl Pts',(68.5748408953945,41.9560880191951,45.));
#11128=CARTESIAN_POINT('Ctrl Pts',(68.8539296823747,42.0529479114456,45.));
#11129=CARTESIAN_POINT('Ctrl Pts',(69.1493881674526,42.0629658079087,45.));
#11130=CARTESIAN_POINT('Ctrl Pts',(69.3041365071326,42.0682127475739,45.));
#11131=CARTESIAN_POINT('',(70.71887063227,41.519781768322,45.));
#11132=CARTESIAN_POINT('Ctrl Pts',(69.3041365071326,42.0682127475739,45.));
#11133=CARTESIAN_POINT('Ctrl Pts',(69.5800623920938,42.0493911019333,45.));
#11134=CARTESIAN_POINT('Ctrl Pts',(70.1099741504933,42.0132443977602,45.));
#11135=CARTESIAN_POINT('Ctrl Pts',(70.5215858102773,41.6796655743914,45.));
#11136=CARTESIAN_POINT('Ctrl Pts',(70.71887063227,41.519781768322,45.));
#11137=CARTESIAN_POINT('',(71.2495665474921,39.9945430159569,45.));
#11138=CARTESIAN_POINT('Ctrl Pts',(70.71887063227,41.519781768322,45.));
#11139=CARTESIAN_POINT('Ctrl Pts',(70.873462470595,41.3092375294574,45.));
#11140=CARTESIAN_POINT('Ctrl Pts',(71.2053995888907,40.8571603132233,45.));
#11141=CARTESIAN_POINT('Ctrl Pts',(71.2341864721836,40.2949286303272,45.));
#11142=CARTESIAN_POINT('Ctrl Pts',(71.2495665474921,39.9945430159569,45.));
#11143=CARTESIAN_POINT('',(70.7229642792732,38.4788541197777,45.));
#11144=CARTESIAN_POINT('Ctrl Pts',(71.2495665474921,39.9945430159569,45.));
#11145=CARTESIAN_POINT('Ctrl Pts',(71.2341997257316,39.6964591430175,45.));
#11146=CARTESIAN_POINT('Ctrl Pts',(71.2054112078184,39.1380227239946,45.));
#11147=CARTESIAN_POINT('Ctrl Pts',(70.8763692365329,38.6884517471516,45.));
#11148=CARTESIAN_POINT('Ctrl Pts',(70.7229642792732,38.4788541197777,45.));
#11149=CARTESIAN_POINT('Ctrl Pts',(70.7229642792732,38.4788541197777,45.));
#11150=CARTESIAN_POINT('Ctrl Pts',(70.5269314278947,38.3193700303373,45.));
#11151=CARTESIAN_POINT('Ctrl Pts',(70.1176865097263,37.9864255637681,45.));
#11152=CARTESIAN_POINT('Ctrl Pts',(69.5899803634416,37.9505026386709,45.));
#11153=CARTESIAN_POINT('Ctrl Pts',(69.3150513096839,37.9317871928215,45.));
#11154=CARTESIAN_POINT('',(65.9289662762671,41.3233287334442,45.));
#11155=CARTESIAN_POINT('',(65.9289662762672,37.9999999403953,45.));
#11156=CARTESIAN_POINT('',(65.9289662762671,46.161664366722,45.));
#11157=CARTESIAN_POINT('',(65.1213263197929,37.9999999403953,45.));
#11158=CARTESIAN_POINT('',(71.2144831381336,37.9999999403954,45.));
#11159=CARTESIAN_POINT('',(65.1213263197928,41.3233287334442,45.));
#11160=CARTESIAN_POINT('',(65.1213263197928,44.4999999701976,45.));
#11161=CARTESIAN_POINT('',(63.9344232007056,41.3233287334442,45.));
#11162=CARTESIAN_POINT('',(70.8106631598965,41.3233287334442,45.));
#11163=CARTESIAN_POINT('',(63.9344232007056,42.,45.));
#11164=CARTESIAN_POINT('',(63.9344232007056,46.161664366722,45.));
#11165=CARTESIAN_POINT('',(67.1131400986701,42.,45.));
#11166=CARTESIAN_POINT('',(70.2172116003528,42.,45.));
#11167=CARTESIAN_POINT('',(67.1131400986701,41.3233287334442,45.));
#11168=CARTESIAN_POINT('',(67.11314009867,46.4999999999999,45.));
#11169=CARTESIAN_POINT('',(71.8065700493351,41.3233287334442,45.));
#11170=CARTESIAN_POINT('',(60.2591164632827,38.8512961268424,45.));
#11171=CARTESIAN_POINT('',(60.179989509204,39.8663027286529,45.));
#11172=CARTESIAN_POINT('Ctrl Pts',(60.2591164632827,38.8512961268424,45.));
#11173=CARTESIAN_POINT('Ctrl Pts',(60.2361781037895,38.9929064492345,45.));
#11174=CARTESIAN_POINT('Ctrl Pts',(60.1817654734403,39.328823676804,45.));
#11175=CARTESIAN_POINT('Ctrl Pts',(60.1806403323053,39.669337172556,45.));
#11176=CARTESIAN_POINT('Ctrl Pts',(60.179989509204,39.8663027286529,45.));
#11177=CARTESIAN_POINT('',(60.179989509204,41.9999999999999,45.));
#11178=CARTESIAN_POINT('',(60.1799895092039,45.4331513643263,45.));
#11179=CARTESIAN_POINT('',(60.9876291676551,42.,45.));
#11180=CARTESIAN_POINT('',(68.339994754602,42.,45.));
#11181=CARTESIAN_POINT('',(60.9876291676551,39.8335607051849,45.));
#11182=CARTESIAN_POINT('',(60.987629167655,46.4999999999999,45.));
#11183=CARTESIAN_POINT('',(61.0176430865318,39.1650749444961,45.));
#11184=CARTESIAN_POINT('Ctrl Pts',(60.9876291676551,39.8335607051849,45.));
#11185=CARTESIAN_POINT('Ctrl Pts',(60.9867853407586,39.6917215208898,45.));
#11186=CARTESIAN_POINT('Ctrl Pts',(60.9854559867464,39.4682698988782,45.));
#11187=CARTESIAN_POINT('Ctrl Pts',(61.009032214183,39.2461873487318,45.));
#11188=CARTESIAN_POINT('Ctrl Pts',(61.0176430865318,39.1650749444961,45.));
#11189=CARTESIAN_POINT('',(61.2645732089073,38.7708048224449,45.));
#11190=CARTESIAN_POINT('Ctrl Pts',(61.0176430865318,39.1650749444961,45.));
#11191=CARTESIAN_POINT('Ctrl Pts',(61.040685552697,39.0874137992159,45.));
#11192=CARTESIAN_POINT('Ctrl Pts',(61.0864822973938,38.9330628014649,45.));
#11193=CARTESIAN_POINT('Ctrl Pts',(61.2054591357152,38.8246634386217,45.));
#11194=CARTESIAN_POINT('Ctrl Pts',(61.2645732089073,38.7708048224449,45.));
#11195=CARTESIAN_POINT('',(61.7979978247672,38.6221007704734,45.));
#11196=CARTESIAN_POINT('Ctrl Pts',(61.2645732089073,38.7708048224449,45.));
#11197=CARTESIAN_POINT('Ctrl Pts',(61.3397422147666,38.7275175693939,45.));
#11198=CARTESIAN_POINT('Ctrl Pts',(61.5042609873849,38.6327768493253,45.));
#11199=CARTESIAN_POINT('Ctrl Pts',(61.6946162952047,38.6258582473063,45.));
#11200=CARTESIAN_POINT('Ctrl Pts',(61.7979978247672,38.6221007704734,45.));
#11201=CARTESIAN_POINT('',(62.3164151831657,38.7626193165779,45.));
#11202=CARTESIAN_POINT('Ctrl Pts',(61.7979978247672,38.6221007704734,45.));
#11203=CARTESIAN_POINT('Ctrl Pts',(61.9011429471341,38.6247536003102,45.));
#11204=CARTESIAN_POINT('Ctrl Pts',(62.086237026794,38.6295141075049,45.));
#11205=CARTESIAN_POINT('Ctrl Pts',(62.2457791534024,38.7217725930749,45.));
#11206=CARTESIAN_POINT('Ctrl Pts',(62.3164151831657,38.7626193165779,45.));
#11207=CARTESIAN_POINT('',(62.5265108271629,39.1077761054039,45.));
#11208=CARTESIAN_POINT('Ctrl Pts',(62.3164151831657,38.7626193165779,45.));
#11209=CARTESIAN_POINT('Ctrl Pts',(62.3686904790087,38.811385630247,45.));
#11210=CARTESIAN_POINT('Ctrl Pts',(62.4710896393987,38.9069112412359,45.));
#11211=CARTESIAN_POINT('Ctrl Pts',(62.5082976812482,39.0417655915949,45.));
#11212=CARTESIAN_POINT('Ctrl Pts',(62.5265108271629,39.1077761054039,45.));
#11213=CARTESIAN_POINT('',(62.5619809552222,39.7871757745742,45.));
#11214=CARTESIAN_POINT('Ctrl Pts',(62.5265108271629,39.1077761054039,45.));
#11215=CARTESIAN_POINT('Ctrl Pts',(62.536760582619,39.198416652816,45.));
#11216=CARTESIAN_POINT('Ctrl Pts',(62.5622773250115,39.4240660849921,45.));
#11217=CARTESIAN_POINT('Ctrl Pts',(62.5620918983306,39.6512492426329,45.));
#11218=CARTESIAN_POINT('Ctrl Pts',(62.5619809552222,39.7871757745742,45.));
#11219=CARTESIAN_POINT('',(62.5619809552222,42.,45.));
#11220=CARTESIAN_POINT('',(62.5619809552222,45.393587887287,45.));
#11221=CARTESIAN_POINT('',(63.369621507743,42.,45.));
#11222=CARTESIAN_POINT('',(69.5309904776112,42.,45.));
#11223=CARTESIAN_POINT('',(63.369621507743,39.8990450501442,45.));
#11224=CARTESIAN_POINT('',(63.3696215077429,46.4999999999999,45.));
#11225=CARTESIAN_POINT('',(63.3041368647605,38.8813094496727,45.));
#11226=CARTESIAN_POINT('Ctrl Pts',(63.369621507743,39.8990450501442,45.));
#11227=CARTESIAN_POINT('Ctrl Pts',(63.3699836300339,39.6937481061232,45.));
#11228=CARTESIAN_POINT('Ctrl Pts',(63.3705849532908,39.3528416497044,45.));
#11229=CARTESIAN_POINT('Ctrl Pts',(63.3230470240732,39.0155006539779,45.));
#11230=CARTESIAN_POINT('Ctrl Pts',(63.3041368647605,38.8813094496727,45.));
#11231=CARTESIAN_POINT('',(63.0626635476142,38.3792631030082,45.));
#11232=CARTESIAN_POINT('Ctrl Pts',(63.3041368647605,38.8813094496727,45.));
#11233=CARTESIAN_POINT('Ctrl Pts',(63.2786804171362,38.7871928668539,45.));
#11234=CARTESIAN_POINT('Ctrl Pts',(63.2293246065672,38.6047164938124,45.));
#11235=CARTESIAN_POINT('Ctrl Pts',(63.11703640547,38.4528168488461,45.));
#11236=CARTESIAN_POINT('Ctrl Pts',(63.0626635476142,38.3792631030082,45.));
#11237=CARTESIAN_POINT('',(62.5919948740989,38.0532060265541,45.));
#11238=CARTESIAN_POINT('Ctrl Pts',(63.0626635476142,38.3792631030082,45.));
#11239=CARTESIAN_POINT('Ctrl Pts',(62.9970911857867,38.3137283971687,45.));
#11240=CARTESIAN_POINT('Ctrl Pts',(62.8600243278158,38.176740252055,45.));
#11241=CARTESIAN_POINT('Ctrl Pts',(62.6838749389674,38.0955533600098,45.));
#11242=CARTESIAN_POINT('Ctrl Pts',(62.5919948740989,38.0532060265541,45.));
#11243=CARTESIAN_POINT('',(61.8225543423683,37.9317871928215,45.));
#11244=CARTESIAN_POINT('Ctrl Pts',(62.5919948740989,38.0532060265541,45.));
#11245=CARTESIAN_POINT('Ctrl Pts',(62.479594733732,38.017885930584,45.));
#11246=CARTESIAN_POINT('Ctrl Pts',(62.2295085454468,37.9393000129669,45.));
#11247=CARTESIAN_POINT('Ctrl Pts',(61.9670513193932,37.9344547652208,45.));
#11248=CARTESIAN_POINT('Ctrl Pts',(61.8225543423683,37.9317871928215,45.));
#11249=CARTESIAN_POINT('',(60.9535227938682,38.0641199350356,45.));
#11250=CARTESIAN_POINT('Ctrl Pts',(61.8225543423683,37.9317871928215,45.));
#11251=CARTESIAN_POINT('Ctrl Pts',(61.6530581224146,37.9333578719157,45.));
#11252=CARTESIAN_POINT('Ctrl Pts',(61.3564747352038,37.9361062360157,45.));
#11253=CARTESIAN_POINT('Ctrl Pts',(61.0743950617779,38.0257200552069,45.));
#11254=CARTESIAN_POINT('Ctrl Pts',(60.9535227938682,38.0641199350356,45.));
#11255=CARTESIAN_POINT('',(60.4855828209907,38.407912671566,45.));
#11256=CARTESIAN_POINT('Ctrl Pts',(60.9535227938682,38.0641199350356,45.));
#11257=CARTESIAN_POINT('Ctrl Pts',(60.8614532995668,38.1097991172737,45.));
#11258=CARTESIAN_POINT('Ctrl Pts',(60.685273494793,38.197208627557,45.));
#11259=CARTESIAN_POINT('Ctrl Pts',(60.5501109900918,38.339825635135,45.));
#11260=CARTESIAN_POINT('Ctrl Pts',(60.4855828209907,38.407912671566,45.));
#11261=CARTESIAN_POINT('Ctrl Pts',(60.4855828209907,38.407912671566,45.));
#11262=CARTESIAN_POINT('Ctrl Pts',(60.4335246496161,38.4778101383151,45.));
#11263=CARTESIAN_POINT('Ctrl Pts',(60.3329133908687,38.6128988655445,45.));
#11264=CARTESIAN_POINT('Ctrl Pts',(60.2831374090792,38.773697670118,45.));
#11265=CARTESIAN_POINT('Ctrl Pts',(60.2591164632827,38.8512961268424,45.));
#11266=CARTESIAN_POINT('',(69.,58.,45.));
#11267=CARTESIAN_POINT('',(69.,44.,45.));
#11268=CARTESIAN_POINT('',(69.,54.5,45.));
#11269=CARTESIAN_POINT('',(58.,44.,45.));
#11270=CARTESIAN_POINT('',(72.75,44.,45.));
#11271=CARTESIAN_POINT('',(58.,58.,45.));
#11272=CARTESIAN_POINT('',(58.,47.5,45.));
#11273=CARTESIAN_POINT('',(67.25,58.,45.));
#11274=CARTESIAN_POINT('',(69.4,80.4,45.));
#11275=CARTESIAN_POINT('',(69.4,89.6,45.));
#11276=CARTESIAN_POINT('',(69.4,65.7,45.));
#11277=CARTESIAN_POINT('',(83.6,89.6,45.));
#11278=CARTESIAN_POINT('',(72.95,89.6,45.));
#11279=CARTESIAN_POINT('',(83.6,80.4,45.));
#11280=CARTESIAN_POINT('',(83.6,70.3,45.));
#11281=CARTESIAN_POINT('',(80.05,80.4,45.));
#11282=CARTESIAN_POINT('',(93.15,51.,45.));
#11283=CARTESIAN_POINT('Origin',(86.5,51.,45.));
#11284=CARTESIAN_POINT('',(66.0750000000007,62.575,45.));
#11285=CARTESIAN_POINT('Origin',(63.5000000000007,62.575,45.));
#11286=CARTESIAN_POINT('Origin',(21.1538675212554,100.,42.));
#11287=CARTESIAN_POINT('',(21.1538675212554,102.,42.));
#11288=CARTESIAN_POINT('',(21.1538675212554,102.,42.));
#11289=CARTESIAN_POINT('Origin',(21.1538675212554,100.,42.));
#11290=CARTESIAN_POINT('Origin',(76.5,51.,42.));
#11291=CARTESIAN_POINT('',(131.846132478745,102.,42.));
#11292=CARTESIAN_POINT('',(133.5,102.,42.));
#11293=CARTESIAN_POINT('',(133.810556308973,100.375551614603,42.));
#11294=CARTESIAN_POINT('Origin',(131.846132478745,100.,42.));
#11295=CARTESIAN_POINT('',(152.54585042662,2.3755516146025,42.));
#11296=CARTESIAN_POINT('',(153.,0.,42.));
#11297=CARTESIAN_POINT('',(150.581426596392,0.,42.));
#11298=CARTESIAN_POINT('Origin',(150.581426596392,2.,42.));
#11299=CARTESIAN_POINT('',(122.188660850937,0.,42.));
#11300=CARTESIAN_POINT('',(121.,0.,42.));
#11301=CARTESIAN_POINT('',(120.431883314689,1.04410634057121,42.));
#11302=CARTESIAN_POINT('Origin',(122.188660850937,2.,42.));
#11303=CARTESIAN_POINT('',(102.5,34.,42.));
#11304=CARTESIAN_POINT('',(3.02321675451045,2.49999999999999,42.));
#11305=CARTESIAN_POINT('',(6.41857340360836,2.49999999999998,42.));
#11306=CARTESIAN_POINT('',(53.5070869681665,2.50000000000005,42.));
#11307=CARTESIAN_POINT('',(26.8113391490671,2.49999999999998,42.));
#11308=CARTESIAN_POINT('',(53.5070869681665,2.50000000000005,42.));
#11309=CARTESIAN_POINT('',(30.5141739363329,2.5,42.));
#11310=CARTESIAN_POINT('',(53.5070869681665,2.50000000000005,42.));
#11311=CARTESIAN_POINT('',(49.014173936329,36.5,42.));
#11312=CARTESIAN_POINT('',(55.1972288237935,47.8634522256128,42.));
#11313=CARTESIAN_POINT('',(53.3113391490633,36.4999999999999,42.));
#11314=CARTESIAN_POINT('',(90.2429130318374,36.5,42.));
#11315=CARTESIAN_POINT('',(99.6886608509407,36.4999999999999,42.));
#11316=CARTESIAN_POINT('',(90.2429130318374,36.5,42.));
#11317=CARTESIAN_POINT('',(103.985826063675,36.5,42.));
#11318=CARTESIAN_POINT('',(90.2429130318374,36.5,42.));
#11319=CARTESIAN_POINT('',(122.485826063671,2.5,42.));
#11320=CARTESIAN_POINT('',(107.052771176208,30.8634522256136,42.));
#11321=CARTESIAN_POINT('',(126.188660850933,2.49999999999999,42.));
#11322=CARTESIAN_POINT('',(113.238391622745,2.50000000000011,42.));
#11323=CARTESIAN_POINT('',(146.581426596392,2.49999999999999,42.));
#11324=CARTESIAN_POINT('',(113.238391622745,2.50000000000011,42.));
#11325=CARTESIAN_POINT('',(149.97678324549,2.5,42.));
#11326=CARTESIAN_POINT('',(113.238391622745,2.50000000000011,42.));
#11327=CARTESIAN_POINT('',(144.457046419797,31.3724695497763,42.));
#11328=CARTESIAN_POINT('',(134.936773621993,81.1708195690602,42.));
#11329=CARTESIAN_POINT('',(136.988300740225,70.4397546429225,42.));
#11330=CARTESIAN_POINT('',(134.936773621993,81.1708195690602,42.));
#11331=CARTESIAN_POINT('',(131.432665598431,99.5,42.));
#11332=CARTESIAN_POINT('',(134.936773621993,81.1708195690602,42.));
#11333=CARTESIAN_POINT('',(127.846132478744,99.5,42.));
#11334=CARTESIAN_POINT('',(49.0336672007846,99.5,42.));
#11335=CARTESIAN_POINT('',(84.4999999999999,99.5,42.));
#11336=CARTESIAN_POINT('',(49.0336672007846,99.5,42.));
#11337=CARTESIAN_POINT('',(68.5,99.5,42.));
#11338=CARTESIAN_POINT('',(49.0336672007846,99.5,42.));
#11339=CARTESIAN_POINT('',(25.1538675212554,99.5,42.));
#11340=CARTESIAN_POINT('',(49.0336672007846,99.5,42.));
#11341=CARTESIAN_POINT('',(21.5673344015693,99.5,42.));
#11342=CARTESIAN_POINT('',(49.0336672007846,99.5,42.));
#11343=CARTESIAN_POINT('',(16.011699259775,70.4397546429225,42.));
#11344=CARTESIAN_POINT('',(8.79116755447786,32.6708195690604,42.));
#11345=CARTESIAN_POINT('',(8.54295358020297,31.3724695497763,42.));
#11346=CARTESIAN_POINT('',(8.79116755447786,32.6708195690604,42.));
#11347=CARTESIAN_POINT('',(8.79116755447786,32.6708195690604,42.));
#11348=CARTESIAN_POINT('Origin',(133.5,102.,42.));
#11349=CARTESIAN_POINT('',(131.846132478745,102.,42.));
#11350=CARTESIAN_POINT('Origin',(131.846132478745,100.,42.));
#11351=CARTESIAN_POINT('',(133.810556308973,100.375551614603,42.));
#11352=CARTESIAN_POINT('Origin',(150.581426596392,2.,42.));
#11353=CARTESIAN_POINT('',(150.581426596392,0.,42.));
#11354=CARTESIAN_POINT('',(152.54585042662,2.3755516146025,42.));
#11355=CARTESIAN_POINT('Origin',(121.,0.,42.));
#11356=CARTESIAN_POINT('',(122.188660850937,0.,42.));
#11357=CARTESIAN_POINT('Origin',(122.188660850937,2.,42.));
#11358=CARTESIAN_POINT('',(120.431883314689,1.04410634057121,42.));
#11359=CARTESIAN_POINT('Origin',(102.5,34.,42.));
#11360=CARTESIAN_POINT('Origin',(63.5000000000007,62.575,45.));
#11361=CARTESIAN_POINT('',(66.0750000000007,62.575,43.));
#11362=CARTESIAN_POINT('',(66.0750000000007,62.575,45.));
#11363=CARTESIAN_POINT('Origin',(63.5000000000007,62.575,43.));
#11364=CARTESIAN_POINT('Origin',(86.5,51.,45.));
#11365=CARTESIAN_POINT('',(93.15,51.,43.));
#11366=CARTESIAN_POINT('',(93.15,51.,45.));
#11367=CARTESIAN_POINT('Origin',(86.5,51.,43.));
#11368=CARTESIAN_POINT('Origin',(69.4,80.4,45.));
#11369=CARTESIAN_POINT('',(69.4,89.6,43.));
#11370=CARTESIAN_POINT('',(69.4,80.4,43.));
#11371=CARTESIAN_POINT('',(69.4,65.7,43.));
#11372=CARTESIAN_POINT('',(69.4,89.6,45.));
#11373=CARTESIAN_POINT('',(69.4,80.4,45.));
#11374=CARTESIAN_POINT('Origin',(83.6,80.4,45.));
#11375=CARTESIAN_POINT('',(83.6,80.4,43.));
#11376=CARTESIAN_POINT('',(80.05,80.4,43.));
#11377=CARTESIAN_POINT('',(83.6,80.4,45.));
#11378=CARTESIAN_POINT('Origin',(83.6,89.6,45.));
#11379=CARTESIAN_POINT('',(83.6,89.6,43.));
#11380=CARTESIAN_POINT('',(83.6,70.3,43.));
#11381=CARTESIAN_POINT('',(83.6,89.6,45.));
#11382=CARTESIAN_POINT('Origin',(69.4,89.6,45.));
#11383=CARTESIAN_POINT('',(72.95,89.6,43.));
#11384=CARTESIAN_POINT('Origin',(57.7188711091071,41.0668484568595,45.));
#11385=CARTESIAN_POINT('',(57.7188711091071,41.0668484568595,45.));
#11386=CARTESIAN_POINT('',(57.1786254867107,39.5825372338294,45.));
#11387=CARTESIAN_POINT('',(60.4135881978708,48.4705156999192,45.));
#11388=CARTESIAN_POINT('',(57.7188711091071,41.0668484568595,44.6));
#11389=CARTESIAN_POINT('',(57.7188711091071,41.0668484568595,45.));
#11390=CARTESIAN_POINT('',(57.1786254867107,39.5825372338294,44.6));
#11391=CARTESIAN_POINT('',(57.7188711091071,41.0668484568595,44.6));
#11392=CARTESIAN_POINT('',(57.1786254867107,39.5825372338294,45.));
#11393=CARTESIAN_POINT('Origin',(58.2700307889968,39.5825372338294,45.));
#11394=CARTESIAN_POINT('',(58.2700307889968,39.5825372338294,45.));
#11395=CARTESIAN_POINT('',(57.5116021999044,41.6250379967338,45.));
#11396=CARTESIAN_POINT('',(58.2700307889968,39.5825372338294,44.6));
#11397=CARTESIAN_POINT('',(58.2700307889968,39.5825372338294,45.));
#11398=CARTESIAN_POINT('',(58.2700307889968,39.5825372338294,44.6));
#11399=CARTESIAN_POINT('Origin',(57.1786254867107,39.5825372338294,45.));
#11400=CARTESIAN_POINT('',(66.8393127433554,39.5825372338295,45.));
#11401=CARTESIAN_POINT('',(57.1786254867107,39.5825372338294,44.6));
#11402=CARTESIAN_POINT('Origin',(57.3014086707622,41.9999999999999,45.));
#11403=CARTESIAN_POINT('',(57.3014086707622,41.9999999999999,44.6));
#11404=CARTESIAN_POINT('',(57.3014086707622,41.9999999999999,45.));
#11405=CARTESIAN_POINT('',(58.1554331108123,41.9999999999999,44.6));
#11406=CARTESIAN_POINT('',(57.3014086707622,41.9999999999999,44.6));
#11407=CARTESIAN_POINT('',(58.1554331108123,41.9999999999999,45.));
#11408=CARTESIAN_POINT('Origin',(55.7434277459175,37.9999999403953,45.));
#11409=CARTESIAN_POINT('',(55.7434277459175,37.9999999403953,44.6));
#11410=CARTESIAN_POINT('',(55.7434277459175,37.9999999403953,45.));
#11411=CARTESIAN_POINT('',(55.7434277459175,37.9999999403953,44.6));
#11412=CARTESIAN_POINT('Origin',(56.6001808120996,37.9999999403953,45.));
#11413=CARTESIAN_POINT('',(56.6001808120996,37.9999999403953,44.6));
#11414=CARTESIAN_POINT('',(56.6001808120996,37.9999999403953,45.));
#11415=CARTESIAN_POINT('',(56.6001808120996,37.9999999403953,44.6));
#11416=CARTESIAN_POINT('Origin',(56.9303308650047,38.9085946679115,45.));
#11417=CARTESIAN_POINT('',(56.9303308650047,38.9085946679115,44.6));
#11418=CARTESIAN_POINT('',(56.9303308650047,38.9085946679115,45.));
#11419=CARTESIAN_POINT('',(56.9303308650047,38.9085946679115,44.6));
#11420=CARTESIAN_POINT('Origin',(58.529239468196,38.9085946679115,45.));
#11421=CARTESIAN_POINT('',(58.529239468196,38.9085946679115,44.6));
#11422=CARTESIAN_POINT('',(58.529239468196,38.9085946679115,45.));
#11423=CARTESIAN_POINT('',(58.529239468196,38.9085946679115,44.6));
#11424=CARTESIAN_POINT('Origin',(58.8784890099555,37.9999999403953,45.));
#11425=CARTESIAN_POINT('',(58.8784890099555,37.9999999403953,44.6));
#11426=CARTESIAN_POINT('',(58.8784890099555,37.9999999403953,45.));
#11427=CARTESIAN_POINT('',(58.8784890099555,37.9999999403953,44.6));
#11428=CARTESIAN_POINT('Origin',(59.7570701166183,37.9999999403953,45.));
#11429=CARTESIAN_POINT('',(59.7570701166183,37.9999999403953,44.6));
#11430=CARTESIAN_POINT('',(59.7570701166183,37.9999999403953,45.));
#11431=CARTESIAN_POINT('',(59.7570701166183,37.9999999403953,44.6));
#11432=CARTESIAN_POINT('Origin',(58.1554331108123,41.9999999999999,45.));
#11433=CARTESIAN_POINT('',(58.1554331108123,41.9999999999999,44.6));
#11434=CARTESIAN_POINT('Origin',(63.4964971467048,39.9999999701976,44.6));
#11435=CARTESIAN_POINT('Ctrl Pts',(69.3123226090461,41.3778988718987,45.));
#11436=CARTESIAN_POINT('Ctrl Pts',(69.3123226090461,41.3778988718987,44.6));
#11437=CARTESIAN_POINT('Ctrl Pts',(69.1552512847058,41.3650554890295,45.));
#11438=CARTESIAN_POINT('Ctrl Pts',(69.1552512847058,41.3650554890295,44.6));
#11439=CARTESIAN_POINT('Ctrl Pts',(68.8484919620235,41.339972441908,45.));
#11440=CARTESIAN_POINT('Ctrl Pts',(68.8484919620235,41.339972441908,44.6));
#11441=CARTESIAN_POINT('Ctrl Pts',(68.6192654235747,41.1353295003859,45.));
#11442=CARTESIAN_POINT('Ctrl Pts',(68.6192654235747,41.1353295003859,44.6));
#11443=CARTESIAN_POINT('Ctrl Pts',(68.5074107571631,41.0354707837105,45.));
#11444=CARTESIAN_POINT('Ctrl Pts',(68.5074107571631,41.0354707837105,44.6));
#11445=CARTESIAN_POINT('',(69.3123226090461,41.3778988718987,45.));
#11446=CARTESIAN_POINT('',(68.5074107571631,41.0354707837105,45.));
#11447=CARTESIAN_POINT('Ctrl Pts',(69.3123226090461,41.3778988718987,45.));
#11448=CARTESIAN_POINT('Ctrl Pts',(69.1552512847058,41.3650554890295,45.));
#11449=CARTESIAN_POINT('Ctrl Pts',(68.8484919620235,41.339972441908,45.));
#11450=CARTESIAN_POINT('Ctrl Pts',(68.6192654235747,41.1353295003859,45.));
#11451=CARTESIAN_POINT('Ctrl Pts',(68.5074107571631,41.0354707837105,45.));
#11452=CARTESIAN_POINT('',(69.3123226090461,41.3778988718987,44.6));
#11453=CARTESIAN_POINT('',(69.3123226090461,41.3778988718987,45.));
#11454=CARTESIAN_POINT('',(68.5074107571631,41.0354707837105,44.6));
#11455=CARTESIAN_POINT('Ctrl Pts',(69.3123226090461,41.3778988718987,44.6));
#11456=CARTESIAN_POINT('Ctrl Pts',(69.1552512847058,41.3650554890295,44.6));
#11457=CARTESIAN_POINT('Ctrl Pts',(68.8484919620235,41.339972441908,44.6));
#11458=CARTESIAN_POINT('Ctrl Pts',(68.6192654235747,41.1353295003859,44.6));
#11459=CARTESIAN_POINT('Ctrl Pts',(68.5074107571631,41.0354707837105,44.6));
#11460=CARTESIAN_POINT('',(68.5074107571631,41.0354707837105,45.));
#11461=CARTESIAN_POINT('Ctrl Pts',(70.1131408139258,41.039563536644,45.));
#11462=CARTESIAN_POINT('Ctrl Pts',(70.1131408139258,41.039563536644,44.6));
#11463=CARTESIAN_POINT('Ctrl Pts',(70.0022056348951,41.1382236832598,45.));
#11464=CARTESIAN_POINT('Ctrl Pts',(70.0022056348951,41.1382236832598,44.6));
#11465=CARTESIAN_POINT('Ctrl Pts',(69.7740176560506,41.3411625494109,45.));
#11466=CARTESIAN_POINT('Ctrl Pts',(69.7740176560506,41.3411625494109,44.6));
#11467=CARTESIAN_POINT('Ctrl Pts',(69.4690355400779,41.365429479364,45.));
#11468=CARTESIAN_POINT('Ctrl Pts',(69.4690355400779,41.365429479364,44.6));
#11469=CARTESIAN_POINT('Ctrl Pts',(69.3123226090461,41.3778988718987,45.));
#11470=CARTESIAN_POINT('Ctrl Pts',(69.3123226090461,41.3778988718987,44.6));
#11471=CARTESIAN_POINT('',(70.1131408139258,41.039563536644,45.));
#11472=CARTESIAN_POINT('Ctrl Pts',(70.1131408139258,41.039563536644,45.));
#11473=CARTESIAN_POINT('Ctrl Pts',(70.0022056348951,41.1382236832598,45.));
#11474=CARTESIAN_POINT('Ctrl Pts',(69.7740176560506,41.3411625494109,45.));
#11475=CARTESIAN_POINT('Ctrl Pts',(69.4690355400779,41.365429479364,45.));
#11476=CARTESIAN_POINT('Ctrl Pts',(69.3123226090461,41.3778988718987,45.));
#11477=CARTESIAN_POINT('',(70.1131408139258,41.039563536644,44.6));
#11478=CARTESIAN_POINT('',(70.1131408139258,41.039563536644,45.));
#11479=CARTESIAN_POINT('Ctrl Pts',(70.1131408139258,41.039563536644,44.6));
#11480=CARTESIAN_POINT('Ctrl Pts',(70.0022056348951,41.1382236832598,44.6));
#11481=CARTESIAN_POINT('Ctrl Pts',(69.7740176560506,41.3411625494109,44.6));
#11482=CARTESIAN_POINT('Ctrl Pts',(69.4690355400779,41.365429479364,44.6));
#11483=CARTESIAN_POINT('Ctrl Pts',(69.3123226090461,41.3778988718987,44.6));
#11484=CARTESIAN_POINT('Ctrl Pts',(70.414641372779,40.0136424303055,45.));
#11485=CARTESIAN_POINT('Ctrl Pts',(70.414641372779,40.0136424303055,44.6));
#11486=CARTESIAN_POINT('Ctrl Pts',(70.4088536982305,40.219855792078,45.));
#11487=CARTESIAN_POINT('Ctrl Pts',(70.4088536982305,40.219855792078,44.6));
#11488=CARTESIAN_POINT('Ctrl Pts',(70.3984550639062,40.5903564696624,45.));
#11489=CARTESIAN_POINT('Ctrl Pts',(70.3984550639062,40.5903564696624,44.6));
#11490=CARTESIAN_POINT('Ctrl Pts',(70.2007895885262,40.9015667525175,45.));
#11491=CARTESIAN_POINT('Ctrl Pts',(70.2007895885262,40.9015667525175,44.6));
#11492=CARTESIAN_POINT('Ctrl Pts',(70.1131408139258,41.039563536644,45.));
#11493=CARTESIAN_POINT('Ctrl Pts',(70.1131408139258,41.039563536644,44.6));
#11494=CARTESIAN_POINT('',(70.414641372779,40.0136424303055,45.));
#11495=CARTESIAN_POINT('Ctrl Pts',(70.414641372779,40.0136424303055,45.));
#11496=CARTESIAN_POINT('Ctrl Pts',(70.4088536982305,40.219855792078,45.));
#11497=CARTESIAN_POINT('Ctrl Pts',(70.3984550639062,40.5903564696624,45.));
#11498=CARTESIAN_POINT('Ctrl Pts',(70.2007895885262,40.9015667525175,45.));
#11499=CARTESIAN_POINT('Ctrl Pts',(70.1131408139258,41.039563536644,45.));
#11500=CARTESIAN_POINT('',(70.414641372779,40.0136424303055,44.6));
#11501=CARTESIAN_POINT('',(70.414641372779,40.0136424303055,45.));
#11502=CARTESIAN_POINT('Ctrl Pts',(70.414641372779,40.0136424303055,44.6));
#11503=CARTESIAN_POINT('Ctrl Pts',(70.4088536982305,40.219855792078,44.6));
#11504=CARTESIAN_POINT('Ctrl Pts',(70.3984550639062,40.5903564696624,44.6));
#11505=CARTESIAN_POINT('Ctrl Pts',(70.2007895885262,40.9015667525175,44.6));
#11506=CARTESIAN_POINT('Ctrl Pts',(70.1131408139258,41.039563536644,44.6));
#11507=CARTESIAN_POINT('Ctrl Pts',(70.1049559041053,38.9699862599373,45.));
#11508=CARTESIAN_POINT('Ctrl Pts',(70.1049559041053,38.9699862599373,44.6));
#11509=CARTESIAN_POINT('Ctrl Pts',(70.1950038927268,39.1109143804127,45.));
#11510=CARTESIAN_POINT('Ctrl Pts',(70.1950038927268,39.1109143804127,44.6));
#11511=CARTESIAN_POINT('Ctrl Pts',(70.3971469638881,39.4272750623337,45.));
#11512=CARTESIAN_POINT('Ctrl Pts',(70.3971469638881,39.4272750623337,44.6));
#11513=CARTESIAN_POINT('Ctrl Pts',(70.4084007645476,39.8044733725787,45.));
#11514=CARTESIAN_POINT('Ctrl Pts',(70.4084007645476,39.8044733725787,44.6));
#11515=CARTESIAN_POINT('Ctrl Pts',(70.414641372779,40.0136424303055,45.));
#11516=CARTESIAN_POINT('Ctrl Pts',(70.414641372779,40.0136424303055,44.6));
#11517=CARTESIAN_POINT('',(70.1049559041053,38.9699862599373,45.));
#11518=CARTESIAN_POINT('Ctrl Pts',(70.1049559041053,38.9699862599373,45.));
#11519=CARTESIAN_POINT('Ctrl Pts',(70.1950038927268,39.1109143804127,45.));
#11520=CARTESIAN_POINT('Ctrl Pts',(70.3971469638881,39.4272750623337,45.));
#11521=CARTESIAN_POINT('Ctrl Pts',(70.4084007645476,39.8044733725787,45.));
#11522=CARTESIAN_POINT('Ctrl Pts',(70.414641372779,40.0136424303055,45.));
#11523=CARTESIAN_POINT('',(70.1049559041053,38.9699862599373,44.6));
#11524=CARTESIAN_POINT('',(70.1049559041053,38.9699862599373,45.));
#11525=CARTESIAN_POINT('Ctrl Pts',(70.1049559041053,38.9699862599373,44.6));
#11526=CARTESIAN_POINT('Ctrl Pts',(70.1950038927268,39.1109143804127,44.6));
#11527=CARTESIAN_POINT('Ctrl Pts',(70.3971469638881,39.4272750623337,44.6));
#11528=CARTESIAN_POINT('Ctrl Pts',(70.4084007645476,39.8044733725787,44.6));
#11529=CARTESIAN_POINT('Ctrl Pts',(70.414641372779,40.0136424303055,44.6));
#11530=CARTESIAN_POINT('Ctrl Pts',(69.3123226090461,38.6221007704735,45.));
#11531=CARTESIAN_POINT('Ctrl Pts',(69.3123226090461,38.6221007704735,44.6));
#11532=CARTESIAN_POINT('Ctrl Pts',(69.4655382326779,38.6359858653399,45.));
#11533=CARTESIAN_POINT('Ctrl Pts',(69.4655382326779,38.6359858653399,44.6));
#11534=CARTESIAN_POINT('Ctrl Pts',(69.7688269309218,38.6634712630246,45.));
#11535=CARTESIAN_POINT('Ctrl Pts',(69.7688269309218,38.6634712630246,44.6));
#11536=CARTESIAN_POINT('Ctrl Pts',(69.9936895568038,38.8685228134018,45.));
#11537=CARTESIAN_POINT('Ctrl Pts',(69.9936895568038,38.8685228134018,44.6));
#11538=CARTESIAN_POINT('Ctrl Pts',(70.1049559041053,38.9699862599373,45.));
#11539=CARTESIAN_POINT('Ctrl Pts',(70.1049559041053,38.9699862599373,44.6));
#11540=CARTESIAN_POINT('',(69.3123226090461,38.6221007704735,45.));
#11541=CARTESIAN_POINT('Ctrl Pts',(69.3123226090461,38.6221007704735,45.));
#11542=CARTESIAN_POINT('Ctrl Pts',(69.4655382326779,38.6359858653399,45.));
#11543=CARTESIAN_POINT('Ctrl Pts',(69.7688269309218,38.6634712630246,45.));
#11544=CARTESIAN_POINT('Ctrl Pts',(69.9936895568038,38.8685228134018,45.));
#11545=CARTESIAN_POINT('Ctrl Pts',(70.1049559041053,38.9699862599373,45.));
#11546=CARTESIAN_POINT('',(69.3123226090461,38.6221007704735,44.6));
#11547=CARTESIAN_POINT('',(69.3123226090461,38.6221007704735,45.));
#11548=CARTESIAN_POINT('Ctrl Pts',(69.3123226090461,38.6221007704735,44.6));
#11549=CARTESIAN_POINT('Ctrl Pts',(69.4655382326779,38.6359858653399,44.6));
#11550=CARTESIAN_POINT('Ctrl Pts',(69.7688269309218,38.6634712630246,44.6));
#11551=CARTESIAN_POINT('Ctrl Pts',(69.9936895568038,38.8685228134018,44.6));
#11552=CARTESIAN_POINT('Ctrl Pts',(70.1049559041053,38.9699862599373,44.6));
#11553=CARTESIAN_POINT('Ctrl Pts',(68.5155968590766,38.9727149605751,45.));
#11554=CARTESIAN_POINT('Ctrl Pts',(68.5155968590766,38.9727149605751,44.6));
#11555=CARTESIAN_POINT('Ctrl Pts',(68.6278299126619,38.8704540229063,45.));
#11556=CARTESIAN_POINT('Ctrl Pts',(68.6278299126619,38.8704540229063,44.6));
#11557=CARTESIAN_POINT('Ctrl Pts',(68.8539802679364,38.6643975480468,45.));
#11558=CARTESIAN_POINT('Ctrl Pts',(68.8539802679364,38.6643975480468,44.6));
#11559=CARTESIAN_POINT('Ctrl Pts',(69.158785153543,38.6362695238749,45.));
#11560=CARTESIAN_POINT('Ctrl Pts',(69.158785153543,38.6362695238749,44.6));
#11561=CARTESIAN_POINT('Ctrl Pts',(69.3123226090461,38.6221007704735,45.));
#11562=CARTESIAN_POINT('Ctrl Pts',(69.3123226090461,38.6221007704735,44.6));
#11563=CARTESIAN_POINT('',(68.5155968590766,38.9727149605751,45.));
#11564=CARTESIAN_POINT('Ctrl Pts',(68.5155968590766,38.9727149605751,45.));
#11565=CARTESIAN_POINT('Ctrl Pts',(68.6278299126619,38.8704540229063,45.));
#11566=CARTESIAN_POINT('Ctrl Pts',(68.8539802679364,38.6643975480468,45.));
#11567=CARTESIAN_POINT('Ctrl Pts',(69.158785153543,38.6362695238749,45.));
#11568=CARTESIAN_POINT('Ctrl Pts',(69.3123226090461,38.6221007704735,45.));
#11569=CARTESIAN_POINT('',(68.5155968590766,38.9727149605751,44.6));
#11570=CARTESIAN_POINT('',(68.5155968590766,38.9727149605751,45.));
#11571=CARTESIAN_POINT('Ctrl Pts',(68.5155968590766,38.9727149605751,44.6));
#11572=CARTESIAN_POINT('Ctrl Pts',(68.6278299126619,38.8704540229063,44.6));
#11573=CARTESIAN_POINT('Ctrl Pts',(68.8539802679364,38.6643975480468,44.6));
#11574=CARTESIAN_POINT('Ctrl Pts',(69.158785153543,38.6362695238749,44.6));
#11575=CARTESIAN_POINT('Ctrl Pts',(69.3123226090461,38.6221007704735,44.6));
#11576=CARTESIAN_POINT('Ctrl Pts',(68.2018177433997,40.0027285218239,45.));
#11577=CARTESIAN_POINT('Ctrl Pts',(68.2018177433997,40.0027285218239,44.6));
#11578=CARTESIAN_POINT('Ctrl Pts',(68.2087787251486,39.7974231675746,45.));
#11579=CARTESIAN_POINT('Ctrl Pts',(68.2087787251486,39.7974231675746,44.6));
#11580=CARTESIAN_POINT('Ctrl Pts',(68.2214331477672,39.4241969744511,45.));
#11581=CARTESIAN_POINT('Ctrl Pts',(68.2214331477672,39.4241969744511,44.6));
#11582=CARTESIAN_POINT('Ctrl Pts',(68.4243162749679,39.1128122613527,45.));
#11583=CARTESIAN_POINT('Ctrl Pts',(68.4243162749679,39.1128122613527,44.6));
#11584=CARTESIAN_POINT('Ctrl Pts',(68.5155968590766,38.9727149605751,45.));
#11585=CARTESIAN_POINT('Ctrl Pts',(68.5155968590766,38.9727149605751,44.6));
#11586=CARTESIAN_POINT('',(68.2018177433997,40.0027285218239,45.));
#11587=CARTESIAN_POINT('Ctrl Pts',(68.2018177433997,40.0027285218239,45.));
#11588=CARTESIAN_POINT('Ctrl Pts',(68.2087787251486,39.7974231675746,45.));
#11589=CARTESIAN_POINT('Ctrl Pts',(68.2214331477672,39.4241969744511,45.));
#11590=CARTESIAN_POINT('Ctrl Pts',(68.4243162749679,39.1128122613527,45.));
#11591=CARTESIAN_POINT('Ctrl Pts',(68.5155968590766,38.9727149605751,45.));
#11592=CARTESIAN_POINT('',(68.2018177433997,40.0027285218239,44.6));
#11593=CARTESIAN_POINT('',(68.2018177433997,40.0027285218239,45.));
#11594=CARTESIAN_POINT('Ctrl Pts',(68.2018177433997,40.0027285218239,44.6));
#11595=CARTESIAN_POINT('Ctrl Pts',(68.2087787251486,39.7974231675746,44.6));
#11596=CARTESIAN_POINT('Ctrl Pts',(68.2214331477672,39.4241969744511,44.6));
#11597=CARTESIAN_POINT('Ctrl Pts',(68.4243162749679,39.1128122613527,44.6));
#11598=CARTESIAN_POINT('Ctrl Pts',(68.5155968590766,38.9727149605751,44.6));
#11599=CARTESIAN_POINT('Ctrl Pts',(68.5074107571631,41.0354707837105,45.));
#11600=CARTESIAN_POINT('Ctrl Pts',(68.5074107571631,41.0354707837105,44.6));
#11601=CARTESIAN_POINT('Ctrl Pts',(68.418561665882,40.8963001530354,45.));
#11602=CARTESIAN_POINT('Ctrl Pts',(68.418561665882,40.8963001530354,44.6));
#11603=CARTESIAN_POINT('Ctrl Pts',(68.2186991264693,40.5832412881973,45.));
#11604=CARTESIAN_POINT('Ctrl Pts',(68.2186991264693,40.5832412881973,44.6));
#11605=CARTESIAN_POINT('Ctrl Pts',(68.2078460653637,40.2100289453419,45.));
#11606=CARTESIAN_POINT('Ctrl Pts',(68.2078460653637,40.2100289453419,44.6));
#11607=CARTESIAN_POINT('Ctrl Pts',(68.2018177433997,40.0027285218239,45.));
#11608=CARTESIAN_POINT('Ctrl Pts',(68.2018177433997,40.0027285218239,44.6));
#11609=CARTESIAN_POINT('Ctrl Pts',(68.5074107571631,41.0354707837105,45.));
#11610=CARTESIAN_POINT('Ctrl Pts',(68.418561665882,40.8963001530354,45.));
#11611=CARTESIAN_POINT('Ctrl Pts',(68.2186991264693,40.5832412881973,45.));
#11612=CARTESIAN_POINT('Ctrl Pts',(68.2078460653637,40.2100289453419,45.));
#11613=CARTESIAN_POINT('Ctrl Pts',(68.2018177433997,40.0027285218239,45.));
#11614=CARTESIAN_POINT('Ctrl Pts',(68.5074107571631,41.0354707837105,44.6));
#11615=CARTESIAN_POINT('Ctrl Pts',(68.418561665882,40.8963001530354,44.6));
#11616=CARTESIAN_POINT('Ctrl Pts',(68.2186991264693,40.5832412881973,44.6));
#11617=CARTESIAN_POINT('Ctrl Pts',(68.2078460653637,40.2100289453419,44.6));
#11618=CARTESIAN_POINT('Ctrl Pts',(68.2018177433997,40.0027285218239,44.6));
#11619=CARTESIAN_POINT('Ctrl Pts',(69.3150513096839,37.9317871928215,45.));
#11620=CARTESIAN_POINT('Ctrl Pts',(69.3150513096839,37.9317871928215,44.6));
#11621=CARTESIAN_POINT('Ctrl Pts',(69.0373842115035,37.9499804659458,45.));
#11622=CARTESIAN_POINT('Ctrl Pts',(69.0373842115035,37.9499804659458,44.6));
#11623=CARTESIAN_POINT('Ctrl Pts',(68.5065323196739,37.9847628853245,45.));
#11624=CARTESIAN_POINT('Ctrl Pts',(68.5065323196739,37.9847628853245,44.6));
#11625=CARTESIAN_POINT('Ctrl Pts',(68.0933081112026,38.3174523314705,45.));
#11626=CARTESIAN_POINT('Ctrl Pts',(68.0933081112026,38.3174523314705,44.6));
#11627=CARTESIAN_POINT('Ctrl Pts',(67.8962247296363,38.4761254191398,45.));
#11628=CARTESIAN_POINT('Ctrl Pts',(67.8962247296363,38.4761254191398,44.6));
#11629=CARTESIAN_POINT('',(69.3150513096839,37.9317871928215,44.6));
#11630=CARTESIAN_POINT('',(69.3150513096839,37.9317871928215,45.));
#11631=CARTESIAN_POINT('',(67.8962247296363,38.4761254191398,44.6));
#11632=CARTESIAN_POINT('Ctrl Pts',(69.3150513096839,37.9317871928215,44.6));
#11633=CARTESIAN_POINT('Ctrl Pts',(69.0373842115035,37.9499804659458,44.6));
#11634=CARTESIAN_POINT('Ctrl Pts',(68.5065323196739,37.9847628853245,44.6));
#11635=CARTESIAN_POINT('Ctrl Pts',(68.0933081112026,38.3174523314705,44.6));
#11636=CARTESIAN_POINT('Ctrl Pts',(67.8962247296363,38.4761254191398,44.6));
#11637=CARTESIAN_POINT('',(67.8962247296363,38.4761254191398,45.));
#11638=CARTESIAN_POINT('Ctrl Pts',(70.7229642792732,38.4788541197777,45.));
#11639=CARTESIAN_POINT('Ctrl Pts',(70.7229642792732,38.4788541197777,44.6));
#11640=CARTESIAN_POINT('Ctrl Pts',(70.5269314278947,38.3193700303373,45.));
#11641=CARTESIAN_POINT('Ctrl Pts',(70.5269314278947,38.3193700303373,44.6));
#11642=CARTESIAN_POINT('Ctrl Pts',(70.1176865097263,37.9864255637681,45.));
#11643=CARTESIAN_POINT('Ctrl Pts',(70.1176865097263,37.9864255637681,44.6));
#11644=CARTESIAN_POINT('Ctrl Pts',(69.5899803634416,37.9505026386709,45.));
#11645=CARTESIAN_POINT('Ctrl Pts',(69.5899803634416,37.9505026386709,44.6));
#11646=CARTESIAN_POINT('Ctrl Pts',(69.3150513096839,37.9317871928215,45.));
#11647=CARTESIAN_POINT('Ctrl Pts',(69.3150513096839,37.9317871928215,44.6));
#11648=CARTESIAN_POINT('',(70.7229642792732,38.4788541197777,44.6));
#11649=CARTESIAN_POINT('',(70.7229642792732,38.4788541197777,45.));
#11650=CARTESIAN_POINT('Ctrl Pts',(70.7229642792732,38.4788541197777,44.6));
#11651=CARTESIAN_POINT('Ctrl Pts',(70.5269314278947,38.3193700303373,44.6));
#11652=CARTESIAN_POINT('Ctrl Pts',(70.1176865097263,37.9864255637681,44.6));
#11653=CARTESIAN_POINT('Ctrl Pts',(69.5899803634416,37.9505026386709,44.6));
#11654=CARTESIAN_POINT('Ctrl Pts',(69.3150513096839,37.9317871928215,44.6));
#11655=CARTESIAN_POINT('Ctrl Pts',(71.2495665474921,39.9945430159569,45.));
#11656=CARTESIAN_POINT('Ctrl Pts',(71.2495665474921,39.9945430159569,44.6));
#11657=CARTESIAN_POINT('Ctrl Pts',(71.2341997257316,39.6964591430175,45.));
#11658=CARTESIAN_POINT('Ctrl Pts',(71.2341997257316,39.6964591430175,44.6));
#11659=CARTESIAN_POINT('Ctrl Pts',(71.2054112078184,39.1380227239946,45.));
#11660=CARTESIAN_POINT('Ctrl Pts',(71.2054112078184,39.1380227239946,44.6));
#11661=CARTESIAN_POINT('Ctrl Pts',(70.8763692365329,38.6884517471516,45.));
#11662=CARTESIAN_POINT('Ctrl Pts',(70.8763692365329,38.6884517471516,44.6));
#11663=CARTESIAN_POINT('Ctrl Pts',(70.7229642792732,38.4788541197777,45.));
#11664=CARTESIAN_POINT('Ctrl Pts',(70.7229642792732,38.4788541197777,44.6));
#11665=CARTESIAN_POINT('',(71.2495665474921,39.9945430159569,44.6));
#11666=CARTESIAN_POINT('',(71.2495665474921,39.9945430159569,45.));
#11667=CARTESIAN_POINT('Ctrl Pts',(71.2495665474921,39.9945430159569,44.6));
#11668=CARTESIAN_POINT('Ctrl Pts',(71.2341997257316,39.6964591430175,44.6));
#11669=CARTESIAN_POINT('Ctrl Pts',(71.2054112078184,39.1380227239946,44.6));
#11670=CARTESIAN_POINT('Ctrl Pts',(70.8763692365329,38.6884517471516,44.6));
#11671=CARTESIAN_POINT('Ctrl Pts',(70.7229642792732,38.4788541197777,44.6));
#11672=CARTESIAN_POINT('Ctrl Pts',(70.71887063227,41.519781768322,45.));
#11673=CARTESIAN_POINT('Ctrl Pts',(70.71887063227,41.519781768322,44.6));
#11674=CARTESIAN_POINT('Ctrl Pts',(70.873462470595,41.3092375294574,45.));
#11675=CARTESIAN_POINT('Ctrl Pts',(70.873462470595,41.3092375294574,44.6));
#11676=CARTESIAN_POINT('Ctrl Pts',(71.2053995888907,40.8571603132233,45.));
#11677=CARTESIAN_POINT('Ctrl Pts',(71.2053995888907,40.8571603132233,44.6));
#11678=CARTESIAN_POINT('Ctrl Pts',(71.2341864721836,40.2949286303272,45.));
#11679=CARTESIAN_POINT('Ctrl Pts',(71.2341864721836,40.2949286303272,44.6));
#11680=CARTESIAN_POINT('Ctrl Pts',(71.2495665474921,39.9945430159569,45.));
#11681=CARTESIAN_POINT('Ctrl Pts',(71.2495665474921,39.9945430159569,44.6));
#11682=CARTESIAN_POINT('',(70.71887063227,41.519781768322,44.6));
#11683=CARTESIAN_POINT('',(70.71887063227,41.519781768322,45.));
#11684=CARTESIAN_POINT('Ctrl Pts',(70.71887063227,41.519781768322,44.6));
#11685=CARTESIAN_POINT('Ctrl Pts',(70.873462470595,41.3092375294574,44.6));
#11686=CARTESIAN_POINT('Ctrl Pts',(71.2053995888907,40.8571603132233,44.6));
#11687=CARTESIAN_POINT('Ctrl Pts',(71.2341864721836,40.2949286303272,44.6));
#11688=CARTESIAN_POINT('Ctrl Pts',(71.2495665474921,39.9945430159569,44.6));
#11689=CARTESIAN_POINT('Ctrl Pts',(69.3041365071326,42.0682127475739,45.));
#11690=CARTESIAN_POINT('Ctrl Pts',(69.3041365071326,42.0682127475739,44.6));
#11691=CARTESIAN_POINT('Ctrl Pts',(69.5800623920938,42.0493911019333,45.));
#11692=CARTESIAN_POINT('Ctrl Pts',(69.5800623920938,42.0493911019333,44.6));
#11693=CARTESIAN_POINT('Ctrl Pts',(70.1099741504933,42.0132443977602,45.));
#11694=CARTESIAN_POINT('Ctrl Pts',(70.1099741504933,42.0132443977602,44.6));
#11695=CARTESIAN_POINT('Ctrl Pts',(70.5215858102773,41.6796655743914,45.));
#11696=CARTESIAN_POINT('Ctrl Pts',(70.5215858102773,41.6796655743914,44.6));
#11697=CARTESIAN_POINT('Ctrl Pts',(70.71887063227,41.519781768322,45.));
#11698=CARTESIAN_POINT('Ctrl Pts',(70.71887063227,41.519781768322,44.6));
#11699=CARTESIAN_POINT('',(69.3041365071326,42.0682127475739,44.6));
#11700=CARTESIAN_POINT('',(69.3041365071326,42.0682127475739,45.));
#11701=CARTESIAN_POINT('Ctrl Pts',(69.3041365071326,42.0682127475739,44.6));
#11702=CARTESIAN_POINT('Ctrl Pts',(69.5800623920938,42.0493911019333,44.6));
#11703=CARTESIAN_POINT('Ctrl Pts',(70.1099741504933,42.0132443977602,44.6));
#11704=CARTESIAN_POINT('Ctrl Pts',(70.5215858102773,41.6796655743914,44.6));
#11705=CARTESIAN_POINT('Ctrl Pts',(70.71887063227,41.519781768322,44.6));
#11706=CARTESIAN_POINT('Ctrl Pts',(68.4419267102271,41.9099591374397,45.));
#11707=CARTESIAN_POINT('Ctrl Pts',(68.4419267102271,41.9099591374397,44.6));
#11708=CARTESIAN_POINT('Ctrl Pts',(68.5748408953945,41.9560880191951,45.));
#11709=CARTESIAN_POINT('Ctrl Pts',(68.5748408953945,41.9560880191951,44.6));
#11710=CARTESIAN_POINT('Ctrl Pts',(68.8539296823747,42.0529479114456,45.));
#11711=CARTESIAN_POINT('Ctrl Pts',(68.8539296823747,42.0529479114456,44.6));
#11712=CARTESIAN_POINT('Ctrl Pts',(69.1493881674526,42.0629658079087,45.));
#11713=CARTESIAN_POINT('Ctrl Pts',(69.1493881674526,42.0629658079087,44.6));
#11714=CARTESIAN_POINT('Ctrl Pts',(69.3041365071326,42.0682127475739,45.));
#11715=CARTESIAN_POINT('Ctrl Pts',(69.3041365071326,42.0682127475739,44.6));
#11716=CARTESIAN_POINT('',(68.4419267102271,41.9099591374397,44.6));
#11717=CARTESIAN_POINT('',(68.4419267102271,41.9099591374397,45.));
#11718=CARTESIAN_POINT('Ctrl Pts',(68.4419267102271,41.9099591374397,44.6));
#11719=CARTESIAN_POINT('Ctrl Pts',(68.5748408953945,41.9560880191951,44.6));
#11720=CARTESIAN_POINT('Ctrl Pts',(68.8539296823747,42.0529479114456,44.6));
#11721=CARTESIAN_POINT('Ctrl Pts',(69.1493881674526,42.0629658079087,44.6));
#11722=CARTESIAN_POINT('Ctrl Pts',(69.3041365071326,42.0682127475739,44.6));
#11723=CARTESIAN_POINT('Ctrl Pts',(67.9248731061011,41.5497953891754,45.));
#11724=CARTESIAN_POINT('Ctrl Pts',(67.9248731061011,41.5497953891754,44.6));
#11725=CARTESIAN_POINT('Ctrl Pts',(68.0040719538358,41.6249392374035,45.));
#11726=CARTESIAN_POINT('Ctrl Pts',(68.0040719538358,41.6249392374035,44.6));
#11727=CARTESIAN_POINT('Ctrl Pts',(68.1582566820273,41.7712296714907,45.));
#11728=CARTESIAN_POINT('Ctrl Pts',(68.1582566820273,41.7712296714907,44.6));
#11729=CARTESIAN_POINT('Ctrl Pts',(68.3491083206909,41.8645660950647,45.));
#11730=CARTESIAN_POINT('Ctrl Pts',(68.3491083206909,41.8645660950647,44.6));
#11731=CARTESIAN_POINT('Ctrl Pts',(68.4419267102271,41.9099591374397,45.));
#11732=CARTESIAN_POINT('Ctrl Pts',(68.4419267102271,41.9099591374397,44.6));
#11733=CARTESIAN_POINT('',(67.9248731061011,41.5497953891754,44.6));
#11734=CARTESIAN_POINT('',(67.9248731061011,41.5497953891754,45.));
#11735=CARTESIAN_POINT('Ctrl Pts',(67.9248731061011,41.5497953891754,44.6));
#11736=CARTESIAN_POINT('Ctrl Pts',(68.0040719538358,41.6249392374035,44.6));
#11737=CARTESIAN_POINT('Ctrl Pts',(68.1582566820273,41.7712296714907,44.6));
#11738=CARTESIAN_POINT('Ctrl Pts',(68.3491083206909,41.8645660950647,44.6));
#11739=CARTESIAN_POINT('Ctrl Pts',(68.4419267102271,41.9099591374397,44.6));
#11740=CARTESIAN_POINT('Ctrl Pts',(67.5524310990363,41.0013641119003,45.));
#11741=CARTESIAN_POINT('Ctrl Pts',(67.5524310990363,41.0013641119003,44.6));
#11742=CARTESIAN_POINT('Ctrl Pts',(67.6021741506038,41.1007351437952,45.));
#11743=CARTESIAN_POINT('Ctrl Pts',(67.6021741506038,41.1007351437952,44.6));
#11744=CARTESIAN_POINT('Ctrl Pts',(67.7019615013365,41.3000790059005,45.));
#11745=CARTESIAN_POINT('Ctrl Pts',(67.7019615013365,41.3000790059005,44.6));
#11746=CARTESIAN_POINT('Ctrl Pts',(67.8504198444315,41.4663892370067,45.));
#11747=CARTESIAN_POINT('Ctrl Pts',(67.8504198444315,41.4663892370067,44.6));
#11748=CARTESIAN_POINT('Ctrl Pts',(67.9248731061011,41.5497953891754,45.));
#11749=CARTESIAN_POINT('Ctrl Pts',(67.9248731061011,41.5497953891754,44.6));
#11750=CARTESIAN_POINT('',(67.5524310990363,41.0013641119003,44.6));
#11751=CARTESIAN_POINT('',(67.5524310990363,41.0013641119003,45.));
#11752=CARTESIAN_POINT('Ctrl Pts',(67.5524310990363,41.0013641119003,44.6));
#11753=CARTESIAN_POINT('Ctrl Pts',(67.6021741506038,41.1007351437952,44.6));
#11754=CARTESIAN_POINT('Ctrl Pts',(67.7019615013365,41.3000790059005,44.6));
#11755=CARTESIAN_POINT('Ctrl Pts',(67.8504198444315,41.4663892370067,44.6));
#11756=CARTESIAN_POINT('Ctrl Pts',(67.9248731061011,41.5497953891754,44.6));
#11757=CARTESIAN_POINT('Ctrl Pts',(67.3696212693244,39.975443303585,45.));
#11758=CARTESIAN_POINT('Ctrl Pts',(67.3696212693244,39.975443303585,44.6));
#11759=CARTESIAN_POINT('Ctrl Pts',(67.3746142601464,40.1647099354116,45.));
#11760=CARTESIAN_POINT('Ctrl Pts',(67.3746142601464,40.1647099354116,44.6));
#11761=CARTESIAN_POINT('Ctrl Pts',(67.3838897835613,40.5163122390667,45.));
#11762=CARTESIAN_POINT('Ctrl Pts',(67.3838897835613,40.5163122390667,44.6));
#11763=CARTESIAN_POINT('Ctrl Pts',(67.499194582212,40.8481525855988,45.));
#11764=CARTESIAN_POINT('Ctrl Pts',(67.499194582212,40.8481525855988,44.6));
#11765=CARTESIAN_POINT('Ctrl Pts',(67.5524310990363,41.0013641119003,45.));
#11766=CARTESIAN_POINT('Ctrl Pts',(67.5524310990363,41.0013641119003,44.6));
#11767=CARTESIAN_POINT('',(67.3696212693244,39.975443303585,44.6));
#11768=CARTESIAN_POINT('',(67.3696212693244,39.975443303585,45.));
#11769=CARTESIAN_POINT('Ctrl Pts',(67.3696212693244,39.975443303585,44.6));
#11770=CARTESIAN_POINT('Ctrl Pts',(67.3746142601464,40.1647099354116,44.6));
#11771=CARTESIAN_POINT('Ctrl Pts',(67.3838897835613,40.5163122390667,44.6));
#11772=CARTESIAN_POINT('Ctrl Pts',(67.499194582212,40.8481525855988,44.6));
#11773=CARTESIAN_POINT('Ctrl Pts',(67.5524310990363,41.0013641119003,44.6));
#11774=CARTESIAN_POINT('Ctrl Pts',(67.8962247296363,38.4761254191398,45.));
#11775=CARTESIAN_POINT('Ctrl Pts',(67.8962247296363,38.4761254191398,44.6));
#11776=CARTESIAN_POINT('Ctrl Pts',(67.7428027705752,38.6838284889062,45.));
#11777=CARTESIAN_POINT('Ctrl Pts',(67.7428027705752,38.6838284889062,44.6));
#11778=CARTESIAN_POINT('Ctrl Pts',(67.4148272712243,39.1278426211737,45.));
#11779=CARTESIAN_POINT('Ctrl Pts',(67.4148272712243,39.1278426211737,44.6));
#11780=CARTESIAN_POINT('Ctrl Pts',(67.3853235811343,39.6810290743642,45.));
#11781=CARTESIAN_POINT('Ctrl Pts',(67.3853235811343,39.6810290743642,44.6));
#11782=CARTESIAN_POINT('Ctrl Pts',(67.3696212693244,39.975443303585,45.));
#11783=CARTESIAN_POINT('Ctrl Pts',(67.3696212693244,39.975443303585,44.6));
#11784=CARTESIAN_POINT('Ctrl Pts',(67.8962247296363,38.4761254191398,44.6));
#11785=CARTESIAN_POINT('Ctrl Pts',(67.7428027705752,38.6838284889062,44.6));
#11786=CARTESIAN_POINT('Ctrl Pts',(67.4148272712243,39.1278426211737,44.6));
#11787=CARTESIAN_POINT('Ctrl Pts',(67.3853235811343,39.6810290743642,44.6));
#11788=CARTESIAN_POINT('Ctrl Pts',(67.3696212693244,39.975443303585,44.6));
#11789=CARTESIAN_POINT('Origin',(63.4964971467048,39.9999999701976,44.6));
#11790=CARTESIAN_POINT('Origin',(65.9289662762671,41.3233287334442,45.));
#11791=CARTESIAN_POINT('',(65.9289662762671,41.3233287334442,44.6));
#11792=CARTESIAN_POINT('',(65.9289662762671,41.3233287334442,45.));
#11793=CARTESIAN_POINT('',(65.9289662762672,37.9999999403953,44.6));
#11794=CARTESIAN_POINT('',(65.9289662762671,41.3233287334442,44.6));
#11795=CARTESIAN_POINT('',(65.9289662762672,37.9999999403953,45.));
#11796=CARTESIAN_POINT('Origin',(67.1131400986701,41.3233287334442,45.));
#11797=CARTESIAN_POINT('',(67.1131400986701,41.3233287334442,44.6));
#11798=CARTESIAN_POINT('',(67.1131400986701,41.3233287334442,45.));
#11799=CARTESIAN_POINT('',(67.1131400986701,41.3233287334442,44.6));
#11800=CARTESIAN_POINT('Origin',(67.1131400986701,42.,45.));
#11801=CARTESIAN_POINT('',(67.1131400986701,42.,44.6));
#11802=CARTESIAN_POINT('',(67.1131400986701,42.,45.));
#11803=CARTESIAN_POINT('',(67.1131400986701,42.,44.6));
#11804=CARTESIAN_POINT('Origin',(63.9344232007056,42.,45.));
#11805=CARTESIAN_POINT('',(63.9344232007056,42.,44.6));
#11806=CARTESIAN_POINT('',(63.9344232007056,42.,45.));
#11807=CARTESIAN_POINT('',(63.9344232007056,42.,44.6));
#11808=CARTESIAN_POINT('Origin',(63.9344232007056,41.3233287334442,45.));
#11809=CARTESIAN_POINT('',(63.9344232007056,41.3233287334442,44.6));
#11810=CARTESIAN_POINT('',(63.9344232007056,41.3233287334442,45.));
#11811=CARTESIAN_POINT('',(63.9344232007056,41.3233287334442,44.6));
#11812=CARTESIAN_POINT('Origin',(65.1213263197928,41.3233287334442,45.));
#11813=CARTESIAN_POINT('',(65.1213263197928,41.3233287334442,44.6));
#11814=CARTESIAN_POINT('',(65.1213263197928,41.3233287334442,45.));
#11815=CARTESIAN_POINT('',(65.1213263197928,41.3233287334442,44.6));
#11816=CARTESIAN_POINT('Origin',(65.1213263197929,37.9999999403953,45.));
#11817=CARTESIAN_POINT('',(65.1213263197929,37.9999999403953,44.6));
#11818=CARTESIAN_POINT('',(65.1213263197929,37.9999999403953,45.));
#11819=CARTESIAN_POINT('',(65.1213263197929,37.9999999403953,44.6));
#11820=CARTESIAN_POINT('Origin',(65.9289662762672,37.9999999403953,45.));
#11821=CARTESIAN_POINT('',(65.9289662762672,37.9999999403953,44.6));
#11822=CARTESIAN_POINT('Origin',(63.4964971467048,39.9999999701976,44.6));
#11823=CARTESIAN_POINT('Ctrl Pts',(60.2591164632827,38.8512961268424,45.));
#11824=CARTESIAN_POINT('Ctrl Pts',(60.2591164632827,38.8512961268424,44.6));
#11825=CARTESIAN_POINT('Ctrl Pts',(60.2361781037895,38.9929064492345,45.));
#11826=CARTESIAN_POINT('Ctrl Pts',(60.2361781037895,38.9929064492345,44.6));
#11827=CARTESIAN_POINT('Ctrl Pts',(60.1817654734403,39.328823676804,45.));
#11828=CARTESIAN_POINT('Ctrl Pts',(60.1817654734403,39.328823676804,44.6));
#11829=CARTESIAN_POINT('Ctrl Pts',(60.1806403323053,39.669337172556,45.));
#11830=CARTESIAN_POINT('Ctrl Pts',(60.1806403323053,39.669337172556,44.6));
#11831=CARTESIAN_POINT('Ctrl Pts',(60.179989509204,39.8663027286529,45.));
#11832=CARTESIAN_POINT('Ctrl Pts',(60.179989509204,39.8663027286529,44.6));
#11833=CARTESIAN_POINT('',(60.2591164632827,38.8512961268424,44.6));
#11834=CARTESIAN_POINT('',(60.2591164632827,38.8512961268424,45.));
#11835=CARTESIAN_POINT('',(60.179989509204,39.8663027286529,44.6));
#11836=CARTESIAN_POINT('Ctrl Pts',(60.2591164632827,38.8512961268424,44.6));
#11837=CARTESIAN_POINT('Ctrl Pts',(60.2361781037895,38.9929064492345,44.6));
#11838=CARTESIAN_POINT('Ctrl Pts',(60.1817654734403,39.328823676804,44.6));
#11839=CARTESIAN_POINT('Ctrl Pts',(60.1806403323053,39.669337172556,44.6));
#11840=CARTESIAN_POINT('Ctrl Pts',(60.179989509204,39.8663027286529,44.6));
#11841=CARTESIAN_POINT('',(60.179989509204,39.8663027286529,45.));
#11842=CARTESIAN_POINT('Ctrl Pts',(60.4855828209907,38.407912671566,45.));
#11843=CARTESIAN_POINT('Ctrl Pts',(60.4855828209907,38.407912671566,44.6));
#11844=CARTESIAN_POINT('Ctrl Pts',(60.4335246496161,38.4778101383151,45.));
#11845=CARTESIAN_POINT('Ctrl Pts',(60.4335246496161,38.4778101383151,44.6));
#11846=CARTESIAN_POINT('Ctrl Pts',(60.3329133908687,38.6128988655445,45.));
#11847=CARTESIAN_POINT('Ctrl Pts',(60.3329133908687,38.6128988655445,44.6));
#11848=CARTESIAN_POINT('Ctrl Pts',(60.2831374090792,38.773697670118,45.));
#11849=CARTESIAN_POINT('Ctrl Pts',(60.2831374090792,38.773697670118,44.6));
#11850=CARTESIAN_POINT('Ctrl Pts',(60.2591164632827,38.8512961268424,45.));
#11851=CARTESIAN_POINT('Ctrl Pts',(60.2591164632827,38.8512961268424,44.6));
#11852=CARTESIAN_POINT('',(60.4855828209907,38.407912671566,44.6));
#11853=CARTESIAN_POINT('',(60.4855828209907,38.407912671566,45.));
#11854=CARTESIAN_POINT('Ctrl Pts',(60.4855828209907,38.407912671566,44.6));
#11855=CARTESIAN_POINT('Ctrl Pts',(60.4335246496161,38.4778101383151,44.6));
#11856=CARTESIAN_POINT('Ctrl Pts',(60.3329133908687,38.6128988655445,44.6));
#11857=CARTESIAN_POINT('Ctrl Pts',(60.2831374090792,38.773697670118,44.6));
#11858=CARTESIAN_POINT('Ctrl Pts',(60.2591164632827,38.8512961268424,44.6));
#11859=CARTESIAN_POINT('Ctrl Pts',(60.9535227938682,38.0641199350356,45.));
#11860=CARTESIAN_POINT('Ctrl Pts',(60.9535227938682,38.0641199350356,44.6));
#11861=CARTESIAN_POINT('Ctrl Pts',(60.8614532995668,38.1097991172737,45.));
#11862=CARTESIAN_POINT('Ctrl Pts',(60.8614532995668,38.1097991172737,44.6));
#11863=CARTESIAN_POINT('Ctrl Pts',(60.685273494793,38.197208627557,45.));
#11864=CARTESIAN_POINT('Ctrl Pts',(60.685273494793,38.197208627557,44.6));
#11865=CARTESIAN_POINT('Ctrl Pts',(60.5501109900918,38.339825635135,45.));
#11866=CARTESIAN_POINT('Ctrl Pts',(60.5501109900918,38.339825635135,44.6));
#11867=CARTESIAN_POINT('Ctrl Pts',(60.4855828209907,38.407912671566,45.));
#11868=CARTESIAN_POINT('Ctrl Pts',(60.4855828209907,38.407912671566,44.6));
#11869=CARTESIAN_POINT('',(60.9535227938682,38.0641199350356,44.6));
#11870=CARTESIAN_POINT('',(60.9535227938682,38.0641199350356,45.));
#11871=CARTESIAN_POINT('Ctrl Pts',(60.9535227938682,38.0641199350356,44.6));
#11872=CARTESIAN_POINT('Ctrl Pts',(60.8614532995668,38.1097991172737,44.6));
#11873=CARTESIAN_POINT('Ctrl Pts',(60.685273494793,38.197208627557,44.6));
#11874=CARTESIAN_POINT('Ctrl Pts',(60.5501109900918,38.339825635135,44.6));
#11875=CARTESIAN_POINT('Ctrl Pts',(60.4855828209907,38.407912671566,44.6));
#11876=CARTESIAN_POINT('Ctrl Pts',(61.8225543423683,37.9317871928215,45.));
#11877=CARTESIAN_POINT('Ctrl Pts',(61.8225543423683,37.9317871928215,44.6));
#11878=CARTESIAN_POINT('Ctrl Pts',(61.6530581224146,37.9333578719157,45.));
#11879=CARTESIAN_POINT('Ctrl Pts',(61.6530581224146,37.9333578719157,44.6));
#11880=CARTESIAN_POINT('Ctrl Pts',(61.3564747352038,37.9361062360157,45.));
#11881=CARTESIAN_POINT('Ctrl Pts',(61.3564747352038,37.9361062360157,44.6));
#11882=CARTESIAN_POINT('Ctrl Pts',(61.0743950617779,38.0257200552069,45.));
#11883=CARTESIAN_POINT('Ctrl Pts',(61.0743950617779,38.0257200552069,44.6));
#11884=CARTESIAN_POINT('Ctrl Pts',(60.9535227938682,38.0641199350356,45.));
#11885=CARTESIAN_POINT('Ctrl Pts',(60.9535227938682,38.0641199350356,44.6));
#11886=CARTESIAN_POINT('',(61.8225543423683,37.9317871928215,44.6));
#11887=CARTESIAN_POINT('',(61.8225543423683,37.9317871928215,45.));
#11888=CARTESIAN_POINT('Ctrl Pts',(61.8225543423683,37.9317871928215,44.6));
#11889=CARTESIAN_POINT('Ctrl Pts',(61.6530581224146,37.9333578719157,44.6));
#11890=CARTESIAN_POINT('Ctrl Pts',(61.3564747352038,37.9361062360157,44.6));
#11891=CARTESIAN_POINT('Ctrl Pts',(61.0743950617779,38.0257200552069,44.6));
#11892=CARTESIAN_POINT('Ctrl Pts',(60.9535227938682,38.0641199350356,44.6));
#11893=CARTESIAN_POINT('Ctrl Pts',(62.5919948740989,38.0532060265541,45.));
#11894=CARTESIAN_POINT('Ctrl Pts',(62.5919948740989,38.0532060265541,44.6));
#11895=CARTESIAN_POINT('Ctrl Pts',(62.479594733732,38.017885930584,45.));
#11896=CARTESIAN_POINT('Ctrl Pts',(62.479594733732,38.017885930584,44.6));
#11897=CARTESIAN_POINT('Ctrl Pts',(62.2295085454468,37.9393000129669,45.));
#11898=CARTESIAN_POINT('Ctrl Pts',(62.2295085454468,37.9393000129669,44.6));
#11899=CARTESIAN_POINT('Ctrl Pts',(61.9670513193932,37.9344547652208,45.));
#11900=CARTESIAN_POINT('Ctrl Pts',(61.9670513193932,37.9344547652208,44.6));
#11901=CARTESIAN_POINT('Ctrl Pts',(61.8225543423683,37.9317871928215,45.));
#11902=CARTESIAN_POINT('Ctrl Pts',(61.8225543423683,37.9317871928215,44.6));
#11903=CARTESIAN_POINT('',(62.5919948740989,38.0532060265541,44.6));
#11904=CARTESIAN_POINT('',(62.5919948740989,38.0532060265541,45.));
#11905=CARTESIAN_POINT('Ctrl Pts',(62.5919948740989,38.0532060265541,44.6));
#11906=CARTESIAN_POINT('Ctrl Pts',(62.479594733732,38.017885930584,44.6));
#11907=CARTESIAN_POINT('Ctrl Pts',(62.2295085454468,37.9393000129669,44.6));
#11908=CARTESIAN_POINT('Ctrl Pts',(61.9670513193932,37.9344547652208,44.6));
#11909=CARTESIAN_POINT('Ctrl Pts',(61.8225543423683,37.9317871928215,44.6));
#11910=CARTESIAN_POINT('Ctrl Pts',(63.0626635476142,38.3792631030082,45.));
#11911=CARTESIAN_POINT('Ctrl Pts',(63.0626635476142,38.3792631030082,44.6));
#11912=CARTESIAN_POINT('Ctrl Pts',(62.9970911857867,38.3137283971687,45.));
#11913=CARTESIAN_POINT('Ctrl Pts',(62.9970911857867,38.3137283971687,44.6));
#11914=CARTESIAN_POINT('Ctrl Pts',(62.8600243278158,38.176740252055,45.));
#11915=CARTESIAN_POINT('Ctrl Pts',(62.8600243278158,38.176740252055,44.6));
#11916=CARTESIAN_POINT('Ctrl Pts',(62.6838749389674,38.0955533600098,45.));
#11917=CARTESIAN_POINT('Ctrl Pts',(62.6838749389674,38.0955533600098,44.6));
#11918=CARTESIAN_POINT('Ctrl Pts',(62.5919948740989,38.0532060265541,45.));
#11919=CARTESIAN_POINT('Ctrl Pts',(62.5919948740989,38.0532060265541,44.6));
#11920=CARTESIAN_POINT('',(63.0626635476142,38.3792631030082,44.6));
#11921=CARTESIAN_POINT('',(63.0626635476142,38.3792631030082,45.));
#11922=CARTESIAN_POINT('Ctrl Pts',(63.0626635476142,38.3792631030082,44.6));
#11923=CARTESIAN_POINT('Ctrl Pts',(62.9970911857867,38.3137283971687,44.6));
#11924=CARTESIAN_POINT('Ctrl Pts',(62.8600243278158,38.176740252055,44.6));
#11925=CARTESIAN_POINT('Ctrl Pts',(62.6838749389674,38.0955533600098,44.6));
#11926=CARTESIAN_POINT('Ctrl Pts',(62.5919948740989,38.0532060265541,44.6));
#11927=CARTESIAN_POINT('Ctrl Pts',(63.3041368647605,38.8813094496727,45.));
#11928=CARTESIAN_POINT('Ctrl Pts',(63.3041368647605,38.8813094496727,44.6));
#11929=CARTESIAN_POINT('Ctrl Pts',(63.2786804171362,38.7871928668539,45.));
#11930=CARTESIAN_POINT('Ctrl Pts',(63.2786804171362,38.7871928668539,44.6));
#11931=CARTESIAN_POINT('Ctrl Pts',(63.2293246065672,38.6047164938124,45.));
#11932=CARTESIAN_POINT('Ctrl Pts',(63.2293246065672,38.6047164938124,44.6));
#11933=CARTESIAN_POINT('Ctrl Pts',(63.11703640547,38.4528168488461,45.));
#11934=CARTESIAN_POINT('Ctrl Pts',(63.11703640547,38.4528168488461,44.6));
#11935=CARTESIAN_POINT('Ctrl Pts',(63.0626635476142,38.3792631030082,45.));
#11936=CARTESIAN_POINT('Ctrl Pts',(63.0626635476142,38.3792631030082,44.6));
#11937=CARTESIAN_POINT('',(63.3041368647605,38.8813094496727,44.6));
#11938=CARTESIAN_POINT('',(63.3041368647605,38.8813094496727,45.));
#11939=CARTESIAN_POINT('Ctrl Pts',(63.3041368647605,38.8813094496727,44.6));
#11940=CARTESIAN_POINT('Ctrl Pts',(63.2786804171362,38.7871928668539,44.6));
#11941=CARTESIAN_POINT('Ctrl Pts',(63.2293246065672,38.6047164938124,44.6));
#11942=CARTESIAN_POINT('Ctrl Pts',(63.11703640547,38.4528168488461,44.6));
#11943=CARTESIAN_POINT('Ctrl Pts',(63.0626635476142,38.3792631030082,44.6));
#11944=CARTESIAN_POINT('Ctrl Pts',(63.369621507743,39.8990450501442,45.));
#11945=CARTESIAN_POINT('Ctrl Pts',(63.369621507743,39.8990450501442,44.6));
#11946=CARTESIAN_POINT('Ctrl Pts',(63.3699836300339,39.6937481061232,45.));
#11947=CARTESIAN_POINT('Ctrl Pts',(63.3699836300339,39.6937481061232,44.6));
#11948=CARTESIAN_POINT('Ctrl Pts',(63.3705849532908,39.3528416497044,45.));
#11949=CARTESIAN_POINT('Ctrl Pts',(63.3705849532908,39.3528416497044,44.6));
#11950=CARTESIAN_POINT('Ctrl Pts',(63.3230470240732,39.0155006539779,45.));
#11951=CARTESIAN_POINT('Ctrl Pts',(63.3230470240732,39.0155006539779,44.6));
#11952=CARTESIAN_POINT('Ctrl Pts',(63.3041368647605,38.8813094496727,45.));
#11953=CARTESIAN_POINT('Ctrl Pts',(63.3041368647605,38.8813094496727,44.6));
#11954=CARTESIAN_POINT('',(63.369621507743,39.8990450501442,44.6));
#11955=CARTESIAN_POINT('',(63.369621507743,39.8990450501442,45.));
#11956=CARTESIAN_POINT('Ctrl Pts',(63.369621507743,39.8990450501442,44.6));
#11957=CARTESIAN_POINT('Ctrl Pts',(63.3699836300339,39.6937481061232,44.6));
#11958=CARTESIAN_POINT('Ctrl Pts',(63.3705849532908,39.3528416497044,44.6));
#11959=CARTESIAN_POINT('Ctrl Pts',(63.3230470240732,39.0155006539779,44.6));
#11960=CARTESIAN_POINT('Ctrl Pts',(63.3041368647605,38.8813094496727,44.6));
#11961=CARTESIAN_POINT('Origin',(63.369621507743,42.,45.));
#11962=CARTESIAN_POINT('',(63.369621507743,42.,44.6));
#11963=CARTESIAN_POINT('',(63.369621507743,42.,45.));
#11964=CARTESIAN_POINT('',(63.369621507743,42.,44.6));
#11965=CARTESIAN_POINT('Origin',(62.5619809552222,42.,45.));
#11966=CARTESIAN_POINT('',(62.5619809552222,42.,44.6));
#11967=CARTESIAN_POINT('',(62.5619809552222,42.,45.));
#11968=CARTESIAN_POINT('',(62.5619809552222,42.,44.6));
#11969=CARTESIAN_POINT('Origin',(62.5619809552222,39.7871757745742,45.));
#11970=CARTESIAN_POINT('',(62.5619809552222,39.7871757745742,44.6));
#11971=CARTESIAN_POINT('',(62.5619809552222,39.7871757745742,45.));
#11972=CARTESIAN_POINT('',(62.5619809552222,39.7871757745742,44.6));
#11973=CARTESIAN_POINT('Ctrl Pts',(62.5265108271629,39.1077761054039,45.));
#11974=CARTESIAN_POINT('Ctrl Pts',(62.5265108271629,39.1077761054039,44.6));
#11975=CARTESIAN_POINT('Ctrl Pts',(62.536760582619,39.198416652816,45.));
#11976=CARTESIAN_POINT('Ctrl Pts',(62.536760582619,39.198416652816,44.6));
#11977=CARTESIAN_POINT('Ctrl Pts',(62.5622773250115,39.4240660849921,45.));
#11978=CARTESIAN_POINT('Ctrl Pts',(62.5622773250115,39.4240660849921,44.6));
#11979=CARTESIAN_POINT('Ctrl Pts',(62.5620918983306,39.6512492426329,45.));
#11980=CARTESIAN_POINT('Ctrl Pts',(62.5620918983306,39.6512492426329,44.6));
#11981=CARTESIAN_POINT('Ctrl Pts',(62.5619809552222,39.7871757745742,45.));
#11982=CARTESIAN_POINT('Ctrl Pts',(62.5619809552222,39.7871757745742,44.6));
#11983=CARTESIAN_POINT('',(62.5265108271629,39.1077761054039,44.6));
#11984=CARTESIAN_POINT('',(62.5265108271629,39.1077761054039,45.));
#11985=CARTESIAN_POINT('Ctrl Pts',(62.5265108271629,39.1077761054039,44.6));
#11986=CARTESIAN_POINT('Ctrl Pts',(62.536760582619,39.198416652816,44.6));
#11987=CARTESIAN_POINT('Ctrl Pts',(62.5622773250115,39.4240660849921,44.6));
#11988=CARTESIAN_POINT('Ctrl Pts',(62.5620918983306,39.6512492426329,44.6));
#11989=CARTESIAN_POINT('Ctrl Pts',(62.5619809552222,39.7871757745742,44.6));
#11990=CARTESIAN_POINT('Ctrl Pts',(62.3164151831657,38.7626193165779,45.));
#11991=CARTESIAN_POINT('Ctrl Pts',(62.3164151831657,38.7626193165779,44.6));
#11992=CARTESIAN_POINT('Ctrl Pts',(62.3686904790087,38.811385630247,45.));
#11993=CARTESIAN_POINT('Ctrl Pts',(62.3686904790087,38.811385630247,44.6));
#11994=CARTESIAN_POINT('Ctrl Pts',(62.4710896393987,38.9069112412359,45.));
#11995=CARTESIAN_POINT('Ctrl Pts',(62.4710896393987,38.9069112412359,44.6));
#11996=CARTESIAN_POINT('Ctrl Pts',(62.5082976812482,39.0417655915949,45.));
#11997=CARTESIAN_POINT('Ctrl Pts',(62.5082976812482,39.0417655915949,44.6));
#11998=CARTESIAN_POINT('Ctrl Pts',(62.5265108271629,39.1077761054039,45.));
#11999=CARTESIAN_POINT('Ctrl Pts',(62.5265108271629,39.1077761054039,44.6));
#12000=CARTESIAN_POINT('',(62.3164151831657,38.7626193165779,44.6));
#12001=CARTESIAN_POINT('',(62.3164151831657,38.7626193165779,45.));
#12002=CARTESIAN_POINT('Ctrl Pts',(62.3164151831657,38.7626193165779,44.6));
#12003=CARTESIAN_POINT('Ctrl Pts',(62.3686904790087,38.811385630247,44.6));
#12004=CARTESIAN_POINT('Ctrl Pts',(62.4710896393987,38.9069112412359,44.6));
#12005=CARTESIAN_POINT('Ctrl Pts',(62.5082976812482,39.0417655915949,44.6));
#12006=CARTESIAN_POINT('Ctrl Pts',(62.5265108271629,39.1077761054039,44.6));
#12007=CARTESIAN_POINT('Ctrl Pts',(61.7979978247672,38.6221007704734,45.));
#12008=CARTESIAN_POINT('Ctrl Pts',(61.7979978247672,38.6221007704734,44.6));
#12009=CARTESIAN_POINT('Ctrl Pts',(61.9011429471341,38.6247536003102,45.));
#12010=CARTESIAN_POINT('Ctrl Pts',(61.9011429471341,38.6247536003102,44.6));
#12011=CARTESIAN_POINT('Ctrl Pts',(62.086237026794,38.6295141075049,45.));
#12012=CARTESIAN_POINT('Ctrl Pts',(62.086237026794,38.6295141075049,44.6));
#12013=CARTESIAN_POINT('Ctrl Pts',(62.2457791534024,38.7217725930749,45.));
#12014=CARTESIAN_POINT('Ctrl Pts',(62.2457791534024,38.7217725930749,44.6));
#12015=CARTESIAN_POINT('Ctrl Pts',(62.3164151831657,38.7626193165779,45.));
#12016=CARTESIAN_POINT('Ctrl Pts',(62.3164151831657,38.7626193165779,44.6));
#12017=CARTESIAN_POINT('',(61.7979978247672,38.6221007704734,44.6));
#12018=CARTESIAN_POINT('',(61.7979978247672,38.6221007704734,45.));
#12019=CARTESIAN_POINT('Ctrl Pts',(61.7979978247672,38.6221007704734,44.6));
#12020=CARTESIAN_POINT('Ctrl Pts',(61.9011429471341,38.6247536003102,44.6));
#12021=CARTESIAN_POINT('Ctrl Pts',(62.086237026794,38.6295141075049,44.6));
#12022=CARTESIAN_POINT('Ctrl Pts',(62.2457791534024,38.7217725930749,44.6));
#12023=CARTESIAN_POINT('Ctrl Pts',(62.3164151831657,38.7626193165779,44.6));
#12024=CARTESIAN_POINT('Ctrl Pts',(61.2645732089073,38.7708048224449,45.));
#12025=CARTESIAN_POINT('Ctrl Pts',(61.2645732089073,38.7708048224449,44.6));
#12026=CARTESIAN_POINT('Ctrl Pts',(61.3397422147666,38.7275175693939,45.));
#12027=CARTESIAN_POINT('Ctrl Pts',(61.3397422147666,38.7275175693939,44.6));
#12028=CARTESIAN_POINT('Ctrl Pts',(61.5042609873849,38.6327768493253,45.));
#12029=CARTESIAN_POINT('Ctrl Pts',(61.5042609873849,38.6327768493253,44.6));
#12030=CARTESIAN_POINT('Ctrl Pts',(61.6946162952047,38.6258582473063,45.));
#12031=CARTESIAN_POINT('Ctrl Pts',(61.6946162952047,38.6258582473063,44.6));
#12032=CARTESIAN_POINT('Ctrl Pts',(61.7979978247672,38.6221007704734,45.));
#12033=CARTESIAN_POINT('Ctrl Pts',(61.7979978247672,38.6221007704734,44.6));
#12034=CARTESIAN_POINT('',(61.2645732089073,38.7708048224449,44.6));
#12035=CARTESIAN_POINT('',(61.2645732089073,38.7708048224449,45.));
#12036=CARTESIAN_POINT('Ctrl Pts',(61.2645732089073,38.7708048224449,44.6));
#12037=CARTESIAN_POINT('Ctrl Pts',(61.3397422147666,38.7275175693939,44.6));
#12038=CARTESIAN_POINT('Ctrl Pts',(61.5042609873849,38.6327768493253,44.6));
#12039=CARTESIAN_POINT('Ctrl Pts',(61.6946162952047,38.6258582473063,44.6));
#12040=CARTESIAN_POINT('Ctrl Pts',(61.7979978247672,38.6221007704734,44.6));
#12041=CARTESIAN_POINT('Ctrl Pts',(61.0176430865318,39.1650749444961,45.));
#12042=CARTESIAN_POINT('Ctrl Pts',(61.0176430865318,39.1650749444961,44.6));
#12043=CARTESIAN_POINT('Ctrl Pts',(61.040685552697,39.0874137992159,45.));
#12044=CARTESIAN_POINT('Ctrl Pts',(61.040685552697,39.0874137992159,44.6));
#12045=CARTESIAN_POINT('Ctrl Pts',(61.0864822973938,38.9330628014649,45.));
#12046=CARTESIAN_POINT('Ctrl Pts',(61.0864822973938,38.9330628014649,44.6));
#12047=CARTESIAN_POINT('Ctrl Pts',(61.2054591357152,38.8246634386217,45.));
#12048=CARTESIAN_POINT('Ctrl Pts',(61.2054591357152,38.8246634386217,44.6));
#12049=CARTESIAN_POINT('Ctrl Pts',(61.2645732089073,38.7708048224449,45.));
#12050=CARTESIAN_POINT('Ctrl Pts',(61.2645732089073,38.7708048224449,44.6));
#12051=CARTESIAN_POINT('',(61.0176430865318,39.1650749444961,44.6));
#12052=CARTESIAN_POINT('',(61.0176430865318,39.1650749444961,45.));
#12053=CARTESIAN_POINT('Ctrl Pts',(61.0176430865318,39.1650749444961,44.6));
#12054=CARTESIAN_POINT('Ctrl Pts',(61.040685552697,39.0874137992159,44.6));
#12055=CARTESIAN_POINT('Ctrl Pts',(61.0864822973938,38.9330628014649,44.6));
#12056=CARTESIAN_POINT('Ctrl Pts',(61.2054591357152,38.8246634386217,44.6));
#12057=CARTESIAN_POINT('Ctrl Pts',(61.2645732089073,38.7708048224449,44.6));
#12058=CARTESIAN_POINT('Ctrl Pts',(60.9876291676551,39.8335607051849,45.));
#12059=CARTESIAN_POINT('Ctrl Pts',(60.9876291676551,39.8335607051849,44.6));
#12060=CARTESIAN_POINT('Ctrl Pts',(60.9867853407586,39.6917215208898,45.));
#12061=CARTESIAN_POINT('Ctrl Pts',(60.9867853407586,39.6917215208898,44.6));
#12062=CARTESIAN_POINT('Ctrl Pts',(60.9854559867464,39.4682698988782,45.));
#12063=CARTESIAN_POINT('Ctrl Pts',(60.9854559867464,39.4682698988782,44.6));
#12064=CARTESIAN_POINT('Ctrl Pts',(61.009032214183,39.2461873487318,45.));
#12065=CARTESIAN_POINT('Ctrl Pts',(61.009032214183,39.2461873487318,44.6));
#12066=CARTESIAN_POINT('Ctrl Pts',(61.0176430865318,39.1650749444961,45.));
#12067=CARTESIAN_POINT('Ctrl Pts',(61.0176430865318,39.1650749444961,44.6));
#12068=CARTESIAN_POINT('',(60.9876291676551,39.8335607051849,44.6));
#12069=CARTESIAN_POINT('',(60.9876291676551,39.8335607051849,45.));
#12070=CARTESIAN_POINT('Ctrl Pts',(60.9876291676551,39.8335607051849,44.6));
#12071=CARTESIAN_POINT('Ctrl Pts',(60.9867853407586,39.6917215208898,44.6));
#12072=CARTESIAN_POINT('Ctrl Pts',(60.9854559867464,39.4682698988782,44.6));
#12073=CARTESIAN_POINT('Ctrl Pts',(61.009032214183,39.2461873487318,44.6));
#12074=CARTESIAN_POINT('Ctrl Pts',(61.0176430865318,39.1650749444961,44.6));
#12075=CARTESIAN_POINT('Origin',(60.9876291676551,42.,45.));
#12076=CARTESIAN_POINT('',(60.9876291676551,42.,44.6));
#12077=CARTESIAN_POINT('',(60.9876291676551,42.,45.));
#12078=CARTESIAN_POINT('',(60.9876291676551,42.,44.6));
#12079=CARTESIAN_POINT('Origin',(60.179989509204,41.9999999999999,45.));
#12080=CARTESIAN_POINT('',(60.179989509204,41.9999999999999,44.6));
#12081=CARTESIAN_POINT('',(60.179989509204,41.9999999999999,45.));
#12082=CARTESIAN_POINT('',(60.179989509204,41.9999999999999,44.6));
#12083=CARTESIAN_POINT('Origin',(60.179989509204,39.8663027286529,45.));
#12084=CARTESIAN_POINT('',(60.179989509204,39.8663027286529,44.6));
#12085=CARTESIAN_POINT('Origin',(63.4964971467048,39.9999999701976,44.6));
#12086=CARTESIAN_POINT('Origin',(69.,58.,45.));
#12087=CARTESIAN_POINT('',(69.,58.,44.6));
#12088=CARTESIAN_POINT('',(69.,58.,45.));
#12089=CARTESIAN_POINT('',(69.,44.,44.6));
#12090=CARTESIAN_POINT('',(69.,58.,44.6));
#12091=CARTESIAN_POINT('',(69.,44.,45.));
#12092=CARTESIAN_POINT('Origin',(58.,58.,45.));
#12093=CARTESIAN_POINT('',(58.,58.,44.6));
#12094=CARTESIAN_POINT('',(58.,58.,45.));
#12095=CARTESIAN_POINT('',(58.,58.,44.6));
#12096=CARTESIAN_POINT('Origin',(58.,44.,45.));
#12097=CARTESIAN_POINT('',(58.,44.,44.6));
#12098=CARTESIAN_POINT('',(58.,44.,45.));
#12099=CARTESIAN_POINT('',(58.,44.,44.6));
#12100=CARTESIAN_POINT('Origin',(69.,44.,45.));
#12101=CARTESIAN_POINT('',(69.,44.,44.6));
#12102=CARTESIAN_POINT('Origin',(63.5,51.,44.6));
#12103=CARTESIAN_POINT('Origin',(76.5,51.,45.));
#12104=CARTESIAN_POINT('Origin',(76.5,51.,45.));
#12105=CARTESIAN_POINT('Origin',(17.666311764625,71.5632569610305,42.));
#12106=CARTESIAN_POINT('',(18.131681662143,70.8778940210495,43.));
#12107=CARTESIAN_POINT('',(17.99537797492,71.078632178596,43.));
#12108=CARTESIAN_POINT('',(31.7275060413515,50.8549526625788,43.));
#12109=CARTESIAN_POINT('',(18.131681662143,70.8778940210495,42.8284271247462));
#12110=CARTESIAN_POINT('',(23.3072357729234,63.2557143306275,36.313675265055));
#12111=CARTESIAN_POINT('',(18.131681662143,70.8778940210495,42.));
#12112=CARTESIAN_POINT('Origin',(9.66645589831098,29.7178570449263,36.));
#12113=CARTESIAN_POINT('',(10.1510806807455,30.0469232552213,43.));
#12114=CARTESIAN_POINT('',(10.351818838292,30.1832269424443,43.));
#12115=CARTESIAN_POINT('',(37.4834196848766,48.6059188753103,43.));
#12116=CARTESIAN_POINT('',(10.351818838292,30.1832269424443,42.8284271247462));
#12117=CARTESIAN_POINT('',(10.351818838292,30.1832269424443,39.));
#12118=CARTESIAN_POINT('',(11.3879811223431,30.8867939254419,41.9428090415821));
#12119=CARTESIAN_POINT('Origin',(5.00435984123527,3.91421356237308,42.));
#12120=CARTESIAN_POINT('',(5.59014627886215,4.49999999999996,43.));
#12121=CARTESIAN_POINT('',(5.41857340360837,4.32842712474617,43.));
#12122=CARTESIAN_POINT('',(34.6497164903332,33.559570211471,43.));
#12123=CARTESIAN_POINT('',(5.59014627886215,4.49999999999996,42.8284271247462));
#12124=CARTESIAN_POINT('',(8.87455865293609,7.7844123740739,39.5440147506723));
#12125=CARTESIAN_POINT('',(5.59014627886215,4.49999999999996,42.));
#12126=CARTESIAN_POINT('Origin',(28.2255527114402,3.91421356237308,36.));
#12127=CARTESIAN_POINT('',(27.8113391490671,4.32842712474617,43.));
#12128=CARTESIAN_POINT('',(27.6397662738133,4.5,43.));
#12129=CARTESIAN_POINT('',(28.5227179241734,3.61704834963986,43.));
#12130=CARTESIAN_POINT('',(27.6397662738133,4.5,42.8284271247462));
#12131=CARTESIAN_POINT('',(27.6397662738133,4.5,39.));
#12132=CARTESIAN_POINT('',(26.7541481906492,5.38561808316411,41.9428090415821));
#12133=CARTESIAN_POINT('Origin',(23.7396539588823,98.0857864376269,36.));
#12134=CARTESIAN_POINT('',(24.1538675212554,97.6715728752538,43.));
#12135=CARTESIAN_POINT('',(24.3254403965092,97.5,43.));
#12136=CARTESIAN_POINT('',(48.7011870785685,73.1242533179408,43.));
#12137=CARTESIAN_POINT('',(24.3254403965092,97.5,42.8284271247462));
#12138=CARTESIAN_POINT('',(24.3254403965092,97.5,39.));
#12139=CARTESIAN_POINT('',(25.2110584796734,96.6143819168359,41.9428090415821));
#12140=CARTESIAN_POINT('Origin',(135.333688235375,71.5632569610305,42.));
#12141=CARTESIAN_POINT('',(135.00462202508,71.078632178596,43.));
#12142=CARTESIAN_POINT('',(134.868318337857,70.8778940210495,43.));
#12143=CARTESIAN_POINT('',(121.272493958648,50.8549526625788,43.));
#12144=CARTESIAN_POINT('',(134.868318337857,70.8778940210495,42.8284271247462));
#12145=CARTESIAN_POINT('',(134.868318337857,70.8778940210495,42.));
#12146=CARTESIAN_POINT('',(129.692764227076,63.2557143306275,36.313675265055));
#12147=CARTESIAN_POINT('Origin',(143.333544101689,29.7178570449263,36.));
#12148=CARTESIAN_POINT('',(142.648181161708,30.1832269424444,43.));
#12149=CARTESIAN_POINT('',(142.848919319254,30.0469232552214,43.));
#12150=CARTESIAN_POINT('',(115.516580315123,48.6059188753103,43.));
#12151=CARTESIAN_POINT('',(142.648181161708,30.1832269424444,42.828427124746));
#12152=CARTESIAN_POINT('',(141.612018877657,30.886793925442,41.9428090415821));
#12153=CARTESIAN_POINT('',(142.648181161708,30.1832269424444,39.));
#12154=CARTESIAN_POINT('Origin',(147.995640158765,3.91421356237308,42.));
#12155=CARTESIAN_POINT('',(147.581426596392,4.32842712474618,43.));
#12156=CARTESIAN_POINT('',(147.409853721138,4.5,43.));
#12157=CARTESIAN_POINT('',(118.350283509667,33.559570211471,43.));
#12158=CARTESIAN_POINT('',(147.409853721138,4.5,42.8284271247462));
#12159=CARTESIAN_POINT('',(147.409853721138,4.5,42.));
#12160=CARTESIAN_POINT('',(144.125441347064,7.7844123740739,39.5440147506723));
#12161=CARTESIAN_POINT('Origin',(124.77444728856,3.91421356237308,36.));
#12162=CARTESIAN_POINT('',(125.360233726187,4.50000000000007,43.));
#12163=CARTESIAN_POINT('',(125.188660850933,4.32842712474618,43.));
#12164=CARTESIAN_POINT('',(124.477282075826,3.6170483496399,43.));
#12165=CARTESIAN_POINT('',(125.360233726187,4.50000000000007,42.8284271247461));
#12166=CARTESIAN_POINT('',(126.245851809351,5.38561808316411,41.9428090415821));
#12167=CARTESIAN_POINT('',(125.360233726187,4.50000000000007,39.));
#12168=CARTESIAN_POINT('Origin',(69.9142135623731,98.0857864376269,42.));
#12169=CARTESIAN_POINT('',(69.3284271247462,97.5,43.));
#12170=CARTESIAN_POINT('',(69.5,97.6715728752538,43.));
#12171=CARTESIAN_POINT('',(59.7892135623731,87.9607864376269,43.));
#12172=CARTESIAN_POINT('',(69.3284271247462,97.5,42.8284271247462));
#12173=CARTESIAN_POINT('',(62.218453628458,90.3900265037118,35.718453628458));
#12174=CARTESIAN_POINT('',(69.3284271247462,97.5,42.));
#12175=CARTESIAN_POINT('Origin',(83.0857864376268,98.0857864376269,42.));
#12176=CARTESIAN_POINT('',(83.4999999999998,97.6715728752538,43.));
#12177=CARTESIAN_POINT('',(83.6715728752536,97.5,43.));
#12178=CARTESIAN_POINT('',(93.2107864376268,87.9607864376269,43.));
#12179=CARTESIAN_POINT('',(83.6715728752536,97.5,42.8284271247462));
#12180=CARTESIAN_POINT('',(83.6715728752536,97.5,42.));
#12181=CARTESIAN_POINT('',(90.7815463715419,90.3900265037118,35.718453628458));
#12182=CARTESIAN_POINT('Origin',(129.260346041118,98.0857864376269,36.));
#12183=CARTESIAN_POINT('',(128.674559603491,97.5,43.));
#12184=CARTESIAN_POINT('',(128.846132478744,97.6715728752538,43.));
#12185=CARTESIAN_POINT('',(104.298812921431,73.1242533179408,43.));
#12186=CARTESIAN_POINT('',(128.674559603491,97.5,42.8284271247462));
#12187=CARTESIAN_POINT('',(127.788941520326,96.6143819168359,41.9428090415821));
#12188=CARTESIAN_POINT('',(128.674559603491,97.5,39.));
#12189=CARTESIAN_POINT('Origin',(101.102874413314,37.914213562373,36.));
#12190=CARTESIAN_POINT('',(100.688660850941,38.3284271247461,43.));
#12191=CARTESIAN_POINT('',(100.517087975687,38.5,43.));
#12192=CARTESIAN_POINT('',(91.6807092005786,47.3363787751082,43.));
#12193=CARTESIAN_POINT('',(100.517087975687,38.5,42.8284271247461));
#12194=CARTESIAN_POINT('',(100.517087975687,38.5,39.));
#12195=CARTESIAN_POINT('',(99.6314698925228,39.3856180831641,41.9428090415821));
#12196=CARTESIAN_POINT('Origin',(51.8971255866902,37.914213562373,42.));
#12197=CARTESIAN_POINT('',(52.4829120243171,38.4999999999999,43.));
#12198=CARTESIAN_POINT('',(52.3113391490633,38.3284271247461,43.));
#12199=CARTESIAN_POINT('',(61.3192907994244,47.3363787751072,43.));
#12200=CARTESIAN_POINT('',(52.482912024317,38.4999999999999,42.8284271247463));
#12201=CARTESIAN_POINT('',(60.0980837244608,46.1151717001436,35.2132554246025));
#12202=CARTESIAN_POINT('',(52.4829120243171,38.4999999999999,42.));
#12203=CARTESIAN_POINT('Origin',(64.9056695745317,39.2013124556158,37.1189202553235));
#12204=CARTESIAN_POINT('',(53.6476964249019,39.6647844005847,36.));
#12205=CARTESIAN_POINT('',(53.5491796597102,39.566267635393,36.2378405106469));
#12206=CARTESIAN_POINT('',(53.0158176231983,39.0329055988811,37.5254903728489));
#12207=CARTESIAN_POINT('',(99.4508203402938,39.566267635393,36.2378405106469));
#12208=CARTESIAN_POINT('',(59.1085043617975,39.566267635393,36.2378405106469));
#12209=CARTESIAN_POINT('',(99.3523035751021,39.6647844005847,36.));
#12210=CARTESIAN_POINT('',(97.5779555815093,41.4391323941776,31.7163450094987));
#12211=CARTESIAN_POINT('',(70.7028347872659,39.6647844005847,36.));
#12212=CARTESIAN_POINT('Origin',(53.3113391490633,37.914213562373,34.5857864376269));
#12213=CARTESIAN_POINT('',(56.3113391490633,42.3284271247461,39.));
#12214=CARTESIAN_POINT('',(53.3685301074813,39.3856180831641,36.0571909584179));
#12215=CARTESIAN_POINT('',(96.6886608509407,42.3284271247461,39.));
#12216=CARTESIAN_POINT('',(76.500000000002,42.3284271247461,39.));
#12217=CARTESIAN_POINT('',(92.9019162755432,46.1151717001436,42.7867445753975));
#12218=CARTESIAN_POINT('Origin',(99.6886608509407,37.914213562373,43.4142135623731));
#12219=CARTESIAN_POINT('',(88.0943304254704,38.3284271247461,43.));
#12220=CARTESIAN_POINT('',(99.6314698925228,39.3856180831641,41.9428090415821));
#12221=CARTESIAN_POINT('',(60.0980837244608,46.1151717001436,35.2132554246025));
#12222=CARTESIAN_POINT('Origin',(51.8971255866902,37.914213562373,42.));
#12223=CARTESIAN_POINT('',(52.4829120243171,38.4999999999999,36.));
#12224=CARTESIAN_POINT('',(61.3192907994244,47.3363787751072,36.));
#12225=CARTESIAN_POINT('',(52.482912024317,38.4999999999999,42.));
#12226=CARTESIAN_POINT('Origin',(101.102874413314,37.914213562373,36.));
#12227=CARTESIAN_POINT('',(100.517087975687,38.5,36.));
#12228=CARTESIAN_POINT('',(100.517087975687,38.5,39.));
#12229=CARTESIAN_POINT('',(91.6807092005786,47.3363787751082,36.));
#12230=CARTESIAN_POINT('Origin',(103.985826063675,38.5,42.));
#12231=CARTESIAN_POINT('',(47.8255130853921,38.4999999999998,43.));
#12232=CARTESIAN_POINT('',(90.2429130318374,38.5,43.));
#12233=CARTESIAN_POINT('',(47.8255130853921,38.4999999999998,36.));
#12234=CARTESIAN_POINT('',(90.2429130318375,38.5,36.));
#12235=CARTESIAN_POINT('',(47.8255130853921,38.4999999999998,42.));
#12236=CARTESIAN_POINT('Origin',(80.5,96.7986875443842,37.1189202553235));
#12237=CARTESIAN_POINT('',(127.509775202906,96.3352155994152,36.));
#12238=CARTESIAN_POINT('',(127.608291968098,96.4337323646069,36.2378405106469));
#12239=CARTESIAN_POINT('',(124.933022013343,93.7584624098525,29.7791675028696));
#12240=CARTESIAN_POINT('',(84.7378405106467,96.4337323646069,36.2378405106469));
#12241=CARTESIAN_POINT('',(82.4999999999999,96.4337323646069,36.2378405106469));
#12242=CARTESIAN_POINT('',(84.8363572758384,96.3352155994152,36.));
#12243=CARTESIAN_POINT('',(83.2084718576733,97.9631010175804,39.9300630545236));
#12244=CARTESIAN_POINT('',(78.5,96.3352155994152,36.));
#12245=CARTESIAN_POINT('Origin',(84.4999999999999,98.0857864376269,34.5857864376269));
#12246=CARTESIAN_POINT('',(124.846132478744,93.6715728752538,39.));
#12247=CARTESIAN_POINT('',(121.564586107202,90.3900265037118,42.281546371542));
#12248=CARTESIAN_POINT('',(87.4999999999998,93.6715728752538,39.));
#12249=CARTESIAN_POINT('',(106.173066239372,93.6715728752538,39.));
#12250=CARTESIAN_POINT('',(84.5571909584178,96.6143819168359,36.057190958418));
#12251=CARTESIAN_POINT('Origin',(129.260346041118,98.0857864376269,36.));
#12252=CARTESIAN_POINT('',(128.674559603491,97.5,36.));
#12253=CARTESIAN_POINT('',(104.298812921431,73.1242533179408,36.));
#12254=CARTESIAN_POINT('',(128.674559603491,97.5,39.));
#12255=CARTESIAN_POINT('',(127.788941520326,96.6143819168359,41.9428090415821));
#12256=CARTESIAN_POINT('Origin',(127.846132478744,98.0857864376269,43.4142135623731));
#12257=CARTESIAN_POINT('',(102.173066239372,97.6715728752539,43.));
#12258=CARTESIAN_POINT('',(90.7815463715419,90.3900265037118,35.718453628458));
#12259=CARTESIAN_POINT('Origin',(83.0857864376268,98.0857864376269,42.));
#12260=CARTESIAN_POINT('',(83.6715728752536,97.5,36.));
#12261=CARTESIAN_POINT('',(83.6715728752537,97.5,42.));
#12262=CARTESIAN_POINT('',(93.2107864376268,87.9607864376269,36.));
#12263=CARTESIAN_POINT('Origin',(21.5673344015693,97.5,42.));
#12264=CARTESIAN_POINT('',(129.778798077175,97.5,43.));
#12265=CARTESIAN_POINT('',(49.0336672007846,97.5,43.));
#12266=CARTESIAN_POINT('',(129.778798077175,97.5,36.));
#12267=CARTESIAN_POINT('',(49.0336672007847,97.5,36.));
#12268=CARTESIAN_POINT('',(129.778798077175,97.5,42.));
#12269=CARTESIAN_POINT('Origin',(21.5673344015693,97.5,42.));
#12270=CARTESIAN_POINT('',(49.0336672007846,97.5,43.));
#12271=CARTESIAN_POINT('',(69.3284271247462,97.5,36.));
#12272=CARTESIAN_POINT('',(69.3284271247462,97.5,42.));
#12273=CARTESIAN_POINT('',(49.0336672007847,97.5,36.));
#12274=CARTESIAN_POINT('Origin',(111.540713298196,5.20131245561586,37.1189202553235));
#12275=CARTESIAN_POINT('',(146.245069320553,5.66478440058485,36.));
#12276=CARTESIAN_POINT('',(146.343586085745,5.56626763539313,36.2378405106469));
#12277=CARTESIAN_POINT('',(145.379432561397,6.53042115974108,33.9101679959565));
#12278=CARTESIAN_POINT('',(126.525018126771,5.66478440058484,36.));
#12279=CARTESIAN_POINT('',(94.0203566490979,5.66478440058483,36.));
#12280=CARTESIAN_POINT('',(126.42650136158,5.56626763539313,36.2378405106469));
#12281=CARTESIAN_POINT('',(125.142222415667,4.28198868948038,39.3383641597396));
#12282=CARTESIAN_POINT('',(129.061069947294,5.56626763539313,36.237840510647));
#12283=CARTESIAN_POINT('Origin',(124.77444728856,3.91421356237308,36.));
#12284=CARTESIAN_POINT('',(129.188660850933,8.32842712474618,39.));
#12285=CARTESIAN_POINT('',(128.644646100261,7.78441237407391,38.4559852493277));
#12286=CARTESIAN_POINT('',(125.360233726187,4.50000000000007,36.));
#12287=CARTESIAN_POINT('',(124.477282075826,3.61704834963991,36.));
#12288=CARTESIAN_POINT('',(125.360233726187,4.50000000000007,39.));
#12289=CARTESIAN_POINT('',(126.245851809351,5.38561808316411,41.9428090415821));
#12290=CARTESIAN_POINT('Origin',(126.188660850933,3.91421356237308,43.4142135623731));
#12291=CARTESIAN_POINT('',(101.344330425466,4.32842712474618,43.));
#12292=CARTESIAN_POINT('',(143.581426596392,8.32842712474618,39.));
#12293=CARTESIAN_POINT('',(144.125441347064,7.7844123740739,39.5440147506723));
#12294=CARTESIAN_POINT('',(136.385043723662,8.32842712474618,39.));
#12295=CARTESIAN_POINT('Origin',(147.995640158765,3.91421356237308,42.));
#12296=CARTESIAN_POINT('',(146.524235637974,5.38561808316412,36.0571909584179));
#12297=CARTESIAN_POINT('',(147.409853721138,4.5,36.));
#12298=CARTESIAN_POINT('',(147.409853721138,4.5,42.));
#12299=CARTESIAN_POINT('',(118.350283509667,33.5595702114709,36.));
#12300=CARTESIAN_POINT('Origin',(146.581426596392,3.91421356237308,34.5857864376269));
#12301=CARTESIAN_POINT('Origin',(149.97678324549,4.5,42.));
#12302=CARTESIAN_POINT('',(123.674486914608,4.50000000000008,43.));
#12303=CARTESIAN_POINT('',(113.238391622745,4.50000000000011,43.));
#12304=CARTESIAN_POINT('',(123.674486914608,4.50000000000008,36.));
#12305=CARTESIAN_POINT('',(113.238391622745,4.50000000000011,36.));
#12306=CARTESIAN_POINT('',(123.674486914608,4.50000000000008,42.));
#12307=CARTESIAN_POINT('Origin',(149.97678324549,4.5,42.));
#12308=CARTESIAN_POINT('',(147.558209841881,4.5,43.));
#12309=CARTESIAN_POINT('',(113.238391622745,4.50000000000011,43.));
#12310=CARTESIAN_POINT('',(147.558209841881,4.50000000000001,36.));
#12311=CARTESIAN_POINT('',(147.558209841881,4.5,42.));
#12312=CARTESIAN_POINT('',(113.238391622745,4.50000000000011,36.));
#12313=CARTESIAN_POINT('Origin',(135.061329912537,66.1334557633954,37.1189202553235));
#12314=CARTESIAN_POINT('',(141.285397713762,31.1085737280862,36.));
#12315=CARTESIAN_POINT('',(141.400661119489,31.0303084525929,36.237840510647));
#12316=CARTESIAN_POINT('',(139.125442943982,32.5752096828754,31.5430369059338));
#12317=CARTESIAN_POINT('',(134.021236827708,69.6303739788305,36.237840510647));
#12318=CARTESIAN_POINT('',(134.339721360145,67.9644548860844,36.237840510647));
#12319=CARTESIAN_POINT('',(133.942971552215,69.5151105731041,36.));
#12320=CARTESIAN_POINT('',(134.837003633333,70.8317760016593,38.7168759755554));
#12321=CARTESIAN_POINT('',(134.9692474722,64.1468980685669,36.));
#12322=CARTESIAN_POINT('Origin',(135.599243328746,70.1741995495515,34.5857864376269));
#12323=CARTESIAN_POINT('',(138.168968429592,33.2246676864733,39.));
#12324=CARTESIAN_POINT('',(135.026001471286,35.3587810532247,41.686324734945));
#12325=CARTESIAN_POINT('',(131.826877593828,66.3986812889341,39.));
#12326=CARTESIAN_POINT('',(134.99792301171,49.8116744877037,39.));
#12327=CARTESIAN_POINT('',(134.164751354859,69.8417317369984,36.0571909584179));
#12328=CARTESIAN_POINT('Origin',(143.333544101689,29.7178570449263,36.));
#12329=CARTESIAN_POINT('',(142.648181161708,30.1832269424444,36.));
#12330=CARTESIAN_POINT('',(115.516580315123,48.6059188753103,36.));
#12331=CARTESIAN_POINT('',(142.648181161708,30.1832269424444,39.));
#12332=CARTESIAN_POINT('',(141.612018877657,30.886793925442,41.9428090415821));
#12333=CARTESIAN_POINT('Origin',(143.067989008318,31.1069144564053,43.4142135623731));
#12334=CARTESIAN_POINT('',(139.653061124832,46.7637199645078,43.));
#12335=CARTESIAN_POINT('',(129.692764227076,63.2557143306275,36.313675265055));
#12336=CARTESIAN_POINT('Origin',(135.333688235375,71.5632569610305,42.));
#12337=CARTESIAN_POINT('',(134.868318337857,70.8778940210495,36.));
#12338=CARTESIAN_POINT('',(134.868318337857,70.8778940210495,42.));
#12339=CARTESIAN_POINT('',(121.272493958648,50.8549526625788,36.));
#12340=CARTESIAN_POINT('Origin',(129.468241768202,99.1244483853975,42.));
#12341=CARTESIAN_POINT('',(132.972349791764,80.7952679544577,43.));
#12342=CARTESIAN_POINT('',(132.972349791764,80.7952679544577,36.));
#12343=CARTESIAN_POINT('Origin',(129.468241768202,99.1244483853975,42.));
#12344=CARTESIAN_POINT('',(132.972349791764,80.7952679544577,43.));
#12345=CARTESIAN_POINT('',(132.972349791764,80.7952679544577,36.));
#12346=CARTESIAN_POINT('Origin',(72.5,96.7986875443842,37.1189202553234));
#12347=CARTESIAN_POINT('',(68.1636427241614,96.3352155994152,36.));
#12348=CARTESIAN_POINT('',(68.2621594893531,96.4337323646069,36.2378405106469));
#12349=CARTESIAN_POINT('',(69.7915281423265,97.9631010175803,39.9300630545237));
#12350=CARTESIAN_POINT('',(25.3917080319023,96.4337323646069,36.2378405106469));
#12351=CARTESIAN_POINT('',(70.5,96.4337323646069,36.2378405106469));
#12352=CARTESIAN_POINT('',(25.490224797094,96.3352155994152,36.));
#12353=CARTESIAN_POINT('',(28.0669779866567,93.7584624098526,29.7791675028696));
#12354=CARTESIAN_POINT('',(74.5,96.3352155994152,36.));
#12355=CARTESIAN_POINT('Origin',(68.5,98.0857864376269,34.5857864376269));
#12356=CARTESIAN_POINT('',(65.5,93.6715728752538,39.));
#12357=CARTESIAN_POINT('',(68.4428090415821,96.6143819168359,36.057190958418));
#12358=CARTESIAN_POINT('',(28.1538675212554,93.6715728752538,39.));
#12359=CARTESIAN_POINT('',(46.8269337606277,93.6715728752538,39.));
#12360=CARTESIAN_POINT('',(31.4354138927974,90.3900265037118,42.2815463715421));
#12361=CARTESIAN_POINT('Origin',(23.7396539588823,98.0857864376269,36.));
#12362=CARTESIAN_POINT('',(24.3254403965092,97.5,36.));
#12363=CARTESIAN_POINT('',(24.3254403965092,97.5,39.));
#12364=CARTESIAN_POINT('',(48.7011870785685,73.1242533179408,36.));
#12365=CARTESIAN_POINT('',(25.2110584796733,96.6143819168359,41.9428090415821));
#12366=CARTESIAN_POINT('Origin',(25.1538675212554,98.0857864376269,43.4142135623731));
#12367=CARTESIAN_POINT('',(50.8269337606277,97.6715728752538,43.));
#12368=CARTESIAN_POINT('',(62.218453628458,90.3900265037118,35.718453628458));
#12369=CARTESIAN_POINT('Origin',(69.9142135623731,98.0857864376269,42.));
#12370=CARTESIAN_POINT('',(59.7892135623731,87.960786437627,36.));
#12371=CARTESIAN_POINT('Origin',(21.5673344015693,97.5,42.));
#12372=CARTESIAN_POINT('',(23.2212019228247,97.5,43.));
#12373=CARTESIAN_POINT('',(49.0336672007846,97.5,43.));
#12374=CARTESIAN_POINT('',(23.2212019228247,97.5,36.));
#12375=CARTESIAN_POINT('',(23.2212019228247,97.5,42.));
#12376=CARTESIAN_POINT('',(49.0336672007847,97.5,36.));
#12377=CARTESIAN_POINT('Origin',(41.4592867018042,5.20131245561583,37.1189202553235));
#12378=CARTESIAN_POINT('',(6.75493067944696,5.66478440058477,36.));
#12379=CARTESIAN_POINT('',(6.65641391425527,5.56626763539308,36.2378405106469));
#12380=CARTESIAN_POINT('',(7.6205674386031,6.5304211597409,33.9101679959566));
#12381=CARTESIAN_POINT('',(26.5734986384202,5.56626763539308,36.2378405106469));
#12382=CARTESIAN_POINT('',(23.9389300527063,5.56626763539308,36.2378405106469));
#12383=CARTESIAN_POINT('',(26.4749818732285,5.66478440058477,36.));
#12384=CARTESIAN_POINT('',(27.8577775843329,4.28198868948042,39.3383641597395));
#12385=CARTESIAN_POINT('',(58.9796433509021,5.66478440058477,36.));
#12386=CARTESIAN_POINT('Origin',(6.41857340360836,3.91421356237308,34.5857864376269));
#12387=CARTESIAN_POINT('',(9.41857340360836,8.32842712474617,39.));
#12388=CARTESIAN_POINT('',(6.4757643620263,5.38561808316411,36.0571909584179));
#12389=CARTESIAN_POINT('',(23.8113391490671,8.32842712474617,39.));
#12390=CARTESIAN_POINT('',(16.6149562763377,8.32842712474617,39.));
#12391=CARTESIAN_POINT('',(24.3553538997394,7.7844123740739,38.4559852493277));
#12392=CARTESIAN_POINT('Origin',(28.2255527114402,3.91421356237308,36.));
#12393=CARTESIAN_POINT('',(27.6397662738133,4.5,36.));
#12394=CARTESIAN_POINT('',(27.6397662738133,4.5,39.));
#12395=CARTESIAN_POINT('',(28.5227179241734,3.61704834963985,36.));
#12396=CARTESIAN_POINT('',(26.7541481906492,5.38561808316411,41.9428090415821));
#12397=CARTESIAN_POINT('Origin',(26.8113391490671,3.91421356237308,43.4142135623731));
#12398=CARTESIAN_POINT('',(51.6556695745336,4.32842712474617,43.));
#12399=CARTESIAN_POINT('',(8.87455865293609,7.7844123740739,39.5440147506723));
#12400=CARTESIAN_POINT('Origin',(5.00435984123527,3.91421356237308,42.));
#12401=CARTESIAN_POINT('',(5.59014627886215,4.49999999999996,36.));
#12402=CARTESIAN_POINT('',(34.6497164903332,33.559570211471,36.));
#12403=CARTESIAN_POINT('',(5.59014627886215,4.49999999999996,42.));
#12404=CARTESIAN_POINT('Origin',(30.5141739363329,4.5,42.));
#12405=CARTESIAN_POINT('',(29.3255130853961,4.5,43.));
#12406=CARTESIAN_POINT('',(53.5070869681665,4.50000000000004,43.));
#12407=CARTESIAN_POINT('',(29.3255130853961,4.5,36.));
#12408=CARTESIAN_POINT('',(29.3255130853961,4.5,42.));
#12409=CARTESIAN_POINT('',(53.5070869681665,4.50000000000004,36.));
#12410=CARTESIAN_POINT('Origin',(30.5141739363329,4.5,42.));
#12411=CARTESIAN_POINT('',(5.44179015811879,4.49999999999996,43.));
#12412=CARTESIAN_POINT('',(53.5070869681665,4.50000000000004,43.));
#12413=CARTESIAN_POINT('',(5.44179015811879,4.49999999999996,36.));
#12414=CARTESIAN_POINT('',(53.5070869681665,4.50000000000004,36.));
#12415=CARTESIAN_POINT('',(5.44179015811879,4.49999999999996,42.));
#12416=CARTESIAN_POINT('Origin',(17.9386700874625,66.1334557633954,37.1189202553235));
#12417=CARTESIAN_POINT('',(19.0570284477848,69.5151105731042,36.));
#12418=CARTESIAN_POINT('',(18.9787631722916,69.6303739788306,36.2378405106469));
#12419=CARTESIAN_POINT('',(18.1629963666672,70.8317760016593,38.7168759755554));
#12420=CARTESIAN_POINT('',(11.5993388805109,31.0303084525929,36.2378405106469));
#12421=CARTESIAN_POINT('',(18.6602786398548,67.9644548860844,36.2378405106469));
#12422=CARTESIAN_POINT('',(11.7146022862372,31.1085737280861,36.));
#12423=CARTESIAN_POINT('',(13.8745570560177,32.5752096828753,31.5430369059338));
#12424=CARTESIAN_POINT('',(18.0307525277998,64.146898068567,36.));
#12425=CARTESIAN_POINT('Origin',(17.400756671254,70.1741995495515,34.5857864376269));
#12426=CARTESIAN_POINT('',(21.173122406172,66.3986812889341,39.));
#12427=CARTESIAN_POINT('',(18.8352486451407,69.8417317369984,36.0571909584179));
#12428=CARTESIAN_POINT('',(14.8310315704074,33.2246676864732,39.));
#12429=CARTESIAN_POINT('',(18.0020769882897,49.8116744877037,39.));
#12430=CARTESIAN_POINT('',(17.973998528714,35.3587810532247,41.686324734945));
#12431=CARTESIAN_POINT('Origin',(9.66645589831098,29.7178570449263,36.));
#12432=CARTESIAN_POINT('',(10.351818838292,30.1832269424443,36.));
#12433=CARTESIAN_POINT('',(10.351818838292,30.1832269424443,39.));
#12434=CARTESIAN_POINT('',(37.4834196848766,48.6059188753103,36.));
#12435=CARTESIAN_POINT('',(11.3879811223431,30.8867939254419,41.9428090415821));
#12436=CARTESIAN_POINT('Origin',(9.93201099168197,31.1069144564053,43.4142135623731));
#12437=CARTESIAN_POINT('',(13.3469388751679,46.7637199645078,43.));
#12438=CARTESIAN_POINT('',(23.3072357729234,63.2557143306275,36.313675265055));
#12439=CARTESIAN_POINT('Origin',(17.666311764625,71.5632569610305,42.));
#12440=CARTESIAN_POINT('',(18.131681662143,70.8778940210495,36.));
#12441=CARTESIAN_POINT('',(31.7275060413515,50.8549526625788,36.));
#12442=CARTESIAN_POINT('',(18.131681662143,70.8778940210495,42.));
#12443=CARTESIAN_POINT('Origin',(4.98764058473891,2.12444838539749,42.));
#12444=CARTESIAN_POINT('',(10.7555913847063,32.2952679544579,43.));
#12445=CARTESIAN_POINT('',(10.7555913847063,32.2952679544579,36.));
#12446=CARTESIAN_POINT('Origin',(4.98764058473891,2.12444838539749,42.));
#12447=CARTESIAN_POINT('',(10.7555913847063,32.2952679544579,43.));
#12448=CARTESIAN_POINT('',(10.7555913847063,32.2952679544579,36.));
#12449=CARTESIAN_POINT('Origin',(47.2573964000814,37.4558936594286,42.));
#12450=CARTESIAN_POINT('',(53.4404512875459,48.8193458850414,43.));
#12451=CARTESIAN_POINT('',(53.4404512875459,48.8193458850414,36.));
#12452=CARTESIAN_POINT('Origin',(103.985826063675,38.5,42.));
#12453=CARTESIAN_POINT('',(105.174486914612,38.5,43.));
#12454=CARTESIAN_POINT('',(90.2429130318374,38.5,43.));
#12455=CARTESIAN_POINT('',(105.174486914612,38.5,36.));
#12456=CARTESIAN_POINT('',(105.174486914612,38.5,42.));
#12457=CARTESIAN_POINT('',(90.2429130318375,38.5,36.));
#12458=CARTESIAN_POINT('Origin',(124.242603599919,3.45589365942864,42.));
#12459=CARTESIAN_POINT('',(108.809548712456,31.8193458850422,43.));
#12460=CARTESIAN_POINT('',(108.809548712456,31.8193458850422,36.));
#12461=CARTESIAN_POINT('Origin',(76.5,51.,43.));
#12462=CARTESIAN_POINT('Origin',(64.9056695745317,37.3535533905932,36.3535533905933));
#12463=CARTESIAN_POINT('',(54.3113391490633,37.4999999999999,36.));
#12464=CARTESIAN_POINT('',(54.0184459302499,37.2071067811865,36.7071067811865));
#12465=CARTESIAN_POINT('',(53.8712155559735,37.0598764069101,37.0625523475578));
#12466=CARTESIAN_POINT('',(98.6886608509407,37.4999999999999,36.));
#12467=CARTESIAN_POINT('',(64.9056695745317,37.4999999999999,36.));
#12468=CARTESIAN_POINT('',(98.9815540697542,37.2071067811865,36.7071067811865));
#12469=CARTESIAN_POINT('',(96.7225576487341,39.4661032022066,31.2534069842076));
#12470=CARTESIAN_POINT('',(64.9056695745317,37.2071067811865,36.7071067811865));
#12471=CARTESIAN_POINT('Origin',(53.3113391490633,36.4999999999999,36.));
#12472=CARTESIAN_POINT('',(96.6886608509407,39.4999999999999,39.));
#12473=CARTESIAN_POINT('',(91.9591072339612,44.2295536169795,43.7295536169796));
#12474=CARTESIAN_POINT('',(56.3113391490633,39.4999999999999,39.));
#12475=CARTESIAN_POINT('',(76.500000000002,39.4999999999999,39.));
#12476=CARTESIAN_POINT('',(54.3113391490633,37.4999999999999,37.));
#12477=CARTESIAN_POINT('Origin',(99.6886608509407,36.4999999999999,42.));
#12478=CARTESIAN_POINT('',(61.0408927660429,44.2295536169795,34.2704463830204));
#12479=CARTESIAN_POINT('',(98.6886608509407,37.4999999999999,41.));
#12480=CARTESIAN_POINT('Origin',(53.3113391490633,36.4999999999999,42.));
#12481=CARTESIAN_POINT('',(53.3113391490633,36.4999999999999,36.));
#12482=CARTESIAN_POINT('',(53.3113391490632,36.4999999999999,42.));
#12483=CARTESIAN_POINT('',(62.7335043617975,45.9221652127341,36.));
#12484=CARTESIAN_POINT('Origin',(99.6886608509407,36.4999999999999,36.));
#12485=CARTESIAN_POINT('',(99.6886608509407,36.4999999999999,36.));
#12486=CARTESIAN_POINT('',(99.6886608509407,36.5,39.));
#12487=CARTESIAN_POINT('',(90.2664956382056,45.9221652127351,36.));
#12488=CARTESIAN_POINT('Origin',(103.985826063675,36.5,42.));
#12489=CARTESIAN_POINT('',(49.014173936329,36.5,36.));
#12490=CARTESIAN_POINT('',(49.014173936329,36.5,42.));
#12491=CARTESIAN_POINT('',(103.985826063675,36.5,36.));
#12492=CARTESIAN_POINT('Origin',(80.5,98.6464466094067,36.3535533905933));
#12493=CARTESIAN_POINT('',(126.846132478744,98.5,36.));
#12494=CARTESIAN_POINT('',(127.139025697558,98.7928932188135,36.7071067811865));
#12495=CARTESIAN_POINT('',(124.077624080568,95.7314916018235,29.3162294775786));
#12496=CARTESIAN_POINT('',(85.4999999999998,98.5,36.));
#12497=CARTESIAN_POINT('',(80.5,98.5,36.));
#12498=CARTESIAN_POINT('',(85.2071067811864,98.7928932188135,36.7071067811865));
#12499=CARTESIAN_POINT('',(84.0638697904485,99.9361302095514,39.4671250292326));
#12500=CARTESIAN_POINT('',(80.5,98.7928932188135,36.7071067811865));
#12501=CARTESIAN_POINT('Origin',(84.4999999999999,99.5,36.));
#12502=CARTESIAN_POINT('',(87.4999999999999,96.5,39.));
#12503=CARTESIAN_POINT('',(85.4999999999999,98.5,37.));
#12504=CARTESIAN_POINT('',(124.846132478744,96.5,39.));
#12505=CARTESIAN_POINT('',(106.173066239372,96.5,39.));
#12506=CARTESIAN_POINT('',(120.62177706562,92.275644586876,43.2243554131241));
#12507=CARTESIAN_POINT('Origin',(127.846132478744,99.5,36.));
#12508=CARTESIAN_POINT('',(126.846132478744,98.5,41.));
#12509=CARTESIAN_POINT('',(127.846132478744,99.5,36.));
#12510=CARTESIAN_POINT('',(127.846132478744,99.5,39.));
#12511=CARTESIAN_POINT('',(102.884599359058,74.5384668803139,36.));
#12512=CARTESIAN_POINT('Origin',(127.846132478744,99.5,42.));
#12513=CARTESIAN_POINT('',(91.724355413124,92.2756445868759,34.7756445868759));
#12514=CARTESIAN_POINT('Origin',(84.4999999999999,99.5,42.));
#12515=CARTESIAN_POINT('',(84.4999999999999,99.5,36.));
#12516=CARTESIAN_POINT('',(94.6249999999999,89.375,36.));
#12517=CARTESIAN_POINT('',(84.4999999999998,99.5,42.));
#12518=CARTESIAN_POINT('Origin',(21.5673344015693,99.5,42.));
#12519=CARTESIAN_POINT('',(131.432665598431,99.5,36.));
#12520=CARTESIAN_POINT('',(131.432665598431,99.5,42.));
#12521=CARTESIAN_POINT('',(21.5673344015693,99.5,36.));
#12522=CARTESIAN_POINT('Origin',(21.5673344015693,99.5,42.));
#12523=CARTESIAN_POINT('',(68.5,99.5,36.));
#12524=CARTESIAN_POINT('',(21.5673344015693,99.5,36.));
#12525=CARTESIAN_POINT('',(68.5,99.5,42.));
#12526=CARTESIAN_POINT('Origin',(111.540713298196,3.3535533905933,36.3535533905933));
#12527=CARTESIAN_POINT('',(145.581426596391,3.50000000000004,36.));
#12528=CARTESIAN_POINT('',(145.874319815205,3.20710678118656,36.7071067811866));
#12529=CARTESIAN_POINT('',(144.524034628621,4.55739196777006,33.4472299706654));
#12530=CARTESIAN_POINT('',(126.895767632119,3.20710678118656,36.7071067811866));
#12531=CARTESIAN_POINT('',(111.540713298196,3.20710678118656,36.7071067811866));
#12532=CARTESIAN_POINT('',(127.188660850933,3.50000000000004,36.));
#12533=CARTESIAN_POINT('',(125.997620348442,2.30895949750937,38.8754261344485));
#12534=CARTESIAN_POINT('',(111.540713298196,3.50000000000004,36.));
#12535=CARTESIAN_POINT('Origin',(76.5,51.,36.));
#12536=CARTESIAN_POINT('',(30.5141739363329,2.5,36.));
#12537=CARTESIAN_POINT('',(49.014173936329,36.5,36.));
#12538=CARTESIAN_POINT('',(26.8113391490671,2.49999999999998,36.));
#12539=CARTESIAN_POINT('',(30.5141739363329,2.5,36.));
#12540=CARTESIAN_POINT('',(25.8113391490671,3.49999999999998,36.));
#12541=CARTESIAN_POINT('',(27.1085043618003,2.20283478726675,36.));
#12542=CARTESIAN_POINT('',(7.41857340360836,3.49999999999998,36.));
#12543=CARTESIAN_POINT('',(41.4592867018042,3.49999999999998,36.));
#12544=CARTESIAN_POINT('',(6.41857340360836,2.49999999999998,36.));
#12545=CARTESIAN_POINT('',(36.0639300527063,32.1453566490979,36.));
#12546=CARTESIAN_POINT('',(3.02321675451045,2.49999999999999,36.));
#12547=CARTESIAN_POINT('',(30.5141739363329,2.5,36.));
#12548=CARTESIAN_POINT('',(8.54295358020297,31.3724695497763,36.));
#12549=CARTESIAN_POINT('',(3.02321675451045,2.49999999999999,36.));
#12550=CARTESIAN_POINT('',(9.71294130261844,32.1669056575893,36.));
#12551=CARTESIAN_POINT('',(36.3599173667686,50.2605313801603,36.));
#12552=CARTESIAN_POINT('',(16.806135367588,69.269766920507,36.));
#12553=CARTESIAN_POINT('',(16.2676207222244,66.4529210832204,36.));
#12554=CARTESIAN_POINT('',(16.011699259775,70.4397546429225,36.));
#12555=CARTESIAN_POINT('',(30.0728935365015,49.7314503444707,36.));
#12556=CARTESIAN_POINT('',(21.5673344015693,99.5,36.));
#12557=CARTESIAN_POINT('',(3.02321675451045,2.49999999999999,36.));
#12558=CARTESIAN_POINT('',(25.1538675212554,99.5,36.));
#12559=CARTESIAN_POINT('',(21.5673344015693,99.5,36.));
#12560=CARTESIAN_POINT('',(26.1538675212554,98.5,36.));
#12561=CARTESIAN_POINT('',(50.1154006409416,74.5384668803138,36.));
#12562=CARTESIAN_POINT('',(67.5,98.5,36.));
#12563=CARTESIAN_POINT('',(72.5,98.5,36.));
#12564=CARTESIAN_POINT('',(58.375,89.375,36.));
#12565=CARTESIAN_POINT('',(136.988300740225,70.4397546429225,36.));
#12566=CARTESIAN_POINT('',(131.432665598431,99.5,36.));
#12567=CARTESIAN_POINT('',(136.193864632412,69.2697669205069,36.));
#12568=CARTESIAN_POINT('',(122.927106463498,49.7314503444708,36.));
#12569=CARTESIAN_POINT('',(143.287058697381,32.1669056575893,36.));
#12570=CARTESIAN_POINT('',(136.732379277775,66.4529210832203,36.));
#12571=CARTESIAN_POINT('',(144.457046419797,31.3724695497763,36.));
#12572=CARTESIAN_POINT('',(116.640082633231,50.2605313801603,36.));
#12573=CARTESIAN_POINT('',(149.97678324549,2.5,36.));
#12574=CARTESIAN_POINT('',(131.432665598431,99.5,36.));
#12575=CARTESIAN_POINT('',(146.581426596392,2.49999999999999,36.));
#12576=CARTESIAN_POINT('',(149.97678324549,2.5,36.));
#12577=CARTESIAN_POINT('',(116.936069947294,32.1453566490979,36.));
#12578=CARTESIAN_POINT('',(126.188660850933,2.49999999999999,36.));
#12579=CARTESIAN_POINT('',(125.8914956382,2.20283478726682,36.));
#12580=CARTESIAN_POINT('',(122.485826063671,2.5,36.));
#12581=CARTESIAN_POINT('',(149.97678324549,2.5,36.));
#12582=CARTESIAN_POINT('',(103.985826063675,36.5,36.));
#12583=CARTESIAN_POINT('',(122.485826063671,2.5,36.));
#12584=CARTESIAN_POINT('',(103.985826063675,36.5,36.));
#12585=CARTESIAN_POINT('Origin',(126.188660850933,2.49999999999999,36.));
#12586=CARTESIAN_POINT('',(129.188660850933,5.49999999999998,39.));
#12587=CARTESIAN_POINT('',(129.587455141843,5.89879429090978,39.3987942909098));
#12588=CARTESIAN_POINT('',(127.188660850933,3.49999999999999,41.));
#12589=CARTESIAN_POINT('',(126.188660850933,2.50000000000007,39.));
#12590=CARTESIAN_POINT('Origin',(126.188660850933,2.49999999999999,42.));
#12591=CARTESIAN_POINT('',(143.581426596392,5.49999999999999,39.));
#12592=CARTESIAN_POINT('',(143.182632305482,5.89879429090978,38.6012057090902));
#12593=CARTESIAN_POINT('',(136.385043723662,5.49999999999999,39.));
#12594=CARTESIAN_POINT('Origin',(146.581426596392,2.49999999999999,42.));
#12595=CARTESIAN_POINT('',(145.581426596392,3.49999999999999,37.));
#12596=CARTESIAN_POINT('',(146.581426596391,2.50000000000001,42.));
#12597=CARTESIAN_POINT('Origin',(146.581426596392,2.49999999999999,36.));
#12598=CARTESIAN_POINT('Origin',(149.97678324549,2.5,42.));
#12599=CARTESIAN_POINT('',(122.485826063671,2.5,42.));
#12600=CARTESIAN_POINT('Origin',(149.97678324549,2.5,42.));
#12601=CARTESIAN_POINT('',(149.97678324549,2.5,42.));
#12602=CARTESIAN_POINT('Origin',(136.876220882463,66.4804202135282,36.3535533905933));
#12603=CARTESIAN_POINT('',(143.629740167372,31.9342207088303,36.7071067811866));
#12604=CARTESIAN_POINT('',(140.902752687813,33.7858788739626,31.0800988806428));
#12605=CARTESIAN_POINT('',(136.426549581171,69.6124483904974,36.7071067811866));
#12606=CARTESIAN_POINT('',(136.935559451945,70.3620811092747,38.2539379502644));
#12607=CARTESIAN_POINT('',(137.02006248715,66.5079193438361,36.7071067811866));
#12608=CARTESIAN_POINT('Origin',(136.988300740225,70.4397546429225,36.));
#12609=CARTESIAN_POINT('',(134.604992416786,66.9297914756761,39.));
#12610=CARTESIAN_POINT('',(136.193864632412,69.269766920507,37.));
#12611=CARTESIAN_POINT('',(140.94708325255,33.7557778732152,39.));
#12612=CARTESIAN_POINT('',(137.776037834668,50.3427846744457,39.));
#12613=CARTESIAN_POINT('',(136.701041291011,36.638892785372,42.629133776527));
#12614=CARTESIAN_POINT('Origin',(144.457046419797,31.3724695497763,36.));
#12615=CARTESIAN_POINT('',(143.287058697381,32.1669056575893,41.));
#12616=CARTESIAN_POINT('',(144.457046419797,31.3724695497764,39.));
#12617=CARTESIAN_POINT('Origin',(144.457046419797,31.3724695497763,42.));
#12618=CARTESIAN_POINT('',(131.721877504629,62.6837495141361,35.370866223473));
#12619=CARTESIAN_POINT('Origin',(136.988300740225,70.4397546429225,42.));
#12620=CARTESIAN_POINT('',(136.988300740225,70.4397546429225,42.));
#12621=CARTESIAN_POINT('Origin',(131.432665598431,99.5,42.));
#12622=CARTESIAN_POINT('Origin',(131.432665598431,99.5,42.));
#12623=CARTESIAN_POINT('Origin',(72.5,98.6464466094067,36.3535533905933));
#12624=CARTESIAN_POINT('',(67.7928932188134,98.7928932188135,36.7071067811866));
#12625=CARTESIAN_POINT('',(68.9361302095513,99.9361302095514,39.4671250292326));
#12626=CARTESIAN_POINT('',(25.860974302442,98.7928932188135,36.7071067811866));
#12627=CARTESIAN_POINT('',(28.9223759194319,95.7314916018236,29.3162294775786));
#12628=CARTESIAN_POINT('',(72.5,98.7928932188135,36.7071067811866));
#12629=CARTESIAN_POINT('Origin',(68.5,99.5,36.));
#12630=CARTESIAN_POINT('',(28.1538675212554,96.5,39.));
#12631=CARTESIAN_POINT('',(32.3782229343795,92.275644586876,43.2243554131241));
#12632=CARTESIAN_POINT('',(65.5,96.5,39.));
#12633=CARTESIAN_POINT('',(46.8269337606277,96.5,39.));
#12634=CARTESIAN_POINT('',(67.5,98.5,37.));
#12635=CARTESIAN_POINT('Origin',(25.1538675212554,99.5,36.));
#12636=CARTESIAN_POINT('',(25.1538675212554,99.5,39.));
#12637=CARTESIAN_POINT('',(26.1538675212554,98.5,41.));
#12638=CARTESIAN_POINT('Origin',(25.1538675212554,99.5,42.));
#12639=CARTESIAN_POINT('',(61.2756445868759,92.2756445868759,34.7756445868759));
#12640=CARTESIAN_POINT('Origin',(68.5,99.5,42.));
#12641=CARTESIAN_POINT('Origin',(21.5673344015693,99.5,42.));
#12642=CARTESIAN_POINT('',(21.5673344015693,99.5,42.));
#12643=CARTESIAN_POINT('Origin',(41.4592867018042,3.35355339059325,36.3535533905933));
#12644=CARTESIAN_POINT('',(7.12568018479491,3.20710678118652,36.7071067811865));
#12645=CARTESIAN_POINT('',(8.47596537137827,4.55739196776988,33.4472299706655));
#12646=CARTESIAN_POINT('',(26.1042323678806,3.20710678118653,36.7071067811865));
#12647=CARTESIAN_POINT('',(27.0023796515577,2.3089594975094,38.8754261344484));
#12648=CARTESIAN_POINT('',(41.4592867018042,3.20710678118653,36.7071067811865));
#12649=CARTESIAN_POINT('Origin',(6.41857340360836,2.49999999999998,36.));
#12650=CARTESIAN_POINT('',(23.8113391490671,5.49999999999998,39.));
#12651=CARTESIAN_POINT('',(23.4125448581573,5.89879429090978,39.3987942909098));
#12652=CARTESIAN_POINT('',(9.41857340360836,5.49999999999998,39.));
#12653=CARTESIAN_POINT('',(16.6149562763377,5.49999999999998,39.));
#12654=CARTESIAN_POINT('',(7.41857340360836,3.49999999999998,37.));
#12655=CARTESIAN_POINT('Origin',(26.8113391490671,2.49999999999998,36.));
#12656=CARTESIAN_POINT('',(26.8113391490671,2.5,39.));
#12657=CARTESIAN_POINT('',(25.8113391490671,3.49999999999998,41.));
#12658=CARTESIAN_POINT('Origin',(26.8113391490671,2.49999999999998,42.));
#12659=CARTESIAN_POINT('',(9.81736769451815,5.89879429090977,38.6012057090902));
#12660=CARTESIAN_POINT('Origin',(6.41857340360836,2.49999999999998,42.));
#12661=CARTESIAN_POINT('',(6.41857340360834,2.49999999999996,42.));
#12662=CARTESIAN_POINT('Origin',(30.5141739363329,2.5,42.));
#12663=CARTESIAN_POINT('',(30.5141739363329,2.5,42.));
#12664=CARTESIAN_POINT('Origin',(30.5141739363329,2.5,42.));
#12665=CARTESIAN_POINT('',(3.02321675451045,2.49999999999999,42.));
#12666=CARTESIAN_POINT('Origin',(16.123779117537,66.4804202135282,36.3535533905933));
#12667=CARTESIAN_POINT('',(16.573450418829,69.6124483904975,36.7071067811865));
#12668=CARTESIAN_POINT('',(16.0644405480544,70.3620811092747,38.2539379502644));
#12669=CARTESIAN_POINT('',(9.37025983262795,31.9342207088303,36.7071067811866));
#12670=CARTESIAN_POINT('',(12.0972473121862,33.7858788739624,31.0800988806428));
#12671=CARTESIAN_POINT('',(15.9799375128497,66.5079193438361,36.7071067811865));
#12672=CARTESIAN_POINT('Origin',(16.011699259775,70.4397546429225,36.));
#12673=CARTESIAN_POINT('',(12.0529167474494,33.7557778732152,39.));
#12674=CARTESIAN_POINT('',(16.2989587089893,36.638892785372,42.629133776527));
#12675=CARTESIAN_POINT('',(18.395007583214,66.929791475676,39.));
#12676=CARTESIAN_POINT('',(15.2239621653317,50.3427846744456,39.));
#12677=CARTESIAN_POINT('',(16.806135367588,69.269766920507,37.));
#12678=CARTESIAN_POINT('Origin',(8.54295358020297,31.3724695497763,36.));
#12679=CARTESIAN_POINT('',(8.54295358020297,31.3724695497763,39.));
#12680=CARTESIAN_POINT('',(9.71294130261845,32.1669056575893,41.));
#12681=CARTESIAN_POINT('Origin',(8.54295358020297,31.3724695497763,42.));
#12682=CARTESIAN_POINT('',(21.2781224953707,62.6837495141361,35.370866223473));
#12683=CARTESIAN_POINT('Origin',(16.011699259775,70.4397546429225,42.));
#12684=CARTESIAN_POINT('',(16.011699259775,70.4397546429225,42.));
#12685=CARTESIAN_POINT('Origin',(3.02321675451045,2.49999999999999,42.));
#12686=CARTESIAN_POINT('Origin',(3.02321675451045,2.49999999999999,42.));
#12687=CARTESIAN_POINT('Origin',(49.014173936329,36.5,42.));
#12688=CARTESIAN_POINT('Origin',(103.985826063675,36.5,42.));
#12689=CARTESIAN_POINT('',(103.985826063675,36.5,42.));
#12690=CARTESIAN_POINT('Origin',(122.485826063671,2.5,42.));
#12691=CARTESIAN_POINT('Origin',(153.,0.,42.));
#12692=CARTESIAN_POINT('Origin',(178.994059955645,80.9533843245686,0.));
#12693=CARTESIAN_POINT('',(175.694059955645,80.9533843245686,2.));
#12694=CARTESIAN_POINT('',(178.994059955645,84.2533843245686,2.));
#12695=CARTESIAN_POINT('Origin',(178.994059955645,80.9533843245686,2.));
#12696=CARTESIAN_POINT('',(175.694059955645,80.9533843245686,5.));
#12697=CARTESIAN_POINT('',(175.694059955645,80.9533843245686,0.));
#12698=CARTESIAN_POINT('',(178.994059955645,84.2533843245686,5.));
#12699=CARTESIAN_POINT('Origin',(178.994059955645,80.9533843245686,5.));
#12700=CARTESIAN_POINT('',(178.994059955645,84.2533843245686,0.));
#12701=CARTESIAN_POINT('Origin',(191.744059955645,73.1033843245686,0.));
#12702=CARTESIAN_POINT('',(191.744059955645,73.1033843245686,0.));
#12703=CARTESIAN_POINT('',(178.994059955645,73.1033843245686,0.));
#12704=CARTESIAN_POINT('',(178.994059955645,73.1033843245686,0.));
#12705=CARTESIAN_POINT('',(178.994059955645,73.1033843245686,5.));
#12706=CARTESIAN_POINT('',(178.994059955645,73.1033843245686,0.));
#12707=CARTESIAN_POINT('',(191.744059955645,73.1033843245686,5.));
#12708=CARTESIAN_POINT('',(178.994059955645,73.1033843245686,5.));
#12709=CARTESIAN_POINT('',(191.744059955645,73.1033843245686,0.));
#12710=CARTESIAN_POINT('Origin',(191.744059955645,74.4033843245686,0.));
#12711=CARTESIAN_POINT('',(193.044059955645,74.4033843245686,0.));
#12712=CARTESIAN_POINT('Origin',(191.744059955645,74.4033843245686,0.));
#12713=CARTESIAN_POINT('',(193.044059955645,74.4033843245686,5.));
#12714=CARTESIAN_POINT('Origin',(191.744059955645,74.4033843245686,5.));
#12715=CARTESIAN_POINT('',(193.044059955645,74.4033843245686,0.));
#12716=CARTESIAN_POINT('Origin',(193.044059955645,80.9533843245686,0.));
#12717=CARTESIAN_POINT('',(193.044059955645,80.9533843245686,0.));
#12718=CARTESIAN_POINT('',(193.044059955645,74.4033843245686,0.));
#12719=CARTESIAN_POINT('',(193.044059955645,80.9533843245686,5.));
#12720=CARTESIAN_POINT('',(193.044059955645,74.4033843245686,5.));
#12721=CARTESIAN_POINT('',(193.044059955645,80.9533843245686,0.));
#12722=CARTESIAN_POINT('Origin',(191.744059955645,80.9533843245686,0.));
#12723=CARTESIAN_POINT('',(191.744059955645,82.2533843245686,0.));
#12724=CARTESIAN_POINT('Origin',(191.744059955645,80.9533843245686,0.));
#12725=CARTESIAN_POINT('',(191.744059955645,82.2533843245686,5.));
#12726=CARTESIAN_POINT('Origin',(191.744059955645,80.9533843245686,5.));
#12727=CARTESIAN_POINT('',(191.744059955645,82.2533843245686,0.));
#12728=CARTESIAN_POINT('Origin',(178.994059955645,82.2533843245686,0.));
#12729=CARTESIAN_POINT('',(178.994059955645,82.2533843245686,0.));
#12730=CARTESIAN_POINT('',(178.994059955645,82.2533843245686,0.));
#12731=CARTESIAN_POINT('',(178.994059955645,82.2533843245686,5.));
#12732=CARTESIAN_POINT('',(178.994059955645,82.2533843245686,5.));
#12733=CARTESIAN_POINT('',(178.994059955645,82.2533843245686,0.));
#12734=CARTESIAN_POINT('Origin',(178.994059955645,80.9533843245686,0.));
#12735=CARTESIAN_POINT('',(177.694059955645,80.9533843245686,0.));
#12736=CARTESIAN_POINT('Origin',(178.994059955645,80.9533843245686,0.));
#12737=CARTESIAN_POINT('',(177.694059955645,80.9533843245686,5.));
#12738=CARTESIAN_POINT('Origin',(178.994059955645,80.9533843245686,5.));
#12739=CARTESIAN_POINT('',(177.694059955645,80.9533843245686,0.));
#12740=CARTESIAN_POINT('Origin',(177.694059955645,74.4033843245686,0.));
#12741=CARTESIAN_POINT('',(177.694059955645,74.4033843245686,0.));
#12742=CARTESIAN_POINT('',(177.694059955645,74.4033843245686,0.));
#12743=CARTESIAN_POINT('',(177.694059955645,74.4033843245686,5.));
#12744=CARTESIAN_POINT('',(177.694059955645,74.4033843245686,5.));
#12745=CARTESIAN_POINT('',(177.694059955645,74.4033843245686,0.));
#12746=CARTESIAN_POINT('Origin',(178.994059955645,74.4033843245686,0.));
#12747=CARTESIAN_POINT('Origin',(178.994059955645,74.4033843245686,0.));
#12748=CARTESIAN_POINT('Origin',(178.994059955645,74.4033843245686,5.));
#12749=CARTESIAN_POINT('Origin',(191.744059955645,80.9533843245686,0.));
#12750=CARTESIAN_POINT('',(191.744059955645,84.2533843245686,2.));
#12751=CARTESIAN_POINT('',(195.044059955645,80.9533843245686,2.));
#12752=CARTESIAN_POINT('Origin',(191.744059955645,80.9533843245686,2.));
#12753=CARTESIAN_POINT('',(191.744059955645,84.2533843245686,5.));
#12754=CARTESIAN_POINT('',(191.744059955645,84.2533843245686,0.));
#12755=CARTESIAN_POINT('',(195.044059955645,80.9533843245686,5.));
#12756=CARTESIAN_POINT('Origin',(191.744059955645,80.9533843245686,5.));
#12757=CARTESIAN_POINT('',(195.044059955645,80.9533843245686,0.));
#12758=CARTESIAN_POINT('Origin',(191.744059955645,74.4033843245686,0.));
#12759=CARTESIAN_POINT('',(195.044059955645,74.4033843245686,2.));
#12760=CARTESIAN_POINT('',(191.744059955645,71.1033843245686,2.));
#12761=CARTESIAN_POINT('Origin',(191.744059955645,74.4033843245686,2.));
#12762=CARTESIAN_POINT('',(195.044059955645,74.4033843245686,5.));
#12763=CARTESIAN_POINT('',(195.044059955645,74.4033843245686,0.));
#12764=CARTESIAN_POINT('',(191.744059955645,71.1033843245686,5.));
#12765=CARTESIAN_POINT('Origin',(191.744059955645,74.4033843245686,5.));
#12766=CARTESIAN_POINT('',(191.744059955645,71.1033843245686,0.));
#12767=CARTESIAN_POINT('Origin',(178.994059955645,74.4033843245686,0.));
#12768=CARTESIAN_POINT('',(178.994058156982,71.1033843245686,2.));
#12769=CARTESIAN_POINT('',(175.694059955645,74.4033843245686,2.));
#12770=CARTESIAN_POINT('Origin',(178.994059955645,74.4033843245686,2.));
#12771=CARTESIAN_POINT('',(178.994058156982,71.1033843245686,5.));
#12772=CARTESIAN_POINT('',(178.994058156982,71.1033843245686,0.));
#12773=CARTESIAN_POINT('',(175.694059955645,74.4033843245686,5.));
#12774=CARTESIAN_POINT('Origin',(178.994059955645,74.4033843245686,5.));
#12775=CARTESIAN_POINT('',(175.694059955645,74.4033843245686,0.));
#12776=CARTESIAN_POINT('Origin',(185.369059955646,77.6783843245683,5.));
#12777=CARTESIAN_POINT('',(175.694059955645,71.1033843245686,5.));
#12778=CARTESIAN_POINT('',(195.044059955645,71.1033843245686,5.));
#12779=CARTESIAN_POINT('',(195.044059955645,84.2533843245686,5.));
#12780=CARTESIAN_POINT('',(175.694059955645,84.2533843245686,5.));
#12781=CARTESIAN_POINT('Origin',(177.344059056313,72.7533843245686,2.));
#12782=CARTESIAN_POINT('',(175.694059955645,71.1033843245686,2.));
#12783=CARTESIAN_POINT('',(195.044059955645,71.1033843245686,2.));
#12784=CARTESIAN_POINT('',(175.694059955645,71.1033843245686,2.));
#12785=CARTESIAN_POINT('Origin',(191.744059955645,71.1033843245686,0.));
#12786=CARTESIAN_POINT('',(195.044059955645,71.1033843245686,0.));
#12787=CARTESIAN_POINT('',(175.694059955645,71.1033843245686,0.));
#12788=CARTESIAN_POINT('',(195.044059955645,71.1033843245686,0.));
#12789=CARTESIAN_POINT('',(195.044059955645,71.1033843245686,2.));
#12790=CARTESIAN_POINT('',(195.044059955645,71.1033843245686,0.));
#12791=CARTESIAN_POINT('',(195.044059955645,71.1033843245686,2.));
#12792=CARTESIAN_POINT('',(175.694059955645,71.1033843245686,0.));
#12793=CARTESIAN_POINT('Origin',(193.394059955646,72.7533843245683,2.));
#12794=CARTESIAN_POINT('',(195.044059955645,84.2533843245686,2.));
#12795=CARTESIAN_POINT('Origin',(195.044059955645,80.9533843245686,0.));
#12796=CARTESIAN_POINT('',(195.044059955645,84.2533843245686,0.));
#12797=CARTESIAN_POINT('',(195.044059955645,84.2533843245686,0.));
#12798=CARTESIAN_POINT('',(195.044059955645,84.2533843245686,2.));
#12799=CARTESIAN_POINT('',(195.044059955645,84.2533843245686,0.));
#12800=CARTESIAN_POINT('',(195.044059955645,84.2533843245686,2.));
#12801=CARTESIAN_POINT('Origin',(193.394059955645,82.6033843245686,2.));
#12802=CARTESIAN_POINT('',(175.694059955645,84.2533843245686,2.));
#12803=CARTESIAN_POINT('Origin',(175.694059955645,84.2533843245686,0.));
#12804=CARTESIAN_POINT('',(175.694059955645,84.2533843245686,0.));
#12805=CARTESIAN_POINT('',(175.694059955645,71.1033843245686,0.));
#12806=CARTESIAN_POINT('',(175.694059955645,84.2533843245686,2.));
#12807=CARTESIAN_POINT('',(175.694059955645,71.1033843245686,2.));
#12808=CARTESIAN_POINT('',(175.694059955645,84.2533843245686,0.));
#12809=CARTESIAN_POINT('Origin',(178.994059955645,84.2533843245686,0.));
#12810=CARTESIAN_POINT('',(175.694059955645,84.2533843245686,0.));
#12811=CARTESIAN_POINT('',(175.694059955645,84.2533843245686,2.));
#12812=CARTESIAN_POINT('Origin',(177.344059955645,82.6033843245686,2.));
#12813=CARTESIAN_POINT('Origin',(177.344059955645,82.6033843245686,0.));
#12814=CARTESIAN_POINT('Origin',(224.594059955645,68.3033843245681,12.7500000000004));
#12815=CARTESIAN_POINT('',(224.594059955645,68.3033843245681,12.2500000000004));
#12816=CARTESIAN_POINT('',(224.594059955645,62.3033843245681,12.2500000000004));
#12817=CARTESIAN_POINT('',(224.594059955645,68.3033843245682,12.2500000000005));
#12818=CARTESIAN_POINT('',(224.594059955645,68.3033843245681,9.57500000000021));
#12819=CARTESIAN_POINT('',(224.594059955645,68.3033843245681,6.40000000000066));
#12820=CARTESIAN_POINT('',(224.594059955645,62.3033843245681,9.5750000000002));
#12821=CARTESIAN_POINT('',(224.594059955645,66.8033843245681,9.57500000000021));
#12822=CARTESIAN_POINT('',(224.594059955645,62.3033843245681,6.40000000000066));
#12823=CARTESIAN_POINT('Origin',(212.144059955645,68.3033843245681,6.40000000000003));
#12824=CARTESIAN_POINT('',(212.144059955645,62.3033843245681,12.2500000000005));
#12825=CARTESIAN_POINT('',(212.144059955645,68.3033843245681,12.2500000000005));
#12826=CARTESIAN_POINT('',(212.144059955645,68.3033843245681,12.2500000000005));
#12827=CARTESIAN_POINT('',(212.144059955645,62.3033843245681,9.57500000000025));
#12828=CARTESIAN_POINT('',(212.144059955645,62.3033843245681,6.40000000000003));
#12829=CARTESIAN_POINT('',(212.144059955645,68.3033843245681,9.57500000000025));
#12830=CARTESIAN_POINT('',(212.144059955645,66.8033843245681,9.57500000000025));
#12831=CARTESIAN_POINT('',(212.144059955645,68.3033843245681,6.40000000000003));
#12832=CARTESIAN_POINT('Origin',(212.094059955645,68.3033843245681,12.2500000000005));
#12833=CARTESIAN_POINT('',(212.094059955645,62.3033843245681,12.2500000000005));
#12834=CARTESIAN_POINT('',(212.094059955645,68.3033843245681,12.2500000000005));
#12835=CARTESIAN_POINT('Origin',(228.544059955645,65.3033843245682,19.1500000000003));
#12836=CARTESIAN_POINT('',(230.644059955645,65.3033843245682,19.1500000000003));
#12837=CARTESIAN_POINT('Origin',(228.544059955645,65.3033843245682,19.1500000000004));
#12838=CARTESIAN_POINT('',(230.644059955645,65.3033843245682,17.6500000000003));
#12839=CARTESIAN_POINT('',(230.644059955645,65.3033843245682,19.1500000000003));
#12840=CARTESIAN_POINT('Origin',(228.544059955645,65.3033843245682,17.6500000000003));
#12841=CARTESIAN_POINT('Origin',(228.544059955645,65.3033843245682,17.6500000000003));
#12842=CARTESIAN_POINT('',(229.644059955645,65.3033843245682,17.6500000000003));
#12843=CARTESIAN_POINT('Origin',(228.544059955645,65.3033843245682,17.6500000000003));
#12844=CARTESIAN_POINT('Origin',(208.194059955645,65.3033843245681,19.1500000000004));
#12845=CARTESIAN_POINT('',(210.294059955645,65.3033843245681,19.1500000000004));
#12846=CARTESIAN_POINT('Origin',(208.194059955645,65.3033843245681,19.1500000000004));
#12847=CARTESIAN_POINT('',(210.294059955645,65.3033843245681,17.6500000000004));
#12848=CARTESIAN_POINT('',(210.294059955645,65.3033843245681,19.1500000000004));
#12849=CARTESIAN_POINT('Origin',(208.194059955645,65.3033843245681,17.6500000000004));
#12850=CARTESIAN_POINT('Origin',(208.194059955645,65.3033843245681,17.6500000000004));
#12851=CARTESIAN_POINT('',(209.294059955645,65.3033843245681,17.6500000000004));
#12852=CARTESIAN_POINT('Origin',(208.194059955645,65.3033843245681,17.6500000000004));
#12853=CARTESIAN_POINT('Origin',(228.544059955645,65.3033843245682,19.1500000000003));
#12854=CARTESIAN_POINT('',(229.644059955645,65.3033843245682,9.57500000000019));
#12855=CARTESIAN_POINT('',(229.644059955645,65.3033843245682,19.1500000000003));
#12856=CARTESIAN_POINT('Origin',(228.544059955645,65.3033843245682,9.57500000000019));
#12857=CARTESIAN_POINT('Origin',(208.194059955645,65.3033843245681,19.1500000000004));
#12858=CARTESIAN_POINT('',(209.294059955645,65.3033843245681,9.57500000000026));
#12859=CARTESIAN_POINT('',(209.294059955645,65.3033843245681,19.1500000000004));
#12860=CARTESIAN_POINT('Origin',(208.194059955645,65.3033843245681,9.57500000000026));
#12861=CARTESIAN_POINT('Origin',(218.369059955645,62.3033843245681,9.5750000000002));
#12862=CARTESIAN_POINT('',(205.694059955645,62.3033843245681,9.57500000000027));
#12863=CARTESIAN_POINT('',(218.369059955645,62.3033843245681,9.57500000000023));
#12864=CARTESIAN_POINT('',(231.044059955645,62.3033843245682,9.57500000000018));
#12865=CARTESIAN_POINT('',(218.369059955645,62.3033843245681,9.57500000000023));
#12866=CARTESIAN_POINT('',(231.044059955645,62.3033843245682,19.1500000000004));
#12867=CARTESIAN_POINT('',(231.044059955645,62.3033843245682,19.1500000000004));
#12868=CARTESIAN_POINT('',(205.694059955645,62.3033843245681,19.1500000000005));
#12869=CARTESIAN_POINT('',(205.694059955645,62.3033843245681,19.1500000000005));
#12870=CARTESIAN_POINT('',(205.694059955645,62.3033843245681,-1.77635683940025E-14));
#12871=CARTESIAN_POINT('',(219.369059955645,62.3033843245681,16.6500000000004));
#12872=CARTESIAN_POINT('Origin',(218.369059955645,62.3033843245681,16.6500000000004));
#12873=CARTESIAN_POINT('Origin',(231.044059955645,68.3033843245682,19.1500000000004));
#12874=CARTESIAN_POINT('',(205.694059955645,68.3033843245681,19.1500000000005));
#12875=CARTESIAN_POINT('',(231.044059955645,68.3033843245682,19.1500000000004));
#12876=CARTESIAN_POINT('',(205.694059955645,68.3033843245681,19.1500000000005));
#12877=CARTESIAN_POINT('',(205.694059955645,68.3033843245681,19.1500000000005));
#12878=CARTESIAN_POINT('',(231.044059955645,68.3033843245682,19.1500000000004));
#12879=CARTESIAN_POINT('Origin',(218.369059955645,62.3033843245681,16.6500000000004));
#12880=CARTESIAN_POINT('',(219.369059955645,68.3033843245681,16.6500000000004));
#12881=CARTESIAN_POINT('',(219.369059955645,62.3033843245681,16.6500000000004));
#12882=CARTESIAN_POINT('Origin',(218.369059955645,68.3033843245681,16.6500000000004));
#12883=CARTESIAN_POINT('Origin',(231.044059955645,68.3033843245682,-1.77635683940025E-14));
#12884=CARTESIAN_POINT('',(231.044059955645,68.3033843245682,9.57500000000018));
#12885=CARTESIAN_POINT('',(231.044059955645,66.8033843245682,9.57500000000018));
#12886=CARTESIAN_POINT('',(231.044059955645,68.3033843245682,19.1500000000004));
#12887=CARTESIAN_POINT('Origin',(218.369059955645,68.3033843245681,9.5750000000002));
#12888=CARTESIAN_POINT('',(205.694059955645,68.3033843245681,9.57500000000027));
#12889=CARTESIAN_POINT('',(210.694059955645,68.3033843245681,9.57500000000026));
#12890=CARTESIAN_POINT('',(205.694059955645,68.3033843245681,-1.77635683940025E-14));
#12891=CARTESIAN_POINT('',(218.369059955645,68.3033843245681,9.57500000000023));
#12892=CARTESIAN_POINT('Origin',(205.694059955645,68.3033843245681,19.1500000000005));
#12893=CARTESIAN_POINT('',(205.694059955645,66.8033843245681,9.57500000000027));
#12894=CARTESIAN_POINT('Origin',(218.369059955645,65.3033843245681,9.57500000000023));
#12895=CARTESIAN_POINT('Origin',(218.369059955645,65.3033843245681,9.57500000000023));
#12896=CARTESIAN_POINT('Origin',(224.594059955645,68.3033843245681,12.7500000000004));
#12897=CARTESIAN_POINT('',(224.594059955645,62.3033843245681,6.89999999999997));
#12898=CARTESIAN_POINT('',(224.594059955645,68.3033843245681,6.89999999999997));
#12899=CARTESIAN_POINT('',(224.594059955645,68.3033843245681,6.89999999999997));
#12900=CARTESIAN_POINT('',(224.594059955645,62.3033843245681,9.57500000000021));
#12901=CARTESIAN_POINT('',(224.594059955645,62.3033843245681,6.40000000000066));
#12902=CARTESIAN_POINT('',(224.594059955645,68.3033843245681,9.57500000000021));
#12903=CARTESIAN_POINT('',(224.594059955645,66.8033843245681,9.57500000000021));
#12904=CARTESIAN_POINT('',(224.594059955645,68.3033843245681,6.40000000000066));
#12905=CARTESIAN_POINT('Origin',(212.144059955645,68.3033843245681,6.40000000000003));
#12906=CARTESIAN_POINT('',(212.144059955645,68.3033843245681,6.90000000000002));
#12907=CARTESIAN_POINT('',(212.144059955645,62.3033843245681,6.90000000000001));
#12908=CARTESIAN_POINT('',(212.144059955645,68.3033843245681,6.89999999999997));
#12909=CARTESIAN_POINT('',(212.144059955645,68.3033843245681,9.57500000000025));
#12910=CARTESIAN_POINT('',(212.144059955645,68.3033843245681,6.40000000000003));
#12911=CARTESIAN_POINT('',(212.144059955645,62.3033843245681,9.57500000000025));
#12912=CARTESIAN_POINT('',(212.144059955645,66.8033843245681,9.57500000000025));
#12913=CARTESIAN_POINT('',(212.144059955645,62.3033843245681,6.40000000000003));
#12914=CARTESIAN_POINT('Origin',(224.644059955645,68.3033843245681,6.89999999999997));
#12915=CARTESIAN_POINT('',(212.094059955645,68.3033843245681,6.90000000000002));
#12916=CARTESIAN_POINT('',(212.094059955645,62.3033843245681,6.90000000000002));
#12917=CARTESIAN_POINT('Origin',(228.544059955645,65.3033843245682,19.1500000000003));
#12918=CARTESIAN_POINT('',(229.644059955645,65.3033843245682,9.57500000000019));
#12919=CARTESIAN_POINT('Origin',(228.544059955645,65.3033843245682,9.57500000000019));
#12920=CARTESIAN_POINT('',(229.644059955645,65.3033843245682,-3.70170966696167E-14));
#12921=CARTESIAN_POINT('',(229.644059955645,65.3033843245682,19.1500000000003));
#12922=CARTESIAN_POINT('Origin',(228.544059955645,65.3033843245682,-3.33066907387547E-14));
#12923=CARTESIAN_POINT('Origin',(208.194059955645,65.3033843245681,19.1500000000004));
#12924=CARTESIAN_POINT('',(209.294059955645,65.3033843245681,9.57500000000026));
#12925=CARTESIAN_POINT('Origin',(208.194059955645,65.3033843245681,9.57500000000026));
#12926=CARTESIAN_POINT('',(209.294059955645,65.3033843245681,2.95962848078926E-14));
#12927=CARTESIAN_POINT('',(209.294059955645,65.3033843245681,19.1500000000004));
#12928=CARTESIAN_POINT('Origin',(208.194059955645,65.3033843245681,3.5527136788005E-14));
#12929=CARTESIAN_POINT('Origin',(218.369059955645,65.3033843245681,9.57500000000023));
#12930=CARTESIAN_POINT('',(205.694059955645,62.3033843245681,9.57500000000027));
#12931=CARTESIAN_POINT('',(205.694059955645,68.3033843245681,9.57500000000027));
#12932=CARTESIAN_POINT('',(205.694059955645,66.8033843245681,9.57500000000027));
#12933=CARTESIAN_POINT('',(210.694059955645,62.3033843245681,9.57500000000025));
#12934=CARTESIAN_POINT('',(218.369059955645,68.3033843245681,9.57500000000023));
#12935=CARTESIAN_POINT('Origin',(218.369059955645,65.3033843245681,9.57500000000023));
#12936=CARTESIAN_POINT('',(231.044059955645,68.3033843245682,9.57500000000018));
#12937=CARTESIAN_POINT('',(231.044059955645,62.3033843245682,9.57500000000018));
#12938=CARTESIAN_POINT('',(231.044059955645,66.8033843245682,9.57500000000018));
#12939=CARTESIAN_POINT('',(226.044059955645,68.3033843245681,9.5750000000002));
#12940=CARTESIAN_POINT('',(218.369059955645,62.3033843245681,9.57500000000023));
#12941=CARTESIAN_POINT('Origin',(218.369059955645,62.3033843245681,9.5750000000002));
#12942=CARTESIAN_POINT('',(205.694059955645,62.3033843245681,-1.77635683940025E-14));
#12943=CARTESIAN_POINT('',(205.694059955645,62.3033843245681,-1.77635683940025E-14));
#12944=CARTESIAN_POINT('',(231.044059955645,62.3033843245682,-1.77635683940025E-14));
#12945=CARTESIAN_POINT('',(212.094059955645,62.3033843245681,1.77635683940025E-14));
#12946=CARTESIAN_POINT('',(231.044059955645,62.3033843245682,19.1500000000004));
#12947=CARTESIAN_POINT('',(219.369059955645,62.3033843245681,2.49999999999997));
#12948=CARTESIAN_POINT('Origin',(218.369059955645,62.3033843245681,2.49999999999998));
#12949=CARTESIAN_POINT('Origin',(218.369059955645,62.3033843245681,2.49999999999998));
#12950=CARTESIAN_POINT('',(219.369059955645,68.3033843245681,2.49999999999997));
#12951=CARTESIAN_POINT('',(219.369059955645,62.3033843245681,2.49999999999998));
#12952=CARTESIAN_POINT('Origin',(218.369059955645,68.3033843245681,2.49999999999998));
#12953=CARTESIAN_POINT('Origin',(205.694059955645,68.3033843245681,19.1500000000005));
#12954=CARTESIAN_POINT('',(205.694059955645,68.3033843245681,-1.77635683940025E-14));
#12955=CARTESIAN_POINT('',(205.694059955645,68.3033843245681,-1.77635683940025E-14));
#12956=CARTESIAN_POINT('',(205.694059955645,68.3033843245681,-1.77635683940025E-14));
#12957=CARTESIAN_POINT('Origin',(231.044059955645,68.3033843245682,-1.77635683940025E-14));
#12958=CARTESIAN_POINT('',(231.044059955645,68.3033843245682,-1.77635683940025E-14));
#12959=CARTESIAN_POINT('',(231.044059955645,68.3033843245682,-1.77635683940025E-14));
#12960=CARTESIAN_POINT('',(231.044059955645,68.3033843245682,19.1500000000004));
#12961=CARTESIAN_POINT('Origin',(205.694059955645,68.3033843245681,4.44089209850063E-14));
#12962=CARTESIAN_POINT('',(212.094059955645,68.3033843245681,1.77635683940025E-14));
#12963=CARTESIAN_POINT('Origin',(218.369059955645,68.3033843245681,9.5750000000002));
#12964=CARTESIAN_POINT('Origin',(189.73501943499,43.503232881886,4.15));
#12965=CARTESIAN_POINT('',(190.920274642498,40.7472992663799,5.15));
#12966=CARTESIAN_POINT('',(192.708172774176,43.1027841065281,5.15));
#12967=CARTESIAN_POINT('Ctrl Pts',(192.708172774176,43.1027841065281,5.15));
#12968=CARTESIAN_POINT('Ctrl Pts',(192.612820824045,42.8591173147302,5.15));
#12969=CARTESIAN_POINT('Ctrl Pts',(192.499277408522,42.6209155013911,5.14440079066765));
#12970=CARTESIAN_POINT('Ctrl Pts',(192.22862911335,42.1469292697005,5.13512861480283));
#12971=CARTESIAN_POINT('Ctrl Pts',(192.07011593921,41.9130589109512,5.13195414924004));
#12972=CARTESIAN_POINT('Ctrl Pts',(191.705744997958,41.4578144968064,5.13452705183127));
#12973=CARTESIAN_POINT('Ctrl Pts',(191.49926047828,41.2393563503565,5.14074331493807));
#12974=CARTESIAN_POINT('Ctrl Pts',(191.160963261209,40.9366025763311,5.14804810401748));
#12975=CARTESIAN_POINT('Ctrl Pts',(191.042566463621,40.8393585270497,5.15));
#12976=CARTESIAN_POINT('Ctrl Pts',(190.920274642498,40.7472992663799,5.15));
#12977=CARTESIAN_POINT('',(189.73501943499,40.5032328818859,5.15));
#12978=CARTESIAN_POINT('Origin',(189.73501943499,43.503232881886,5.15));
#12979=CARTESIAN_POINT('',(189.73501943499,41.503232881886,4.15));
#12980=CARTESIAN_POINT('Origin',(189.73501943499,40.5032328818859,4.15));
#12981=CARTESIAN_POINT('',(191.73501943499,43.503232881886,4.15));
#12982=CARTESIAN_POINT('Origin',(189.73501943499,43.503232881886,4.15));
#12983=CARTESIAN_POINT('',(192.73501943499,43.503232881886,5.15));
#12984=CARTESIAN_POINT('Origin',(192.73501943499,43.503232881886,4.15));
#12985=CARTESIAN_POINT('Origin',(189.73501943499,43.503232881886,5.15));
#12986=CARTESIAN_POINT('Origin',(185.62251943499,40.503232881886,4.15));
#12987=CARTESIAN_POINT('',(185.58501943499,40.503232881886,5.15));
#12988=CARTESIAN_POINT('',(185.58501943499,41.503232881886,4.15));
#12989=CARTESIAN_POINT('Origin',(185.58501943499,40.503232881886,4.15));
#12990=CARTESIAN_POINT('',(185.62251943499,41.503232881886,4.15));
#12991=CARTESIAN_POINT('',(185.62251943499,40.503232881886,5.15));
#12992=CARTESIAN_POINT('Origin',(185.58501943499,43.503232881886,4.15));
#12993=CARTESIAN_POINT('',(182.611866095804,43.1027841065281,5.15));
#12994=CARTESIAN_POINT('',(184.399764227483,40.7472992663799,5.15));
#12995=CARTESIAN_POINT('Ctrl Pts',(184.399764227483,40.7472992663799,5.15));
#12996=CARTESIAN_POINT('Ctrl Pts',(184.248839523665,40.8609128876556,5.15));
#12997=CARTESIAN_POINT('Ctrl Pts',(184.103081445453,40.9829969865265,5.14703250201316));
#12998=CARTESIAN_POINT('Ctrl Pts',(183.751096849527,41.3111701927398,5.1387156821556));
#12999=CARTESIAN_POINT('Ctrl Pts',(183.553091777077,41.5276543691999,5.13341036366426));
#13000=CARTESIAN_POINT('Ctrl Pts',(183.197864204425,41.9868297373603,5.13248703992599));
#13001=CARTESIAN_POINT('Ctrl Pts',(183.040621716135,42.2268620423122,5.13660968456559));
#13002=CARTESIAN_POINT('Ctrl Pts',(182.792708300445,42.6807180657654,5.14568109852889));
#13003=CARTESIAN_POINT('Ctrl Pts',(182.695576003798,42.8888679286776,5.15));
#13004=CARTESIAN_POINT('Ctrl Pts',(182.611866095804,43.1027841065281,5.15));
#13005=CARTESIAN_POINT('',(182.58501943499,43.503232881886,5.15));
#13006=CARTESIAN_POINT('Origin',(185.58501943499,43.503232881886,5.15));
#13007=CARTESIAN_POINT('',(183.58501943499,43.503232881886,4.15));
#13008=CARTESIAN_POINT('Origin',(182.58501943499,43.503232881886,4.15));
#13009=CARTESIAN_POINT('Origin',(185.58501943499,43.503232881886,4.15));
#13010=CARTESIAN_POINT('Origin',(185.58501943499,43.503232881886,5.15));
#13011=CARTESIAN_POINT('Origin',(182.58501943499,46.865732881886,4.15));
#13012=CARTESIAN_POINT('',(182.58501943499,46.653232881886,5.15));
#13013=CARTESIAN_POINT('',(183.58501943499,46.653232881886,4.15));
#13014=CARTESIAN_POINT('Origin',(182.58501943499,46.653232881886,4.15));
#13015=CARTESIAN_POINT('',(183.58501943499,46.865732881886,4.15));
#13016=CARTESIAN_POINT('',(182.58501943499,46.865732881886,5.15));
#13017=CARTESIAN_POINT('Origin',(185.58501943499,46.653232881886,4.15));
#13018=CARTESIAN_POINT('',(184.399764227483,49.4091664973921,5.15));
#13019=CARTESIAN_POINT('',(182.611866095804,47.0536816572438,5.15));
#13020=CARTESIAN_POINT('Ctrl Pts',(182.611866095804,47.0536816572438,5.15));
#13021=CARTESIAN_POINT('Ctrl Pts',(182.680706684877,47.2296000885062,5.15));
#13022=CARTESIAN_POINT('Ctrl Pts',(182.75909514662,47.4028201613236,5.14703250201316));
#13023=CARTESIAN_POINT('Ctrl Pts',(182.98052085766,47.8300922801604,5.13871568215561));
#13024=CARTESIAN_POINT('Ctrl Pts',(183.135781191595,48.0790212581434,5.13341036366426));
#13025=CARTESIAN_POINT('Ctrl Pts',(183.482510928939,48.5446467904531,5.13248703992599));
#13026=CARTESIAN_POINT('Ctrl Pts',(183.671414021532,48.7606475523795,5.13660968456557));
#13027=CARTESIAN_POINT('Ctrl Pts',(184.041879956278,49.1214817842618,5.14568109852888));
#13028=CARTESIAN_POINT('Ctrl Pts',(184.216240332049,49.2710127437422,5.15));
#13029=CARTESIAN_POINT('Ctrl Pts',(184.399764227483,49.4091664973921,5.15));
#13030=CARTESIAN_POINT('',(185.58501943499,49.653232881886,5.15));
#13031=CARTESIAN_POINT('Origin',(185.58501943499,46.653232881886,5.15));
#13032=CARTESIAN_POINT('',(185.58501943499,48.653232881886,4.15));
#13033=CARTESIAN_POINT('Origin',(185.58501943499,49.653232881886,4.15));
#13034=CARTESIAN_POINT('Origin',(185.58501943499,46.653232881886,4.15));
#13035=CARTESIAN_POINT('Origin',(185.58501943499,46.653232881886,5.15));
#13036=CARTESIAN_POINT('Origin',(189.69751943499,49.653232881886,4.15));
#13037=CARTESIAN_POINT('',(189.73501943499,49.653232881886,5.15));
#13038=CARTESIAN_POINT('',(189.73501943499,48.653232881886,4.15));
#13039=CARTESIAN_POINT('Origin',(189.73501943499,49.653232881886,4.15));
#13040=CARTESIAN_POINT('',(189.69751943499,48.653232881886,4.15));
#13041=CARTESIAN_POINT('',(189.69751943499,49.653232881886,5.15));
#13042=CARTESIAN_POINT('Origin',(189.73501943499,46.653232881886,4.15));
#13043=CARTESIAN_POINT('',(192.708172774177,47.0536816572438,5.15));
#13044=CARTESIAN_POINT('',(190.920274642498,49.409166497392,5.15));
#13045=CARTESIAN_POINT('Ctrl Pts',(190.920274642498,49.4091664973921,5.15));
#13046=CARTESIAN_POINT('Ctrl Pts',(191.12932231373,49.2517988673935,5.15));
#13047=CARTESIAN_POINT('Ctrl Pts',(191.328214171399,49.0783796065262,5.14440079066764));
#13048=CARTESIAN_POINT('Ctrl Pts',(191.711954730354,48.6902344907178,5.13512861480281));
#13049=CARTESIAN_POINT('Ctrl Pts',(191.894581157256,48.4746669623785,5.13195414924004));
#13050=CARTESIAN_POINT('Ctrl Pts',(192.235065862972,48.0012920321046,5.13452705183127));
#13051=CARTESIAN_POINT('Ctrl Pts',(192.389947102438,47.7436651307949,5.14074331493808));
#13052=CARTESIAN_POINT('Ctrl Pts',(192.590570706684,47.3364121084814,5.14804810401748));
#13053=CARTESIAN_POINT('Ctrl Pts',(192.652392369829,47.1962254872737,5.15));
#13054=CARTESIAN_POINT('Ctrl Pts',(192.708172774176,47.0536816572438,5.15));
#13055=CARTESIAN_POINT('',(192.73501943499,46.653232881886,5.15));
#13056=CARTESIAN_POINT('Origin',(189.73501943499,46.653232881886,5.15));
#13057=CARTESIAN_POINT('',(191.73501943499,46.653232881886,4.15));
#13058=CARTESIAN_POINT('Origin',(192.73501943499,46.653232881886,4.15));
#13059=CARTESIAN_POINT('Origin',(189.73501943499,46.653232881886,4.15));
#13060=CARTESIAN_POINT('Origin',(189.73501943499,46.653232881886,5.15));
#13061=CARTESIAN_POINT('Origin',(192.73501943499,43.290732881886,4.15));
#13062=CARTESIAN_POINT('',(192.73501943499,43.290732881886,5.15));
#13063=CARTESIAN_POINT('',(191.73501943499,43.290732881886,4.15));
#13064=CARTESIAN_POINT('Origin',(187.66001943499,45.078232881886,5.15));
#13065=CARTESIAN_POINT('Origin',(187.66001943499,45.078232881886,5.15));
#13066=CARTESIAN_POINT('Origin',(187.66001943499,45.078232881886,5.15));
#13067=CARTESIAN_POINT('Origin',(187.66001943499,45.078232881886,5.15));
#13068=CARTESIAN_POINT('Origin',(187.66001943499,45.078232881886,5.15));
#13069=CARTESIAN_POINT('',(193.08092803042,45.078232881886,5.15));
#13070=CARTESIAN_POINT('Origin',(187.66001943499,45.078232881886,5.15));
#13071=CARTESIAN_POINT('Origin',(187.66001943499,45.078232881886,5.15));
#13072=CARTESIAN_POINT('Origin',(191.73501943499,48.653232881886,0.));
#13073=CARTESIAN_POINT('',(189.73501943499,48.653232881886,0.));
#13074=CARTESIAN_POINT('',(189.73501943499,48.653232881886,0.));
#13075=CARTESIAN_POINT('',(185.58501943499,48.653232881886,0.));
#13076=CARTESIAN_POINT('',(183.58501943499,48.653232881886,0.));
#13077=CARTESIAN_POINT('',(185.58501943499,48.653232881886,0.));
#13078=CARTESIAN_POINT('Origin',(189.73501943499,46.653232881886,0.));
#13079=CARTESIAN_POINT('',(191.73501943499,46.653232881886,0.));
#13080=CARTESIAN_POINT('',(191.73501943499,46.653232881886,0.));
#13081=CARTESIAN_POINT('Origin',(189.73501943499,46.653232881886,0.));
#13082=CARTESIAN_POINT('Origin',(191.73501943499,41.503232881886,0.));
#13083=CARTESIAN_POINT('',(191.73501943499,43.503232881886,0.));
#13084=CARTESIAN_POINT('',(191.73501943499,43.503232881886,0.));
#13085=CARTESIAN_POINT('',(191.73501943499,48.653232881886,0.));
#13086=CARTESIAN_POINT('Origin',(189.73501943499,43.503232881886,0.));
#13087=CARTESIAN_POINT('',(189.73501943499,41.503232881886,0.));
#13088=CARTESIAN_POINT('',(189.73501943499,41.503232881886,0.));
#13089=CARTESIAN_POINT('Origin',(189.73501943499,43.503232881886,0.));
#13090=CARTESIAN_POINT('Origin',(187.66001943499,45.078232881886,5.15));
#13091=CARTESIAN_POINT('',(189.73501943499,46.653232881886,5.15));
#13092=CARTESIAN_POINT('',(189.73501943499,43.503232881886,5.15));
#13093=CARTESIAN_POINT('',(189.73501943499,46.653232881886,5.15));
#13094=CARTESIAN_POINT('',(185.58501943499,43.503232881886,5.15));
#13095=CARTESIAN_POINT('',(189.73501943499,43.503232881886,5.15));
#13096=CARTESIAN_POINT('',(185.58501943499,46.653232881886,5.15));
#13097=CARTESIAN_POINT('',(185.58501943499,43.503232881886,5.15));
#13098=CARTESIAN_POINT('',(185.58501943499,46.653232881886,5.15));
#13099=CARTESIAN_POINT('Origin',(187.66001943499,45.078232881886,5.15));
#13100=CARTESIAN_POINT('Origin',(187.66001943499,45.078232881886,5.15));
#13101=CARTESIAN_POINT('Origin',(187.66001943499,45.078232881886,8.65));
#13102=CARTESIAN_POINT('',(182.739110839561,45.078232881886,9.15));
#13103=CARTESIAN_POINT('Origin',(187.66001943499,45.078232881886,9.15));
#13104=CARTESIAN_POINT('',(182.239110839561,45.078232881886,8.65));
#13105=CARTESIAN_POINT('Origin',(182.739110839561,45.078232881886,8.65));
#13106=CARTESIAN_POINT('',(193.08092803042,45.078232881886,8.65));
#13107=CARTESIAN_POINT('Origin',(187.66001943499,45.078232881886,8.65));
#13108=CARTESIAN_POINT('Origin',(187.66001943499,45.078232881886,8.65));
#13109=CARTESIAN_POINT('Origin',(187.66001943499,45.078232881886,9.15));
#13110=CARTESIAN_POINT('',(191.58092803042,45.078232881886,9.15));
#13111=CARTESIAN_POINT('Origin',(187.66001943499,45.078232881886,9.15));
#13112=CARTESIAN_POINT('Origin',(187.66001943499,45.078232881886,5.15));
#13113=CARTESIAN_POINT('',(193.08092803042,45.078232881886,5.15));
#13114=CARTESIAN_POINT('Origin',(187.66001943499,45.078232881886,8.4));
#13115=CARTESIAN_POINT('',(190.58092803042,45.078232881886,8.15));
#13116=CARTESIAN_POINT('',(190.83092803042,45.078232881886,8.4));
#13117=CARTESIAN_POINT('Origin',(187.66001943499,45.078232881886,8.15));
#13118=CARTESIAN_POINT('Origin',(187.66001943499,45.078232881886,8.15));
#13119=CARTESIAN_POINT('Origin',(185.58501943499,46.653232881886,0.));
#13120=CARTESIAN_POINT('',(183.58501943499,46.653232881886,0.));
#13121=CARTESIAN_POINT('Origin',(185.58501943499,46.653232881886,0.));
#13122=CARTESIAN_POINT('',(183.58501943499,46.653232881886,0.));
#13123=CARTESIAN_POINT('Origin',(183.58501943499,48.653232881886,0.));
#13124=CARTESIAN_POINT('',(183.58501943499,43.503232881886,0.));
#13125=CARTESIAN_POINT('',(183.58501943499,41.503232881886,0.));
#13126=CARTESIAN_POINT('',(183.58501943499,43.503232881886,0.));
#13127=CARTESIAN_POINT('Origin',(187.66001943499,45.078232881886,0.));
#13128=CARTESIAN_POINT('',(185.58501943499,41.503232881886,0.));
#13129=CARTESIAN_POINT('',(191.73501943499,41.503232881886,0.));
#13130=CARTESIAN_POINT('Origin',(185.58501943499,43.503232881886,0.));
#13131=CARTESIAN_POINT('',(189.73501943499,43.503232881886,0.));
#13132=CARTESIAN_POINT('',(185.58501943499,43.503232881886,0.));
#13133=CARTESIAN_POINT('',(189.73501943499,43.503232881886,0.));
#13134=CARTESIAN_POINT('',(189.73501943499,46.653232881886,0.));
#13135=CARTESIAN_POINT('',(189.73501943499,46.653232881886,0.));
#13136=CARTESIAN_POINT('',(185.58501943499,46.653232881886,0.));
#13137=CARTESIAN_POINT('',(185.58501943499,46.653232881886,0.));
#13138=CARTESIAN_POINT('',(185.58501943499,43.503232881886,0.));
#13139=CARTESIAN_POINT('Origin',(185.58501943499,43.503232881886,0.));
#13140=CARTESIAN_POINT('',(185.58501943499,41.503232881886,0.));
#13141=CARTESIAN_POINT('Origin',(189.73501943499,46.653232881886,0.));
#13142=CARTESIAN_POINT('',(189.73501943499,43.503232881886,0.));
#13143=CARTESIAN_POINT('',(189.73501943499,46.653232881886,0.));
#13144=CARTESIAN_POINT('Origin',(185.58501943499,46.653232881886,0.));
#13145=CARTESIAN_POINT('',(185.58501943499,46.653232881886,0.));
#13146=CARTESIAN_POINT('Origin',(185.58501943499,43.503232881886,0.));
#13147=CARTESIAN_POINT('',(185.58501943499,43.503232881886,0.));
#13148=CARTESIAN_POINT('Origin',(189.73501943499,43.503232881886,0.));
#13149=CARTESIAN_POINT('Origin',(183.58501943499,41.503232881886,0.));
#13150=CARTESIAN_POINT('Origin',(173.53656590784,54.8423500966253,0.));
#13151=CARTESIAN_POINT('',(166.93656590784,54.8423500966253,2.));
#13152=CARTESIAN_POINT('Origin',(173.53656590784,54.8423500966253,2.));
#13153=CARTESIAN_POINT('',(166.93656590784,54.8423500966253,0.));
#13154=CARTESIAN_POINT('',(166.93656590784,54.8423500966253,0.));
#13155=CARTESIAN_POINT('Origin',(173.53656590784,54.8423500966253,0.));
#13156=CARTESIAN_POINT('Origin',(173.53656590784,54.8423500966253,0.));
#13157=CARTESIAN_POINT('',(164.93656590784,54.8423500966253,2.));
#13158=CARTESIAN_POINT('Origin',(173.53656590784,54.8423500966253,2.));
#13159=CARTESIAN_POINT('',(164.93656590784,54.8423500966253,0.));
#13160=CARTESIAN_POINT('',(164.93656590784,54.8423500966253,0.));
#13161=CARTESIAN_POINT('Origin',(173.53656590784,54.8423500966253,0.));
#13162=CARTESIAN_POINT('Origin',(173.53656590784,54.8423500966253,2.));
#13163=CARTESIAN_POINT('Origin',(173.53656590784,54.8423500966253,0.));
#13164=CARTESIAN_POINT('Origin',(207.097416426199,27.759059829851,0.));
#13165=CARTESIAN_POINT('',(207.097416426199,27.759059829851,0.));
#13166=CARTESIAN_POINT('',(207.097416426199,18.559059829851,0.));
#13167=CARTESIAN_POINT('',(207.097416426199,27.759059829851,0.));
#13168=CARTESIAN_POINT('',(207.097416426199,18.559059829851,2.));
#13169=CARTESIAN_POINT('',(207.097416426199,18.559059829851,0.));
#13170=CARTESIAN_POINT('',(207.097416426199,27.759059829851,2.));
#13171=CARTESIAN_POINT('',(207.097416426199,27.759059829851,2.));
#13172=CARTESIAN_POINT('',(207.097416426199,27.759059829851,0.));
#13173=CARTESIAN_POINT('Origin',(192.897416426199,27.759059829851,0.));
#13174=CARTESIAN_POINT('',(192.897416426199,27.759059829851,0.));
#13175=CARTESIAN_POINT('',(192.897416426199,27.759059829851,0.));
#13176=CARTESIAN_POINT('',(192.897416426199,27.759059829851,2.));
#13177=CARTESIAN_POINT('',(192.897416426199,27.759059829851,2.));
#13178=CARTESIAN_POINT('',(192.897416426199,27.759059829851,0.));
#13179=CARTESIAN_POINT('Origin',(192.897416426199,18.559059829851,0.));
#13180=CARTESIAN_POINT('',(192.897416426199,18.559059829851,0.));
#13181=CARTESIAN_POINT('',(192.897416426199,18.559059829851,0.));
#13182=CARTESIAN_POINT('',(192.897416426199,18.559059829851,2.));
#13183=CARTESIAN_POINT('',(192.897416426199,18.559059829851,2.));
#13184=CARTESIAN_POINT('',(192.897416426199,18.559059829851,0.));
#13185=CARTESIAN_POINT('Origin',(207.097416426199,18.559059829851,0.));
#13186=CARTESIAN_POINT('',(207.097416426199,18.559059829851,0.));
#13187=CARTESIAN_POINT('',(207.097416426199,18.559059829851,2.));
#13188=CARTESIAN_POINT('Origin',(190.897416426199,29.759059829851,0.));
#13189=CARTESIAN_POINT('',(190.897416426199,16.559059829851,0.));
#13190=CARTESIAN_POINT('',(190.897416426199,29.759059829851,0.));
#13191=CARTESIAN_POINT('',(190.897416426199,16.559059829851,0.));
#13192=CARTESIAN_POINT('',(190.897416426199,16.559059829851,2.));
#13193=CARTESIAN_POINT('',(190.897416426199,16.559059829851,0.));
#13194=CARTESIAN_POINT('',(190.897416426199,29.759059829851,2.));
#13195=CARTESIAN_POINT('',(190.897416426199,16.559059829851,2.));
#13196=CARTESIAN_POINT('',(190.897416426199,29.759059829851,0.));
#13197=CARTESIAN_POINT('Origin',(209.097416426199,29.759059829851,0.));
#13198=CARTESIAN_POINT('',(209.097416426199,29.759059829851,0.));
#13199=CARTESIAN_POINT('',(190.897416426199,29.759059829851,0.));
#13200=CARTESIAN_POINT('',(209.097416426199,29.759059829851,2.));
#13201=CARTESIAN_POINT('',(190.897416426199,29.759059829851,2.));
#13202=CARTESIAN_POINT('',(209.097416426199,29.759059829851,0.));
#13203=CARTESIAN_POINT('Origin',(209.097416426199,16.559059829851,0.));
#13204=CARTESIAN_POINT('',(209.097416426199,16.559059829851,0.));
#13205=CARTESIAN_POINT('',(209.097416426199,29.759059829851,0.));
#13206=CARTESIAN_POINT('',(209.097416426199,16.559059829851,2.));
#13207=CARTESIAN_POINT('',(209.097416426199,29.759059829851,2.));
#13208=CARTESIAN_POINT('',(209.097416426199,16.559059829851,0.));
#13209=CARTESIAN_POINT('Origin',(190.897416426199,16.559059829851,0.));
#13210=CARTESIAN_POINT('',(209.097416426199,16.559059829851,0.));
#13211=CARTESIAN_POINT('',(209.097416426199,16.559059829851,2.));
#13212=CARTESIAN_POINT('Origin',(199.997416426199,23.159059829851,2.));
#13213=CARTESIAN_POINT('Origin',(199.997416426199,23.159059829851,0.));
#13214=UNCERTAINTY_MEASURE_WITH_UNIT(LENGTH_MEASURE(0.01),#13218,
'DISTANCE_ACCURACY_VALUE',
'Maximum model space distance between geometric entities at asserted c
onnectivities');
#13215=UNCERTAINTY_MEASURE_WITH_UNIT(LENGTH_MEASURE(0.01),#13218,
'DISTANCE_ACCURACY_VALUE',
'Maximum model space distance between geometric entities at asserted c
onnectivities');
#13216=(
GEOMETRIC_REPRESENTATION_CONTEXT(3)
GLOBAL_UNCERTAINTY_ASSIGNED_CONTEXT((#13214))
GLOBAL_UNIT_ASSIGNED_CONTEXT((#13218,#13219,#13220))
REPRESENTATION_CONTEXT('','3D')
);
#13217=(
GEOMETRIC_REPRESENTATION_CONTEXT(3)
GLOBAL_UNCERTAINTY_ASSIGNED_CONTEXT((#13215))
GLOBAL_UNIT_ASSIGNED_CONTEXT((#13218,#13219,#13220))
REPRESENTATION_CONTEXT('','3D')
);
#13218=(
LENGTH_UNIT()
NAMED_UNIT(*)
SI_UNIT(.MILLI.,.METRE.)
);
#13219=(
NAMED_UNIT(*)
PLANE_ANGLE_UNIT()
SI_UNIT($,.RADIAN.)
);
#13220=(
NAMED_UNIT(*)
SI_UNIT($,.STERADIAN.)
SOLID_ANGLE_UNIT()
);
#13221=SHAPE_DEFINITION_REPRESENTATION(#13222,#13223);
#13222=PRODUCT_DEFINITION_SHAPE('',$,#13225);
#13223=SHAPE_REPRESENTATION('',(#7794),#13216);
#13224=PRODUCT_DEFINITION_CONTEXT('part definition',#13229,'design');
#13225=PRODUCT_DEFINITION('Transmitter','Transmitter v9',#13226,#13224);
#13226=PRODUCT_DEFINITION_FORMATION('',$,#13231);
#13227=PRODUCT_RELATED_PRODUCT_CATEGORY('Transmitter v9',
'Transmitter v9',(#13231));
#13228=APPLICATION_PROTOCOL_DEFINITION('international standard',
'automotive_design',2009,#13229);
#13229=APPLICATION_CONTEXT(
'Core Data for Automotive Mechanical Design Process');
#13230=PRODUCT_CONTEXT('part definition',#13229,'mechanical');
#13231=PRODUCT('Transmitter','Transmitter v9',$,(#13230));
#13232=PRESENTATION_STYLE_ASSIGNMENT((#13233));
#13233=SURFACE_STYLE_USAGE(.BOTH.,#13234);
#13234=SURFACE_SIDE_STYLE('',(#13235));
#13235=SURFACE_STYLE_FILL_AREA(#13236);
#13236=FILL_AREA_STYLE('Steel - Satin',(#13237));
#13237=FILL_AREA_STYLE_COLOUR('Steel - Satin',#13238);
#13238=COLOUR_RGB('Steel - Satin',0.627450980392157,0.627450980392157,0.627450980392157);
ENDSEC;
END-ISO-10303-21;
